,kappa,f1
0,0.32889951290200625,0.32954545454545453
1,0.32889951290200625,0.32954545454545453
2,0.32889951290200625,0.32954545454545453
3,0.32889951290200625,0.32954545454545453
4,0.32889951290200625,0.32954545454545453
5,0.30971913537281404,0.3103448275862069
6,0.2900949313305763,0.29069767441860467
7,0.32889951290200625,0.32954545454545453
8,0.32889951290200625,0.32954545454545453
9,0.32889951290200625,0.32954545454545453
10,0.32889951290200625,0.32954545454545453
11,0.32889951290200625,0.32954545454545453
12,0.32889951290200625,0.32954545454545453
13,0.32889951290200625,0.32954545454545453
14,0.32889951290200625,0.32954545454545453
15,0.32889951290200625,0.32954545454545453
16,0.32889951290200625,0.32954545454545453
17,0.29996346893813697,0.30057803468208094
18,0.30971913537281404,0.3103448275862069
19,0.29996346893813697,0.30057803468208094
20,0.2900949313305763,0.29069767441860467
21,0.2900949313305763,0.29069767441860467
22,0.32889951290200625,0.32954545454545453
23,0.3193638560657528,0.32
24,0.32889951290200625,0.32954545454545453
25,0.29996346893813697,0.30057803468208094
26,0.3193638560657528,0.32
27,0.3193638560657528,0.32
28,0.32889951290200625,0.32954545454545453
29,0.32889951290200625,0.32954545454545453
30,0.32889951290200625,0.32954545454545453
31,0.32889951290200625,0.32954545454545453
32,0.3193638560657528,0.32
33,0.3193638560657528,0.32
34,0.32889951290200625,0.32954545454545453
35,0.2900949313305763,0.29069767441860467
36,0.30971913537281404,0.3103448275862069
37,0.32889951290200625,0.32954545454545453
38,0.32889951290200625,0.32954545454545453
39,0.29996346893813697,0.30057803468208094
40,0.3193638560657528,0.32
41,0.32889951290200625,0.32954545454545453
42,0.2900949313305763,0.29069767441860467
43,0.3193638560657528,0.32
44,0.3193638560657528,0.32
45,0.3193638560657528,0.32
46,0.32889951290200625,0.32954545454545453
47,0.32889951290200625,0.32954545454545453
48,0.2389885739526123,0.23952095808383236
49,0.32889951290200625,0.32954545454545453
50,0.32889951290200625,0.32954545454545453
51,0.29996346893813697,0.30057803468208094
52,0.2900949313305763,0.29069767441860467
53,0.30971913537281404,0.3103448275862069
54,0.30971913537281404,0.3103448275862069
55,0.30971913537281404,0.3103448275862069
56,0.3193638560657528,0.32
57,0.30971913537281404,0.3103448275862069
58,0.32889951290200625,0.32954545454545453
59,0.2900949313305763,0.29069767441860467
60,0.29996346893813697,0.30057803468208094
61,0.3193638560657528,0.32
62,0.2801115523060167,0.2807017543859649
63,0.29996346893813697,0.30057803468208094
64,0.2801115523060167,0.2807017543859649
65,0.3193638560657528,0.32
66,0.32889951290200625,0.32954545454545453
67,0.265250913678871,0.26589595375722547
68,0.31570667862227364,0.3163841807909605
69,0.2850460672959588,0.28571428571428564
70,0.25518156729765384,0.2558139534883721
71,0.2752050921414547,0.27586206896551724
72,0.25518156729765384,0.2558139534883721
73,0.2850460672959588,0.28571428571428564
74,0.2850460672959588,0.28571428571428564
75,0.265250913678871,0.26589595375722547
76,0.3233156978562084,0.3240223463687151
77,0.2850460672959588,0.28571428571428564
78,0.2850460672959588,0.28571428571428564
79,0.265250913678871,0.26589595375722547
80,0.3326186133504123,0.33333333333333337
81,0.3326186133504123,0.33333333333333337
82,0.3233156978562084,0.3240223463687151
83,0.3139087599861715,0.3146067415730337
84,0.2850460672959588,0.28571428571428564
85,0.3233156978562084,0.3240223463687151
86,0.3326186133504123,0.33333333333333337
87,0.2449950426624078,0.2456140350877193
88,0.2947757593207523,0.29545454545454547
89,0.3233156978562084,0.3240223463687151
90,0.3139087599861715,0.3146067415730337
91,0.3233156978562084,0.3240223463687151
92,0.3326186133504123,0.33333333333333337
93,0.2850460672959588,0.28571428571428564
94,0.3233156978562084,0.3240223463687151
95,0.2947757593207523,0.29545454545454547
96,0.2947757593207523,0.29545454545454547
97,0.2850460672959588,0.28571428571428564
98,0.234689282374846,0.23529411764705885
99,0.30439604521107155,0.30508474576271183
100,0.2947757593207523,0.29545454545454547
101,0.3326186133504123,0.33333333333333337
102,0.2850460672959588,0.28571428571428564
103,0.30439604521107155,0.30508474576271183
104,0.30439604521107155,0.30508474576271183
105,0.3233156978562084,0.3240223463687151
106,0.2752050921414547,0.27586206896551724
107,0.3345005623544528,0.335195530726257
108,0.3437416364612388,0.34444444444444444
109,0.3061503438478369,0.3068181818181818
110,0.2850460672959588,0.28571428571428564
111,0.2947757593207523,0.29545454545454547
112,0.3251561573634474,0.32584269662921345
113,0.2964853302192235,0.29714285714285715
114,0.30439604521107155,0.30508474576271183
115,0.31570667862227364,0.3163841807909605
116,0.31570667862227364,0.3163841807909605
117,0.31570667862227364,0.3163841807909605
118,0.3061503438478369,0.3068181818181818
119,0.3345005623544528,0.335195530726257
120,0.31570667862227364,0.3163841807909605
121,0.3971110322512057,0.3978494623655914
122,0.3528810842163078,0.35359116022099446
123,0.3345005623544528,0.335195530726257
124,0.3061503438478369,0.3068181818181818
125,0.31570667862227364,0.3163841807909605
126,0.37970616146740666,0.3804347826086956
127,0.37086173338872586,0.3715846994535519
128,0.30439604521107155,0.30508474576271183
129,0.30439604521107155,0.30508474576271183
130,0.2947757593207523,0.29545454545454547
131,0.2964853302192235,0.29714285714285715
132,0.3233156978562084,0.3240223463687151
133,0.3863451578271201,0.3870967741935484
134,0.36192057286685897,0.3626373626373626
135,0.3688238134229752,0.3695652173913044
136,0.2947757593207523,0.29545454545454547
137,0.3863451578271201,0.3870967741935484
138,0.3688238134229752,0.3695652173913044
139,0.3528810842163078,0.35359116022099446
140,0.2964853302192235,0.29714285714285715
141,0.2964853302192235,0.29714285714285715
142,0.2850460672959588,0.28571428571428564
143,0.3061503438478369,0.3068181818181818
144,0.2964853302192235,0.29714285714285715
145,0.2964853302192235,0.29714285714285715
146,0.2947757593207523,0.29545454545454547
147,0.2964853302192235,0.29714285714285715
148,0.2947757593207523,0.29545454545454547
149,0.2947757593207523,0.29545454545454547
150,0.2947757593207523,0.29545454545454547
151,0.3061503438478369,0.3068181818181818
152,0.3528810842163078,0.35359116022099446
153,0.2964853302192235,0.29714285714285715
154,0.4308264934097783,0.431578947368421
155,0.4471597791946844,0.44791666666666663
156,0.43903570110876,0.4397905759162304
157,0.42253081098127987,0.4232804232804233
158,0.4471597791946844,0.44791666666666663
159,0.3884554184474248,0.38918918918918916
160,0.414147280218193,0.41489361702127664
161,0.4471597791946844,0.44791666666666663
162,0.4308264934097783,0.431578947368421
163,0.5041618680477494,0.504950495049505
164,0.3688238134229752,0.3695652173913044
165,0.43903570110876,0.4397905759162304
166,0.4308264934097783,0.431578947368421
167,0.4308264934097783,0.431578947368421
168,0.4471597791946844,0.44791666666666663
169,0.4308264934097783,0.431578947368421
170,0.3971110322512057,0.3978494623655914
171,0.4471597791946844,0.44791666666666663
172,0.3437416364612388,0.34444444444444444
173,0.3061503438478369,0.3068181818181818
174,0.3326186133504123,0.33333333333333337
175,0.3251561573634474,0.32584269662921345
176,0.3884554184474248,0.38918918918918916
177,0.37086173338872586,0.3715846994535519
178,0.37970616146740666,0.3804347826086956
179,0.3971110322512057,0.3978494623655914
180,0.3251561573634474,0.32584269662921345
181,0.31570667862227364,0.3163841807909605
182,0.3061503438478369,0.3068181818181818
183,0.3061503438478369,0.3068181818181818
184,0.2964853302192235,0.29714285714285715
185,0.3437416364612388,0.34444444444444444
186,0.3528810842163078,0.35359116022099446
187,0.3971110322512057,0.3978494623655914
188,0.3345005623544528,0.335195530726257
189,0.4308264934097783,0.431578947368421
190,0.3971110322512057,0.3978494623655914
191,0.42253081098127987,0.4232804232804233
192,0.3884554184474248,0.38918918918918916
193,0.37086173338872586,0.3715846994535519
194,0.2964853302192235,0.29714285714285715
195,0.2964853302192235,0.29714285714285715
196,0.2964853302192235,0.29714285714285715
197,0.2964853302192235,0.29714285714285715
198,0.36192057286685897,0.3626373626373626
199,0.2964853302192235,0.29714285714285715
200,0.3528810842163078,0.35359116022099446
201,0.36192057286685897,0.3626373626373626
202,0.2964853302192235,0.29714285714285715
203,0.36192057286685897,0.3626373626373626
204,0.2964853302192235,0.29714285714285715
205,0.2947757593207523,0.29545454545454547
206,0.3251561573634474,0.32584269662921345
207,0.2964853302192235,0.29714285714285715
208,0.2964853302192235,0.29714285714285715
209,0.2947757593207523,0.29545454545454547
210,0.2947757593207523,0.29545454545454547
211,0.2947757593207523,0.29545454545454547
212,0.2964853302192235,0.29714285714285715
213,0.2964853302192235,0.29714285714285715
214,0.2964853302192235,0.29714285714285715
215,0.2867097732185745,0.28735632183908044
216,0.2947757593207523,0.29545454545454547
217,0.2850460672959588,0.28571428571428564
218,0.2964853302192235,0.29714285714285715
219,0.2964853302192235,0.29714285714285715
220,0.2947757593207523,0.29545454545454547
221,0.2947757593207523,0.29545454545454547
222,0.2850460672959588,0.28571428571428564
223,0.2850460672959588,0.28571428571428564
224,0.2947757593207523,0.29545454545454547
225,0.2947757593207523,0.29545454545454547
226,0.2947757593207523,0.29545454545454547
227,0.2964853302192235,0.29714285714285715
228,0.2867097732185745,0.28735632183908044
229,0.2964853302192235,0.29714285714285715
230,0.2947757593207523,0.29545454545454547
231,0.2850460672959588,0.28571428571428564
232,0.2947757593207523,0.29545454545454547
233,0.2947757593207523,0.29545454545454547
234,0.31570667862227364,0.3163841807909605
235,0.2867097732185745,0.28735632183908044
236,0.3251561573634474,0.32584269662921345
237,0.3251561573634474,0.32584269662921345
238,0.3345005623544528,0.335195530726257
239,0.3345005623544528,0.335195530726257
240,0.3251561573634474,0.32584269662921345
241,0.3345005623544528,0.335195530726257
242,0.35486465957206526,0.3555555555555555
243,0.363942946024576,0.36464088397790057
244,0.37086173338872586,0.3715846994535519
245,0.3251561573634474,0.32584269662921345
246,0.3251561573634474,0.32584269662921345
247,0.3437416364612388,0.34444444444444444
248,0.3456854268526973,0.3463687150837989
249,0.33640355474072325,0.33707865168539325
250,0.363942946024576,0.36464088397790057
251,0.3270173120334757,0.327683615819209
252,0.3884554184474248,0.38918918918918916
253,0.33640355474072325,0.33707865168539325
254,0.2867097732185745,0.28735632183908044
255,0.3270173120334757,0.327683615819209
256,0.3270173120334757,0.327683615819209
257,0.35486465957206526,0.3555555555555555
258,0.35486465957206526,0.3555555555555555
259,0.33640355474072325,0.33707865168539325
260,0.3270173120334757,0.327683615819209
261,0.3251561573634474,0.32584269662921345
262,0.3061503438478369,0.3068181818181818
263,0.33640355474072325,0.33707865168539325
264,0.3270173120334757,0.327683615819209
265,0.414147280218193,0.41489361702127664
266,0.3251561573634474,0.32584269662921345
267,0.33640355474072325,0.33707865168539325
268,0.3251561573634474,0.32584269662921345
269,0.3270173120334757,0.327683615819209
270,0.3175249283749215,0.3181818181818182
271,0.33640355474072325,0.33707865168539325
272,0.3175249283749215,0.3181818181818182
273,0.35486465957206526,0.3555555555555555
274,0.3270173120334757,0.327683615819209
275,0.31570667862227364,0.3163841807909605
276,0.3061503438478369,0.3068181818181818
277,0.3251561573634474,0.32584269662921345
278,0.3251561573634474,0.32584269662921345
279,0.3251561573634474,0.32584269662921345
280,0.3175249283749215,0.3181818181818182
281,0.3175249283749215,0.3181818181818182
282,0.33640355474072325,0.33707865168539325
283,0.3251561573634474,0.32584269662921345
284,0.3175249283749215,0.3181818181818182
285,0.3345005623544528,0.335195530726257
286,0.3175249283749215,0.3181818181818182
287,0.3528810842163078,0.35359116022099446
288,0.3079245931424881,0.30857142857142855
289,0.33640355474072325,0.33707865168539325
290,0.33640355474072325,0.33707865168539325
291,0.33640355474072325,0.33707865168539325
292,0.29821445429569426,0.29885057471264365
293,0.3270173120334757,0.327683615819209
294,0.33640355474072325,0.33707865168539325
295,0.3079245931424881,0.30857142857142855
296,0.33640355474072325,0.33707865168539325
297,0.3079245931424881,0.30857142857142855
298,0.33640355474072325,0.33707865168539325
299,0.3079245931424881,0.30857142857142855
300,0.3270173120334757,0.327683615819209
301,0.37292194230018905,0.37362637362637363
302,0.33640355474072325,0.33707865168539325
303,0.3270173120334757,0.327683615819209
304,0.3270173120334757,0.327683615819209
305,0.33640355474072325,0.33707865168539325
306,0.363942946024576,0.36464088397790057
307,0.33640355474072325,0.33707865168539325
308,0.3270173120334757,0.327683615819209
309,0.33640355474072325,0.33707865168539325
310,0.33640355474072325,0.33707865168539325
311,0.3270173120334757,0.327683615819209
312,0.3270173120334757,0.327683615819209
313,0.33640355474072325,0.33707865168539325
314,0.3270173120334757,0.327683615819209
315,0.33640355474072325,0.33707865168539325
316,0.3270173120334757,0.327683615819209
317,0.33640355474072325,0.33707865168539325
318,0.33640355474072325,0.33707865168539325
319,0.3175249283749215,0.3181818181818182
320,0.33640355474072325,0.33707865168539325
321,0.33640355474072325,0.33707865168539325
322,0.33640355474072325,0.33707865168539325
323,0.3818032684602263,0.3825136612021858
324,0.33640355474072325,0.33707865168539325
325,0.3079245931424881,0.30857142857142855
326,0.3079245931424881,0.30857142857142855
327,0.33640355474072325,0.33707865168539325
328,0.33640355474072325,0.33707865168539325
329,0.3079245931424881,0.30857142857142855
330,0.29821445429569426,0.29885057471264365
331,0.3270173120334757,0.327683615819209
332,0.3270173120334757,0.327683615819209
333,0.3270173120334757,0.327683615819209
334,0.3818032684602263,0.3825136612021858
335,0.3270173120334757,0.327683615819209
336,0.33640355474072325,0.33707865168539325
337,0.33640355474072325,0.33707865168539325
338,0.33640355474072325,0.33707865168539325
339,0.3456854268526973,0.3463687150837989
340,0.3270173120334757,0.327683615819209
341,0.33640355474072325,0.33707865168539325
342,0.33640355474072325,0.33707865168539325
343,0.29821445429569426,0.29885057471264365
344,0.3905885095118382,0.391304347826087
345,0.363942946024576,0.36464088397790057
346,0.3270173120334757,0.327683615819209
347,0.33640355474072325,0.33707865168539325
348,0.33640355474072325,0.33707865168539325
349,0.3456854268526973,0.3463687150837989
350,0.35486465957206526,0.3555555555555555
351,0.35486465957206526,0.3555555555555555
352,0.3270173120334757,0.327683615819209
353,0.3270173120334757,0.327683615819209
354,0.33640355474072325,0.33707865168539325
355,0.33640355474072325,0.33707865168539325
356,0.3270173120334757,0.327683615819209
357,0.3270173120334757,0.327683615819209
358,0.3270173120334757,0.327683615819209
359,0.37292194230018905,0.37362637362637363
360,0.35486465957206526,0.3555555555555555
361,0.4247991478505895,0.425531914893617
362,0.3270173120334757,0.327683615819209
363,0.3175249283749215,0.3181818181818182
364,0.3270173120334757,0.327683615819209
365,0.3175249283749215,0.3181818181818182
366,0.3175249283749215,0.3181818181818182
367,0.3175249283749215,0.3181818181818182
368,0.3270173120334757,0.327683615819209
369,0.3270173120334757,0.327683615819209
370,0.3905885095118382,0.391304347826087
371,0.3270173120334757,0.327683615819209
372,0.3270173120334757,0.327683615819209
373,0.3528810842163078,0.35359116022099446
374,0.3905885095118382,0.391304347826087
375,0.3175249283749215,0.3181818181818182
376,0.3270173120334757,0.327683615819209
377,0.3175249283749215,0.3181818181818182
378,0.3270173120334757,0.327683615819209
379,0.3270173120334757,0.327683615819209
380,0.3456854268526973,0.3463687150837989
381,0.363942946024576,0.36464088397790057
382,0.35486465957206526,0.3555555555555555
383,0.3345005623544528,0.335195530726257
384,0.3456854268526973,0.3463687150837989
385,0.3456854268526973,0.3463687150837989
386,0.35486465957206526,0.3555555555555555
387,0.3456854268526973,0.3463687150837989
388,0.3270173120334757,0.327683615819209
389,0.3905885095118382,0.391304347826087
390,0.3251561573634474,0.32584269662921345
391,0.33640355474072325,0.33707865168539325
392,0.33640355474072325,0.33707865168539325
393,0.33640355474072325,0.33707865168539325
394,0.3270173120334757,0.327683615819209
395,0.3818032684602263,0.3825136612021858
396,0.33640355474072325,0.33707865168539325
397,0.3270173120334757,0.327683615819209
398,0.3345005623544528,0.335195530726257
399,0.3270173120334757,0.327683615819209
400,0.363942946024576,0.36464088397790057
401,0.37292194230018905,0.37362637362637363
402,0.3270173120334757,0.327683615819209
403,0.3175249283749215,0.3181818181818182
404,0.3270173120334757,0.327683615819209
405,0.3175249283749215,0.3181818181818182
406,0.3175249283749215,0.3181818181818182
407,0.3270173120334757,0.327683615819209
408,0.3270173120334757,0.327683615819209
409,0.4247991478505895,0.425531914893617
410,0.3270173120334757,0.327683615819209
411,0.363942946024576,0.36464088397790057
412,0.3270173120334757,0.327683615819209
413,0.33640355474072325,0.33707865168539325
414,0.3270173120334757,0.327683615819209
415,0.33640355474072325,0.33707865168539325
416,0.3270173120334757,0.327683615819209
417,0.3456854268526973,0.3463687150837989
418,0.3270173120334757,0.327683615819209
419,0.3270173120334757,0.327683615819209
420,0.3270173120334757,0.327683615819209
421,0.3270173120334757,0.327683615819209
422,0.33640355474072325,0.33707865168539325
423,0.33640355474072325,0.33707865168539325
424,0.3270173120334757,0.327683615819209
425,0.33640355474072325,0.33707865168539325
426,0.33640355474072325,0.33707865168539325
427,0.4247991478505895,0.425531914893617
428,0.33640355474072325,0.33707865168539325
429,0.4331265759174032,0.4338624338624338
430,0.3175249283749215,0.3181818181818182
431,0.3270173120334757,0.327683615819209
432,0.33640355474072325,0.33707865168539325
433,0.33640355474072325,0.33707865168539325
434,0.3270173120334757,0.327683615819209
435,0.33640355474072325,0.33707865168539325
436,0.3456854268526973,0.3463687150837989
437,0.3456854268526973,0.3463687150837989
438,0.33640355474072325,0.33707865168539325
439,0.33640355474072325,0.33707865168539325
440,0.3270173120334757,0.327683615819209
441,0.4163830658673715,0.41711229946524064
442,0.33640355474072325,0.33707865168539325
443,0.3905885095118382,0.391304347826087
444,0.35486465957206526,0.3555555555555555
445,0.35486465957206526,0.3555555555555555
446,0.37292194230018905,0.37362637362637363
447,0.3270173120334757,0.327683615819209
448,0.37292194230018905,0.37362637362637363
449,0.363942946024576,0.36464088397790057
450,0.39927921635101016,0.4
451,0.35486465957206526,0.3555555555555555
452,0.3270173120334757,0.327683615819209
453,0.3456854268526973,0.3463687150837989
454,0.35486465957206526,0.3555555555555555
455,0.4331265759174032,0.4338624338624338
456,0.44136674353181937,0.4421052631578948
457,0.4331265759174032,0.4338624338624338
458,0.4331265759174032,0.4338624338624338
459,0.4078769066752913,0.40860215053763443
460,0.4575907267570488,0.4583333333333333
461,0.4247991478505895,0.425531914893617
462,0.4247991478505895,0.425531914893617
463,0.44136674353181937,0.4421052631578948
464,0.4078769066752913,0.40860215053763443
465,0.33640355474072325,0.33707865168539325
466,0.3456854268526973,0.3463687150837989
467,0.4247991478505895,0.425531914893617
468,0.37292194230018905,0.37362637362637363
469,0.4163830658673715,0.41711229946524064
470,0.4078769066752913,0.40860215053763443
471,0.4247991478505895,0.425531914893617
472,0.4247991478505895,0.425531914893617
473,0.39927921635101016,0.4
474,0.3818032684602263,0.3825136612021858
475,0.4163830658673715,0.41711229946524064
476,0.363942946024576,0.36464088397790057
477,0.3863451578271201,0.3870967741935484
478,0.3251561573634474,0.32584269662921345
479,0.31570667862227364,0.3163841807909605
480,0.46557718702958273,0.4663212435233161
481,0.37086173338872586,0.3715846994535519
482,0.4840722121622705,0.48484848484848486
483,0.45283390026175874,0.4536082474226804
484,0.4247991478505895,0.425531914893617
485,0.4078769066752913,0.40860215053763443
486,0.4247991478505895,0.425531914893617
487,0.4840722121622705,0.48484848484848486
488,0.49168641757884846,0.49246231155778897
489,0.4247991478505895,0.425531914893617
490,0.4056744982686077,0.4064171122994652
491,0.42253081098127987,0.4232804232804233
492,0.4056744982686077,0.4064171122994652
493,0.3905885095118382,0.391304347826087
494,0.363942946024576,0.36464088397790057
495,0.4331265759174032,0.4338624338624338
496,0.4331265759174032,0.4338624338624338
497,0.4247991478505895,0.425531914893617
498,0.49168641757884846,0.49246231155778897
499,0.33640355474072325,0.33707865168539325
500,0.4763810426138171,0.47715736040609136
501,0.3905885095118382,0.391304347826087
502,0.3884554184474248,0.38918918918918916
503,0.3175249283749215,0.3181818181818182
504,0.3345005623544528,0.335195530726257
505,0.3818032684602263,0.3825136612021858
506,0.4247991478505895,0.425531914893617
507,0.3270173120334757,0.327683615819209
508,0.3905885095118382,0.391304347826087
509,0.3456854268526973,0.3463687150837989
510,0.29821445429569426,0.29885057471264365
511,0.3079245931424881,0.30857142857142855
512,0.33640355474072325,0.33707865168539325
513,0.29821445429569426,0.29885057471264365
514,0.29821445429569426,0.29885057471264365
515,0.2883926171850483,0.2890173410404624
516,0.29821445429569426,0.29885057471264365
517,0.2883926171850483,0.2890173410404624
518,0.2883926171850483,0.2890173410404624
519,0.3270173120334757,0.327683615819209
520,0.3270173120334757,0.327683615819209
521,0.29821445429569426,0.29885057471264365
522,0.29821445429569426,0.29885057471264365
523,0.3345005623544528,0.335195530726257
524,0.33640355474072325,0.33707865168539325
525,0.363942946024576,0.36464088397790057
526,0.363942946024576,0.36464088397790057
527,0.3270173120334757,0.327683615819209
528,0.33640355474072325,0.33707865168539325
529,0.363942946024576,0.36464088397790057
530,0.3456854268526973,0.3463687150837989
531,0.3079245931424881,0.30857142857142855
532,0.33640355474072325,0.33707865168539325
533,0.29821445429569426,0.29885057471264365
534,0.3175249283749215,0.3181818181818182
535,0.4163830658673715,0.41711229946524064
536,0.29821445429569426,0.29885057471264365
537,0.35486465957206526,0.3555555555555555
538,0.29821445429569426,0.29885057471264365
539,0.35486465957206526,0.3555555555555555
540,0.35486465957206526,0.3555555555555555
541,0.4078769066752913,0.40860215053763443
542,0.3270173120334757,0.327683615819209
543,0.4575907267570488,0.4583333333333333
544,0.363942946024576,0.36464088397790057
545,0.44952101510672704,0.4502617801047121
546,0.44136674353181937,0.4421052631578948
547,0.44136674353181937,0.4421052631578948
548,0.6294253066647324,0.6301369863013699
549,0.6294253066647324,0.6301369863013699
550,0.6294253066647324,0.6301369863013699
551,0.6294253066647324,0.6301369863013699
552,0.6294253066647324,0.6301369863013699
553,0.6294253066647324,0.6301369863013699
554,0.6294253066647324,0.6301369863013699
555,0.62654886763698,0.6272727272727272
556,0.6327658678262318,0.6334841628959276
557,0.6356574318409561,0.6363636363636364
558,0.6294253066647324,0.6301369863013699
559,0.6294253066647324,0.6301369863013699
560,0.6356574318409561,0.6363636363636364
561,0.6294253066647324,0.6301369863013699
562,0.6294253066647324,0.6301369863013699
563,0.62654886763698,0.6272727272727272
564,0.6294253066647324,0.6301369863013699
565,0.6294253066647324,0.6301369863013699
566,0.6294253066647324,0.6301369863013699
567,0.6450332400520442,0.6457399103139013
568,0.6294253066647324,0.6301369863013699
569,0.6294253066647324,0.6301369863013699
570,0.6231362316691361,0.6238532110091743
571,0.6356574318409561,0.6363636363636364
572,0.6294253066647324,0.6301369863013699
573,0.6231362316691361,0.6238532110091743
574,0.6294253066647324,0.6301369863013699
575,0.6294253066647324,0.6301369863013699
576,0.6356574318409561,0.6363636363636364
577,0.6294253066647324,0.6301369863013699
578,0.6294253066647324,0.6301369863013699
579,0.62654886763698,0.6272727272727272
580,0.6327658678262318,0.6334841628959276
581,0.6294253066647324,0.6301369863013699
582,0.62654886763698,0.6272727272727272
583,0.6327658678262318,0.6334841628959276
584,0.6294253066647324,0.6301369863013699
585,0.6294253066647324,0.6301369863013699
586,0.6294253066647324,0.6301369863013699
587,0.6294253066647324,0.6301369863013699
588,0.6356574318409561,0.6363636363636364
589,0.62654886763698,0.6272727272727272
590,0.62654886763698,0.6272727272727272
591,0.62654886763698,0.6272727272727272
592,0.6294253066647324,0.6301369863013699
593,0.6356574318409561,0.6363636363636364
594,0.6294253066647324,0.6301369863013699
595,0.6356574318409561,0.6363636363636364
596,0.6356574318409561,0.6363636363636364
597,0.620275314236701,0.6210045662100456
598,0.6294253066647324,0.6301369863013699
599,0.6294253066647324,0.6301369863013699
600,0.6294253066647324,0.6301369863013699
601,0.6294253066647324,0.6301369863013699
602,0.6356574318409561,0.6363636363636364
603,0.62654886763698,0.6272727272727272
604,0.62654886763698,0.6272727272727272
605,0.62654886763698,0.6272727272727272
606,0.62654886763698,0.6272727272727272
607,0.6294253066647324,0.6301369863013699
608,0.6294253066647324,0.6301369863013699
609,0.6294253066647324,0.6301369863013699
610,0.6294253066647324,0.6301369863013699
611,0.6356574318409561,0.6363636363636364
612,0.6231362316691361,0.6238532110091743
613,0.6231362316691361,0.6238532110091743
614,0.6231362316691361,0.6238532110091743
615,0.6356574318409561,0.6363636363636364
616,0.6356574318409561,0.6363636363636364
617,0.6294253066647324,0.6301369863013699
618,0.6294253066647324,0.6301369863013699
619,0.6231362316691361,0.6238532110091743
620,0.6356574318409561,0.6363636363636364
621,0.6294253066647324,0.6301369863013699
622,0.6356574318409561,0.6363636363636364
623,0.6231362316691361,0.6238532110091743
624,0.6294253066647324,0.6301369863013699
625,0.6294253066647324,0.6301369863013699
626,0.6356574318409561,0.6363636363636364
627,0.6356574318409561,0.6363636363636364
628,0.6231362316691361,0.6238532110091743
629,0.6327658678262318,0.6334841628959276
630,0.6294253066647324,0.6301369863013699
631,0.6294253066647324,0.6301369863013699
632,0.6231362316691361,0.6238532110091743
633,0.6231362316691361,0.6238532110091743
634,0.6356574318409561,0.6363636363636364
635,0.6231362316691361,0.6238532110091743
636,0.6231362316691361,0.6238532110091743
637,0.6294253066647324,0.6301369863013699
638,0.6294253066647324,0.6301369863013699
639,0.6356574318409561,0.6363636363636364
640,0.6294253066647324,0.6301369863013699
641,0.6356574318409561,0.6363636363636364
642,0.6231362316691361,0.6238532110091743
643,0.6231362316691361,0.6238532110091743
644,0.6231362316691361,0.6238532110091743
645,0.6231362316691361,0.6238532110091743
646,0.6294253066647324,0.6301369863013699
647,0.641833377262621,0.6425339366515836
648,0.6356574318409561,0.6363636363636364
649,0.6231362316691361,0.6238532110091743
650,0.6231362316691361,0.6238532110091743
651,0.6231362316691361,0.6238532110091743
652,0.6231362316691361,0.6238532110091743
653,0.6231362316691361,0.6238532110091743
654,0.6231362316691361,0.6238532110091743
655,0.6231362316691361,0.6238532110091743
656,0.6231362316691361,0.6238532110091743
657,0.6174403034330039,0.6181818181818182
658,0.613944432441554,0.6146788990825688
659,0.62654886763698,0.6272727272727272
660,0.6294253066647324,0.6301369863013699
661,0.62654886763698,0.6272727272727272
662,0.6294253066647324,0.6301369863013699
663,0.6327658678262318,0.6334841628959276
664,0.62654886763698,0.6272727272727272
665,0.6236983583898423,0.6244343891402715
666,0.6294253066647324,0.6301369863013699
667,0.6356574318409561,0.6363636363636364
668,0.6356574318409561,0.6363636363636364
669,0.6294253066647324,0.6301369863013699
670,0.6356574318409561,0.6363636363636364
671,0.6294253066647324,0.6301369863013699
672,0.6294253066647324,0.6301369863013699
673,0.6075554328352458,0.608294930875576
674,0.62654886763698,0.6272727272727272
675,0.620275314236701,0.6210045662100456
676,0.6294253066647324,0.6301369863013699
677,0.641833377262621,0.6425339366515836
678,0.6294253066647324,0.6301369863013699
679,0.613944432441554,0.6146788990825688
680,0.6075554328352458,0.608294930875576
681,0.6075554328352458,0.608294930875576
682,0.62654886763698,0.6272727272727272
683,0.6174403034330039,0.6181818181818182
684,0.6327658678262318,0.6334841628959276
685,0.6327658678262318,0.6334841628959276
686,0.613944432441554,0.6146788990825688
687,0.6356574318409561,0.6363636363636364
688,0.6075554328352458,0.608294930875576
689,0.6075554328352458,0.608294930875576
690,0.6231362316691361,0.6238532110091743
691,0.6167894226508871,0.6175115207373272
692,0.6294253066647324,0.6301369863013699
693,0.6167894226508871,0.6175115207373272
694,0.6294253066647324,0.6301369863013699
695,0.6231362316691361,0.6238532110091743
696,0.6294253066647324,0.6301369863013699
697,0.6231362316691361,0.6238532110091743
698,0.62654886763698,0.6272727272727272
699,0.6294253066647324,0.6301369863013699
700,0.62654886763698,0.6272727272727272
701,0.62654886763698,0.6272727272727272
702,0.6356574318409561,0.6363636363636364
703,0.6231362316691361,0.6238532110091743
704,0.6231362316691361,0.6238532110091743
705,0.6294253066647324,0.6301369863013699
706,0.6231362316691361,0.6238532110091743
707,0.6294253066647324,0.6301369863013699
708,0.620275314236701,0.6210045662100456
709,0.6231362316691361,0.6238532110091743
710,0.6167894226508871,0.6175115207373272
711,0.6231362316691361,0.6238532110091743
712,0.6231362316691361,0.6238532110091743
713,0.6231362316691361,0.6238532110091743
714,0.6231362316691361,0.6238532110091743
715,0.6231362316691361,0.6238532110091743
716,0.62654886763698,0.6272727272727272
717,0.6231362316691361,0.6238532110091743
718,0.6294253066647324,0.6301369863013699
719,0.6327658678262318,0.6334841628959276
720,0.6294253066647324,0.6301369863013699
721,0.6294253066647324,0.6301369863013699
722,0.6231362316691361,0.6238532110091743
723,0.6294253066647324,0.6301369863013699
724,0.6294253066647324,0.6301369863013699
725,0.6231362316691361,0.6238532110091743
726,0.6327658678262318,0.6334841628959276
727,0.62654886763698,0.6272727272727272
728,0.6389270760751524,0.6396396396396397
729,0.641833377262621,0.6425339366515836
730,0.620275314236701,0.6210045662100456
731,0.6356574318409561,0.6363636363636364
732,0.6327658678262318,0.6334841628959276
733,0.6231362316691361,0.6238532110091743
734,0.6231362316691361,0.6238532110091743
735,0.6231362316691361,0.6238532110091743
736,0.6231362316691361,0.6238532110091743
737,0.6231362316691361,0.6238532110091743
738,0.6231362316691361,0.6238532110091743
739,0.6294253066647324,0.6301369863013699
740,0.6231362316691361,0.6238532110091743
741,0.6231362316691361,0.6238532110091743
742,0.6231362316691361,0.6238532110091743
743,0.620275314236701,0.6210045662100456
744,0.6356574318409561,0.6363636363636364
745,0.6356574318409561,0.6363636363636364
746,0.6231362316691361,0.6238532110091743
747,0.6231362316691361,0.6238532110091743
748,0.6356574318409561,0.6363636363636364
749,0.6356574318409561,0.6363636363636364
750,0.6356574318409561,0.6363636363636364
751,0.6294253066647324,0.6301369863013699
752,0.6294253066647324,0.6301369863013699
753,0.6294253066647324,0.6301369863013699
754,0.6294253066647324,0.6301369863013699
755,0.6294253066647324,0.6301369863013699
756,0.6231362316691361,0.6238532110091743
757,0.620275314236701,0.6210045662100456
758,0.6231362316691361,0.6238532110091743
759,0.620275314236701,0.6210045662100456
760,0.620275314236701,0.6210045662100456
761,0.62654886763698,0.6272727272727272
762,0.620275314236701,0.6210045662100456
763,0.6294253066647324,0.6301369863013699
764,0.6231362316691361,0.6238532110091743
765,0.6167894226508871,0.6175115207373272
766,0.613944432441554,0.6146788990825688
767,0.613944432441554,0.6146788990825688
768,0.613944432441554,0.6146788990825688
769,0.6167894226508871,0.6175115207373272
770,0.620275314236701,0.6210045662100456
771,0.6231362316691361,0.6238532110091743
772,0.62654886763698,0.6272727272727272
773,0.620275314236701,0.6210045662100456
774,0.6231362316691361,0.6238532110091743
775,0.6231362316691361,0.6238532110091743
776,0.613944432441554,0.6146788990825688
777,0.62654886763698,0.6272727272727272
778,0.613944432441554,0.6146788990825688
779,0.6389270760751524,0.6396396396396397
780,0.6356574318409561,0.6363636363636364
781,0.6356574318409561,0.6363636363636364
782,0.6356574318409561,0.6363636363636364
783,0.641833377262621,0.6425339366515836
784,0.6356574318409561,0.6363636363636364
785,0.6356574318409561,0.6363636363636364
786,0.6356574318409561,0.6363636363636364
787,0.6356574318409561,0.6363636363636364
788,0.6327658678262318,0.6334841628959276
789,0.6327658678262318,0.6334841628959276
790,0.6389270760751524,0.6396396396396397
791,0.62654886763698,0.6272727272727272
792,0.62654886763698,0.6272727272727272
793,0.6327658678262318,0.6334841628959276
794,0.6327658678262318,0.6334841628959276
795,0.6327658678262318,0.6334841628959276
796,0.6327658678262318,0.6334841628959276
797,0.6327658678262318,0.6334841628959276
798,0.6389270760751524,0.6396396396396397
799,0.6450332400520442,0.6457399103139013
800,0.6327658678262318,0.6334841628959276
801,0.6327658678262318,0.6334841628959276
802,0.6327658678262318,0.6334841628959276
803,0.6327658678262318,0.6334841628959276
804,0.6327658678262318,0.6334841628959276
805,0.6327658678262318,0.6334841628959276
806,0.6389270760751524,0.6396396396396397
807,0.6327658678262318,0.6334841628959276
808,0.6389270760751524,0.6396396396396397
809,0.6389270760751524,0.6396396396396397
810,0.6327658678262318,0.6334841628959276
811,0.6327658678262318,0.6334841628959276
812,0.620275314236701,0.6210045662100456
813,0.6327658678262318,0.6334841628959276
814,0.6294253066647324,0.6301369863013699
815,0.6327658678262318,0.6334841628959276
816,0.6327658678262318,0.6334841628959276
817,0.6327658678262318,0.6334841628959276
818,0.62654886763698,0.6272727272727272
819,0.62654886763698,0.6272727272727272
820,0.62654886763698,0.6272727272727272
821,0.6231362316691361,0.6238532110091743
822,0.6356574318409561,0.6363636363636364
823,0.6450332400520442,0.6457399103139013
824,0.6389270760751524,0.6396396396396397
825,0.6294253066647324,0.6301369863013699
826,0.6389270760751524,0.6396396396396397
827,0.6294253066647324,0.6301369863013699
828,0.6294253066647324,0.6301369863013699
829,0.62654886763698,0.6272727272727272
830,0.620275314236701,0.6210045662100456
831,0.6231362316691361,0.6238532110091743
832,0.62654886763698,0.6272727272727272
833,0.6294253066647324,0.6301369863013699
834,0.6231362316691361,0.6238532110091743
835,0.6231362316691361,0.6238532110091743
836,0.6356574318409561,0.6363636363636364
837,0.6356574318409561,0.6363636363636364
838,0.6167894226508871,0.6175115207373272
839,0.6294253066647324,0.6301369863013699
840,0.6356574318409561,0.6363636363636364
841,0.6231362316691361,0.6238532110091743
842,0.6294253066647324,0.6301369863013699
843,0.6294253066647324,0.6301369863013699
844,0.6231362316691361,0.6238532110091743
845,0.6231362316691361,0.6238532110091743
846,0.6167894226508871,0.6175115207373272
847,0.6167894226508871,0.6175115207373272
848,0.6231362316691361,0.6238532110091743
849,0.6231362316691361,0.6238532110091743
850,0.6231362316691361,0.6238532110091743
851,0.6294253066647324,0.6301369863013699
852,0.6167894226508871,0.6175115207373272
853,0.6231362316691361,0.6238532110091743
854,0.6231362316691361,0.6238532110091743
855,0.6231362316691361,0.6238532110091743
856,0.6231362316691361,0.6238532110091743
857,0.6294253066647324,0.6301369863013699
858,0.62654886763698,0.6272727272727272
859,0.6231362316691361,0.6238532110091743
860,0.6294253066647324,0.6301369863013699
861,0.6231362316691361,0.6238532110091743
862,0.6231362316691361,0.6238532110091743
863,0.6167894226508871,0.6175115207373272
864,0.6231362316691361,0.6238532110091743
865,0.6356574318409561,0.6363636363636364
866,0.620275314236701,0.6210045662100456
867,0.62654886763698,0.6272727272727272
868,0.620275314236701,0.6210045662100456
869,0.6231362316691361,0.6238532110091743
870,0.6294253066647324,0.6301369863013699
871,0.620275314236701,0.6210045662100456
872,0.613944432441554,0.6146788990825688
873,0.613944432441554,0.6146788990825688
874,0.6231362316691361,0.6238532110091743
875,0.620275314236701,0.6210045662100456
876,0.613944432441554,0.6146788990825688
877,0.613944432441554,0.6146788990825688
878,0.613944432441554,0.6146788990825688
879,0.613944432441554,0.6146788990825688
880,0.620275314236701,0.6210045662100456
881,0.620275314236701,0.6210045662100456
882,0.620275314236701,0.6210045662100456
883,0.620275314236701,0.6210045662100456
884,0.620275314236701,0.6210045662100456
885,0.620275314236701,0.6210045662100456
886,0.6231362316691361,0.6238532110091743
887,0.6231362316691361,0.6238532110091743
888,0.6231362316691361,0.6238532110091743
889,0.620275314236701,0.6210045662100456
890,0.6231362316691361,0.6238532110091743
891,0.620275314236701,0.6210045662100456
892,0.620275314236701,0.6210045662100456
893,0.620275314236701,0.6210045662100456
894,0.6231362316691361,0.6238532110091743
895,0.613944432441554,0.6146788990825688
896,0.6231362316691361,0.6238532110091743
897,0.6231362316691361,0.6238532110091743
898,0.6231362316691361,0.6238532110091743
899,0.6231362316691361,0.6238532110091743
900,0.6231362316691361,0.6238532110091743
901,0.6231362316691361,0.6238532110091743
902,0.6231362316691361,0.6238532110091743
903,0.6231362316691361,0.6238532110091743
904,0.6231362316691361,0.6238532110091743
905,0.6231362316691361,0.6238532110091743
906,0.6167894226508871,0.6175115207373272
907,0.6231362316691361,0.6238532110091743
908,0.6231362316691361,0.6238532110091743
909,0.6231362316691361,0.6238532110091743
910,0.610384080942262,0.6111111111111112
911,0.6167894226508871,0.6175115207373272
912,0.62654886763698,0.6272727272727272
913,0.6231362316691361,0.6238532110091743
914,0.6231362316691361,0.6238532110091743
915,0.6231362316691361,0.6238532110091743
916,0.6231362316691361,0.6238532110091743
917,0.6231362316691361,0.6238532110091743
918,0.6231362316691361,0.6238532110091743
919,0.6231362316691361,0.6238532110091743
920,0.6294253066647324,0.6301369863013699
921,0.6231362316691361,0.6238532110091743
922,0.6231362316691361,0.6238532110091743
923,0.6231362316691361,0.6238532110091743
924,0.6231362316691361,0.6238532110091743
925,0.6231362316691361,0.6238532110091743
926,0.6294253066647324,0.6301369863013699
927,0.6167894226508871,0.6175115207373272
928,0.6231362316691361,0.6238532110091743
929,0.6231362316691361,0.6238532110091743
930,0.6231362316691361,0.6238532110091743
931,0.6231362316691361,0.6238532110091743
932,0.6231362316691361,0.6238532110091743
933,0.6231362316691361,0.6238532110091743
934,0.6231362316691361,0.6238532110091743
935,0.6231362316691361,0.6238532110091743
936,0.6231362316691361,0.6238532110091743
937,0.6231362316691361,0.6238532110091743
938,0.6231362316691361,0.6238532110091743
939,0.6231362316691361,0.6238532110091743
940,0.6231362316691361,0.6238532110091743
941,0.6167894226508871,0.6175115207373272
942,0.6231362316691361,0.6238532110091743
943,0.6231362316691361,0.6238532110091743
944,0.6231362316691361,0.6238532110091743
945,0.6231362316691361,0.6238532110091743
946,0.6167894226508871,0.6175115207373272
947,0.6231362316691361,0.6238532110091743
948,0.6167894226508871,0.6175115207373272
949,0.6231362316691361,0.6238532110091743
950,0.6231362316691361,0.6238532110091743
951,0.620275314236701,0.6210045662100456
952,0.620275314236701,0.6210045662100456
953,0.620275314236701,0.6210045662100456
954,0.6231362316691361,0.6238532110091743
955,0.6231362316691361,0.6238532110091743
956,0.62654886763698,0.6272727272727272
957,0.6294253066647324,0.6301369863013699
958,0.6231362316691361,0.6238532110091743
959,0.6231362316691361,0.6238532110091743
960,0.6231362316691361,0.6238532110091743
961,0.6231362316691361,0.6238532110091743
962,0.6231362316691361,0.6238532110091743
963,0.6231362316691361,0.6238532110091743
964,0.6231362316691361,0.6238532110091743
965,0.6231362316691361,0.6238532110091743
966,0.6231362316691361,0.6238532110091743
967,0.6231362316691361,0.6238532110091743
968,0.6231362316691361,0.6238532110091743
969,0.6231362316691361,0.6238532110091743
970,0.6231362316691361,0.6238532110091743
971,0.6294253066647324,0.6301369863013699
972,0.6231362316691361,0.6238532110091743
973,0.6231362316691361,0.6238532110091743
974,0.6231362316691361,0.6238532110091743
975,0.6231362316691361,0.6238532110091743
976,0.6231362316691361,0.6238532110091743
977,0.6231362316691361,0.6238532110091743
978,0.6862952320123329,0.6869565217391305
979,0.6833099829729414,0.6839826839826839
980,0.6946205503757348,0.6952789699570815
981,0.6946205503757348,0.6952789699570815
982,0.7002035970803059,0.7008547008547008
983,0.6862952320123329,0.6869565217391305
984,0.6805545242856952,0.6812227074235808
985,0.6833099829729414,0.6839826839826839
986,0.6946205503757348,0.6952789699570815
987,0.665973477888256,0.6666666666666667
988,0.6747636495227756,0.6754385964912281
989,0.6833099829729414,0.6839826839826839
990,0.665973477888256,0.6666666666666667
991,0.64817643393452,0.6488888888888888
992,0.6718025934442073,0.6724890829694324
993,0.6718025934442073,0.6724890829694324
994,0.6775812106793422,0.6782608695652174
995,0.689306455127183,0.6899563318777294
996,0.689306455127183,0.6899563318777294
997,0.689306455127183,0.6899563318777294
998,0.6833099829729414,0.6839826839826839
999,0.689306455127183,0.6899563318777294
1000,0.6833099829729414,0.6839826839826839
