,OCSVM_Kappa,OCSVM_F1
0,0.0012120586678600054,0.0070259290237782305
1,0.0012503750597456786,0.0070639115809706865
2,0.001199209169087334,0.007013191479210897
3,0.0012925712883239404,0.007105740181268883
4,0.0012032618694308717,0.007017208869370123
5,0.0013282642448739779,0.007141122176341996
6,0.001185229282645639,0.00699933339681935
7,0.0013122020756615171,0.007125199941835102
8,0.0013286142197356243,0.007141469102215313
9,0.0013092419031993652,0.007122265558758691
10,0.0012993343870053575,0.007112444358428488
11,0.0012500326448389165,0.007063572149344097
12,0.0013210972459922754,0.007134017616655748
13,0.0012088419194430378,0.0070227403019300595
14,0.0012702915873095133,0.007083654587509637
15,0.0013125504916116082,0.007125545322346098
16,0.001332115839470016,0.007144940215806358
17,0.0013310649961969512,0.00714389852748214
18,0.0013014179086000555,0.007114509728003097
19,0.0012849564155589244,0.0070981916511745815
20,0.0012802916573401157,0.007093567533658253
21,0.0012130750901158116,0.007026936590262675
22,0.0012271655663591563,0.007040904301178274
23,0.0012544866069339466,0.007067987306471776
24,0.0012937842388527354,0.007106942564300909
25,0.0013226692677973384,0.007135575942915392
26,0.0013203987900058944,0.007133325245662988
27,0.0012955177375603144,0.007108660960394603
28,0.0013202241971915774,0.007133152173913043
29,0.0013440468495514724,0.007156767283349561
30,0.001332115839470016,0.007144940215806358
31,0.0012560296605729215,0.007069516916344051
32,0.0013414116148932065,0.007154155006691811
33,0.0013440468495514724,0.007156767283349561
34,0.0013438711073712195,0.0071565930722231694
35,0.0013356208647151702,0.007148414705310251
36,0.0013438711073712195,0.0071565930722231694
37,0.0013496751203588842,0.007162346521145975
38,0.0013572519420137485,0.007169857334471405
39,0.0013572519420137485,0.007169857334471405
40,0.0013572519420137485,0.007169857334471405
41,0.0013572519420137485,0.007169857334471405
42,0.0013572519420137485,0.007169857334471405
43,0.0013572519420137485,0.007169857334471405
44,0.0013845183918604897,0.007196886245134759
45,0.0013572519420137485,0.007169857334471405
46,0.0013783034354883927,0.007190725431688108
47,0.0013944845031685915,0.007206765534992033
48,0.0014098429883661057,0.007221990223292147
49,0.0014422167687674348,0.007253937496894719
50,0.0013572519420137485,0.007169857334471405
51,0.0013657285810506625,0.007178260126474107
52,0.0013664358645510966,0.007178961248260201
53,0.0013496751203588842,0.007162346521145975
54,0.0017272237380980826,0.0075364563169441215
55,0.0014241883230812213,0.007236210588495903
56,0.0017573655271356792,0.007566334991708125
57,0.0018977580278330963,0.007705502045124687
58,0.0013600752825096984,0.007172656078460075
59,0.0017305610651365821,0.007539764511464573
60,0.0014750861885431954,0.007286519938114487
61,0.0016368685627494717,0.0074468899033434495
62,0.001587950307056829,0.007398398702746528
63,0.0013790131776362236,0.007191428990753877
64,0.0013779486164876564,0.00719037370377617
65,0.0013894980297692872,0.007201822502020921
66,0.001419878794530982,0.007231938602317172
67,0.0015251336384608516,0.007336130442428963
68,0.0017506467163401762,0.007559674830425102
69,0.0017415753647630483,0.007550682664460074
70,0.0016660546726698922,0.007475970096119615
71,0.0016361022771405054,0.007446130307280379
72,0.0013553121731476603,0.007167934464599181
73,0.0017658798193284087,0.007574774961737011
74,0.0017510416130684936,0.00756006628003314
75,0.0017405906484322387,0.007549706543940844
76,0.0017449253057360004,0.007554003363083689
77,0.0017508441595927016,0.007559870550161813
78,0.0017508441595927016,0.007559870550161813
79,0.0017658798193284087,0.007574774961737011
80,0.0017510416130684936,0.00756006628003314
81,0.0017658798193284087,0.007574774961737011
82,0.0017658798193284087,0.007574774961737011
83,0.0017750091853730998,0.007583824637041269
84,0.0017593439015315404,0.007568296096625369
85,0.0017690527788081223,0.007577920224223393
86,0.0017658798193284087,0.007574774961737011
87,0.00178734855264151,0.0075960562940610285
88,0.0018344823017506506,0.0076427786211589795
89,0.0018362989548024178,0.00764457941723172
90,0.001821387398219576,0.007629798019388049
91,0.0017754066091799636,0.007584218591724891
92,0.09059727985423083,0.09554730983302413
93,0.09555886348507037,0.1004520341536916
94,0.09426516757705916,0.0991815117958594
95,0.09131828267254549,0.09626168224299066
96,0.09555886348507037,0.1004520341536916
97,0.09445333069932715,0.09936055090998525
98,0.09627685271439557,0.10116337885685381
99,0.18704467731372143,0.19111969111969115
100,0.1906458356527011,0.19469026548672566
101,0.2216744872231846,0.22541966426858512
102,0.25193778286427704,0.2554347826086957
103,0.1940652258647112,0.1975736568457539
104,0.1940652258647112,0.1975736568457539
105,0.18867113226540078,0.1921708185053381
106,0.10773617931158386,0.11152416356877323
107,0.10773617931158386,0.11152416356877323
108,0.11125213983300108,0.11502782931354359
109,0.11125213983300108,0.11502782931354359
110,0.11125213983300108,0.11502782931354359
111,0.11125213983300108,0.11502782931354359
112,0.10773617931158386,0.11152416356877323
113,0.10773617931158386,0.11152416356877323
114,0.10773617931158386,0.11152416356877323
115,0.10773617931158386,0.11152416356877323
116,0.10773617931158386,0.11152416356877323
117,0.10773617931158386,0.11152416356877323
118,0.11125213983300108,0.11502782931354359
119,0.10773617931158386,0.11152416356877323
120,0.10773617931158386,0.11152416356877323
121,0.10773617931158386,0.11152416356877323
122,0.10773617931158386,0.11152416356877323
123,0.10773617931158386,0.11152416356877323
124,0.10773617931158386,0.11152416356877323
125,0.10773617931158386,0.11152416356877323
126,0.10773617931158386,0.11152416356877323
127,0.10773617931158386,0.11152416356877323
128,0.10773617931158386,0.11152416356877323
129,0.10773617931158386,0.11152416356877323
130,0.10773617931158386,0.11152416356877323
131,0.10773617931158386,0.11152416356877323
132,0.10773617931158386,0.11152416356877323
133,0.10773617931158386,0.11152416356877323
134,0.10773617931158386,0.11152416356877323
135,0.10773617931158386,0.11152416356877323
136,0.10773617931158386,0.11152416356877323
137,0.10773617931158386,0.11152416356877323
138,0.10773617931158386,0.11152416356877323
139,0.10773617931158386,0.11152416356877323
140,0.10773617931158386,0.11152416356877323
141,0.10773617931158386,0.11152416356877323
142,0.10794740743630749,0.111731843575419
143,0.10773617931158386,0.11152416356877323
144,0.10773617931158386,0.11152416356877323
145,0.10773617931158386,0.11152416356877323
146,0.10773617931158386,0.11152416356877323
147,0.10773617931158386,0.11152416356877323
148,0.10773617931158386,0.11152416356877323
149,0.10773617931158386,0.11152416356877323
150,0.10773617931158386,0.11152416356877323
151,0.10773617931158386,0.11152416356877323
152,0.10773617931158386,0.11152416356877323
153,0.10773617931158386,0.11152416356877323
154,0.10773617931158386,0.11152416356877323
155,0.10773617931158386,0.11152416356877323
156,0.10773617931158386,0.11152416356877323
157,0.10773617931158386,0.11152416356877323
158,0.10773617931158386,0.11152416356877323
159,0.10773617931158386,0.11152416356877323
160,0.10773617931158386,0.11152416356877323
161,0.10773617931158386,0.11152416356877323
162,0.10773617931158386,0.11152416356877323
163,0.10773617931158386,0.11152416356877323
164,0.10773617931158386,0.11152416356877323
165,0.10773617931158386,0.11152416356877323
166,0.10773617931158386,0.11152416356877323
167,0.10773617931158386,0.11152416356877323
168,0.10773617931158386,0.11152416356877323
169,0.10773617931158386,0.11152416356877323
170,0.10773617931158386,0.11152416356877323
171,0.10773617931158386,0.11152416356877323
172,0.10773617931158386,0.11152416356877323
173,0.10773617931158386,0.11152416356877323
174,0.10773617931158386,0.11152416356877323
175,0.10773617931158386,0.11152416356877323
176,0.10773617931158386,0.11152416356877323
177,0.10773617931158386,0.11152416356877323
178,0.10773617931158386,0.11152416356877323
179,0.10773617931158386,0.11152416356877323
180,0.10773617931158386,0.11152416356877323
181,0.10815942245763,0.11194029850746269
182,0.10773617931158386,0.11152416356877323
183,0.10773617931158386,0.11152416356877323
184,0.10773617931158386,0.11152416356877323
185,0.10773617931158386,0.11152416356877323
186,0.10773617931158386,0.11152416356877323
187,0.12244347404834599,0.12708600770218229
188,0.1216255620756399,0.12627551020408165
189,0.12203321054402849,0.12667946257197696
190,0.12122050372009607,0.12587412587412586
191,0.12113980069157959,0.12579415501905972
192,0.12170688376732941,0.1263560944479898
193,0.12170688376732941,0.1263560944479898
194,0.11962568391050654,0.12429378531073448
195,0.11907691129945774,0.12374999999999999
196,0.12203321054402849,0.12667946257197696
197,0.11625418003066434,0.12095296273671349
198,0.11625418003066434,0.12095296273671349
199,0.11625418003066434,0.12095296273671349
200,0.11625418003066434,0.12095296273671349
201,0.11625418003066434,0.12095296273671349
202,0.11625418003066434,0.12095296273671349
203,0.11625418003066434,0.12095296273671349
204,0.11625418003066434,0.12095296273671349
205,0.11625418003066434,0.12095296273671349
206,0.11625418003066434,0.12095296273671349
207,0.11625418003066434,0.12095296273671349
208,0.11625418003066434,0.12095296273671349
209,0.11625418003066434,0.12095296273671349
210,0.11625418003066434,0.12095296273671349
211,0.11625418003066434,0.12095296273671349
212,0.11625418003066434,0.12095296273671349
213,0.11625418003066434,0.12095296273671349
214,0.11625418003066434,0.12095296273671349
215,0.11625418003066434,0.12095296273671349
216,0.11625418003066434,0.12095296273671349
217,0.11625418003066434,0.12095296273671349
218,0.11625418003066434,0.12095296273671349
219,0.11625418003066434,0.12095296273671349
220,0.11625418003066434,0.12095296273671349
221,0.11625418003066434,0.12095296273671349
222,0.11625418003066434,0.12095296273671349
223,0.11625418003066434,0.12095296273671349
224,0.11625418003066434,0.12095296273671349
225,0.11625418003066434,0.12095296273671349
226,0.11625418003066434,0.12095296273671349
227,0.11625418003066434,0.12095296273671349
228,0.11625418003066434,0.12095296273671349
229,0.11625418003066434,0.12095296273671349
230,0.11625418003066434,0.12095296273671349
231,0.11625418003066434,0.12095296273671349
232,0.11625418003066434,0.12095296273671349
233,0.11625418003066434,0.12095296273671349
234,0.11625418003066434,0.12095296273671349
235,0.11625418003066434,0.12095296273671349
236,0.11625418003066434,0.12095296273671349
237,0.11625418003066434,0.12095296273671349
238,0.11625418003066434,0.12095296273671349
239,0.11625418003066434,0.12095296273671349
240,0.11625418003066434,0.12095296273671349
241,0.11625418003066434,0.12095296273671349
242,0.11625418003066434,0.12095296273671349
243,0.11625418003066434,0.12095296273671349
244,0.11625418003066434,0.12095296273671349
245,0.11625418003066434,0.12095296273671349
246,0.11625418003066434,0.12095296273671349
247,0.11625418003066434,0.12095296273671349
248,0.11625418003066434,0.12095296273671349
249,0.11625418003066434,0.12095296273671349
250,0.11625418003066434,0.12095296273671349
251,0.11625418003066434,0.12095296273671349
252,0.11625418003066434,0.12095296273671349
253,0.11625418003066434,0.12095296273671349
254,0.11625418003066434,0.12095296273671349
255,0.11625418003066434,0.12095296273671349
256,0.11625418003066434,0.12095296273671349
257,0.11625418003066434,0.12095296273671349
258,0.11625418003066434,0.12095296273671349
259,0.11625418003066434,0.12095296273671349
260,0.11625418003066434,0.12095296273671349
261,0.11625418003066434,0.12095296273671349
262,0.11625418003066434,0.12095296273671349
263,0.11625418003066434,0.12095296273671349
264,0.11625418003066434,0.12095296273671349
265,0.11625418003066434,0.12095296273671349
266,0.11625418003066434,0.12095296273671349
267,0.11625418003066434,0.12095296273671349
268,0.11625418003066434,0.12095296273671349
269,0.11625418003066434,0.12095296273671349
270,0.11625418003066434,0.12095296273671349
271,0.11625418003066434,0.12095296273671349
272,0.11625418003066434,0.12095296273671349
273,0.11625418003066434,0.12095296273671349
274,0.11625418003066434,0.12095296273671349
275,0.11625418003066434,0.12095296273671349
276,0.11625418003066434,0.12095296273671349
277,0.11625418003066434,0.12095296273671349
278,0.11625418003066434,0.12095296273671349
279,0.11625418003066434,0.12095296273671349
280,0.11625418003066434,0.12095296273671349
281,0.11625418003066434,0.12095296273671349
282,0.11625418003066434,0.12095296273671349
283,0.11625418003066434,0.12095296273671349
284,0.11625418003066434,0.12095296273671349
285,0.11625418003066434,0.12095296273671349
286,0.11625418003066434,0.12095296273671349
287,0.11625418003066434,0.12095296273671349
288,0.11625418003066434,0.12095296273671349
289,0.11625418003066434,0.12095296273671349
290,0.11625418003066434,0.12095296273671349
291,0.11625418003066434,0.12095296273671349
292,0.11625418003066434,0.12095296273671349
293,0.11625418003066434,0.12095296273671349
294,0.11625418003066434,0.12095296273671349
295,0.11625418003066434,0.12095296273671349
296,0.11625418003066434,0.12095296273671349
297,0.11625418003066434,0.12095296273671349
298,0.11625418003066434,0.12095296273671349
299,0.11625418003066434,0.12095296273671349
300,0.11625418003066434,0.12095296273671349
301,0.11625418003066434,0.12095296273671349
302,0.11625418003066434,0.12095296273671349
303,0.11625418003066434,0.12095296273671349
304,0.11625418003066434,0.12095296273671349
305,0.11625418003066434,0.12095296273671349
306,0.11625418003066434,0.12095296273671349
307,0.11625418003066434,0.12095296273671349
308,0.11625418003066434,0.12095296273671349
309,0.11625418003066434,0.12095296273671349
310,0.11625418003066434,0.12095296273671349
311,0.11625418003066434,0.12095296273671349
312,0.11625418003066434,0.12095296273671349
313,0.11625418003066434,0.12095296273671349
314,0.11625418003066434,0.12095296273671349
315,0.11625418003066434,0.12095296273671349
316,0.11625418003066434,0.12095296273671349
317,0.11625418003066434,0.12095296273671349
318,0.11625418003066434,0.12095296273671349
319,0.11625418003066434,0.12095296273671349
320,0.11625418003066434,0.12095296273671349
321,0.11625418003066434,0.12095296273671349
322,0.11625418003066434,0.12095296273671349
323,0.11625418003066434,0.12095296273671349
324,0.11625418003066434,0.12095296273671349
325,0.11625418003066434,0.12095296273671349
326,0.11625418003066434,0.12095296273671349
327,0.11625418003066434,0.12095296273671349
328,0.11625418003066434,0.12095296273671349
329,0.11625418003066434,0.12095296273671349
330,0.11625418003066434,0.12095296273671349
331,0.11625418003066434,0.12095296273671349
332,0.11625418003066434,0.12095296273671349
333,0.11625418003066434,0.12095296273671349
334,0.11625418003066434,0.12095296273671349
335,0.11625418003066434,0.12095296273671349
336,0.11625418003066434,0.12095296273671349
337,0.11625418003066434,0.12095296273671349
338,0.11625418003066434,0.12095296273671349
339,0.11625418003066434,0.12095296273671349
340,0.11625418003066434,0.12095296273671349
341,0.11625418003066434,0.12095296273671349
342,0.11625418003066434,0.12095296273671349
343,0.11625418003066434,0.12095296273671349
344,0.11625418003066434,0.12095296273671349
345,0.11625418003066434,0.12095296273671349
346,0.11625418003066434,0.12095296273671349
347,0.11625418003066434,0.12095296273671349
348,0.11625418003066434,0.12095296273671349
349,0.11625418003066434,0.12095296273671349
350,0.11625418003066434,0.12095296273671349
351,0.11625418003066434,0.12095296273671349
352,0.11625418003066434,0.12095296273671349
353,0.11625418003066434,0.12095296273671349
354,0.11625418003066434,0.12095296273671349
355,0.11625418003066434,0.12095296273671349
356,0.11625418003066434,0.12095296273671349
357,0.11625418003066434,0.12095296273671349
358,0.11625418003066434,0.12095296273671349
359,0.11625418003066434,0.12095296273671349
360,0.11625418003066434,0.12095296273671349
361,0.11625418003066434,0.12095296273671349
362,0.11625418003066434,0.12095296273671349
363,0.11625418003066434,0.12095296273671349
364,0.11625418003066434,0.12095296273671349
365,0.11625418003066434,0.12095296273671349
366,0.11625418003066434,0.12095296273671349
367,0.11625418003066434,0.12095296273671349
368,0.11625418003066434,0.12095296273671349
369,0.11625418003066434,0.12095296273671349
370,0.11625418003066434,0.12095296273671349
371,0.11625418003066434,0.12095296273671349
372,0.11625418003066434,0.12095296273671349
373,0.11625418003066434,0.12095296273671349
374,0.11625418003066434,0.12095296273671349
375,0.11625418003066434,0.12095296273671349
376,0.11625418003066434,0.12095296273671349
377,0.11625418003066434,0.12095296273671349
378,0.11625418003066434,0.12095296273671349
379,0.11625418003066434,0.12095296273671349
380,0.11625418003066434,0.12095296273671349
381,0.11625418003066434,0.12095296273671349
382,0.11625418003066434,0.12095296273671349
383,0.11625418003066434,0.12095296273671349
384,0.11625418003066434,0.12095296273671349
385,0.11625418003066434,0.12095296273671349
386,0.11625418003066434,0.12095296273671349
387,0.11625418003066434,0.12095296273671349
388,0.11625418003066434,0.12095296273671349
389,0.11625418003066434,0.12095296273671349
390,0.11625418003066434,0.12095296273671349
391,0.11625418003066434,0.12095296273671349
392,0.11625418003066434,0.12095296273671349
393,0.11625418003066434,0.12095296273671349
394,0.11625418003066434,0.12095296273671349
395,0.11625418003066434,0.12095296273671349
396,0.11625418003066434,0.12095296273671349
397,0.11625418003066434,0.12095296273671349
398,0.11625418003066434,0.12095296273671349
399,0.11625418003066434,0.12095296273671349
400,0.11625418003066434,0.12095296273671349
401,0.11625418003066434,0.12095296273671349
402,0.11625418003066434,0.12095296273671349
403,0.11625418003066434,0.12095296273671349
404,0.11625418003066434,0.12095296273671349
405,0.11625418003066434,0.12095296273671349
406,0.11625418003066434,0.12095296273671349
407,0.11625418003066434,0.12095296273671349
408,0.11625418003066434,0.12095296273671349
409,0.11625418003066434,0.12095296273671349
410,0.11625418003066434,0.12095296273671349
411,0.11625418003066434,0.12095296273671349
412,0.11625418003066434,0.12095296273671349
413,0.11625418003066434,0.12095296273671349
414,0.11507265633762931,0.11978221415607984
415,0.11625418003066434,0.12095296273671349
416,0.11625418003066434,0.12095296273671349
417,0.11625418003066434,0.12095296273671349
418,0.11625418003066434,0.12095296273671349
419,0.11625418003066434,0.12095296273671349
420,0.11625418003066434,0.12095296273671349
421,0.11625418003066434,0.12095296273671349
422,0.11625418003066434,0.12095296273671349
423,0.11625418003066434,0.12095296273671349
424,0.11625418003066434,0.12095296273671349
425,0.11449042604757531,0.11920529801324502
426,0.11625418003066434,0.12095296273671349
427,0.11514583141128776,0.1198547215496368
428,0.11625418003066434,0.12095296273671349
429,0.11625418003066434,0.12095296273671349
430,0.11625418003066434,0.12095296273671349
431,0.11625418003066434,0.12095296273671349
432,0.11514583141128776,0.1198547215496368
433,0.11625418003066434,0.12095296273671349
434,0.11625418003066434,0.12095296273671349
435,0.11625418003066434,0.12095296273671349
436,0.1159566402369725,0.1206581352833638
437,0.11573443506545533,0.12043795620437955
438,0.1155867480386572,0.12029161603888212
439,0.11625418003066434,0.12095296273671349
440,0.11573443506545533,0.12043795620437955
441,0.11625418003066434,0.12095296273671349
442,0.11235610176159938,0.11709047900650503
443,0.11625418003066434,0.12095296273671349
444,0.11507265633762931,0.11978221415607984
445,0.11499956970034408,0.11970979443772672
446,0.11499956970034408,0.11970979443772672
447,0.11499956970034408,0.11970979443772672
448,0.1155867480386572,0.12029161603888212
449,0.11507265633762931,0.11978221415607984
450,0.11543941928773938,0.12014563106796115
451,0.1159566402369725,0.1206581352833638
452,0.11625418003066434,0.12095296273671349
453,0.11625418003066434,0.12095296273671349
454,0.11625418003066434,0.12095296273671349
455,0.11625418003066434,0.12095296273671349
456,0.11625418003066434,0.12095296273671349
457,0.11625418003066434,0.12095296273671349
458,0.116030889186994,0.12073170731707317
459,0.11625418003066434,0.12095296273671349
460,0.11625418003066434,0.12095296273671349
461,0.11625418003066434,0.12095296273671349
462,0.11625418003066434,0.12095296273671349
463,0.11625418003066434,0.12095296273671349
464,0.11625418003066434,0.12095296273671349
465,0.11625418003066434,0.12095296273671349
466,0.11625418003066434,0.12095296273671349
467,0.11625418003066434,0.12095296273671349
468,0.11625418003066434,0.12095296273671349
469,0.11625418003066434,0.12095296273671349
470,0.11347463222867649,0.11820330969267138
471,0.11425522722497372,0.1189767995240928
472,0.11411254228681378,0.11883541295306002
473,0.11514583141128776,0.1198547215496368
474,0.11492657133920814,0.11963746223564954
475,0.11514583141128776,0.1198547215496368
476,0.11404132684723911,0.11876484560570069
477,0.11375730844223131,0.11848341232227487
478,0.11333379447400505,0.1180637544273908
479,0.11368651393070328,0.11841326228537598
480,0.11507265633762931,0.11978221415607984
481,0.11492657133920814,0.11963746223564954
482,0.11411254228681378,0.11883541295306002
483,0.11418384236240253,0.11890606420927467
484,0.11375730844223131,0.11848341232227487
485,0.1138991492740492,0.11862396204033214
486,0.11420140794185629,0.11891891891891893
487,0.11166930561974098,0.11641443538998834
488,0.11071964580822202,0.11547344110854504
489,0.10985145640419258,0.1146131805157593
490,0.11312315996681033,0.11785503830288743
491,0.11514583141128776,0.1198547215496368
492,0.11529244751056189,0.12000000000000002
493,0.11536588885857002,0.12007277137659186
494,0.11514583141128776,0.1198547215496368
495,0.11425522722497372,0.1189767995240928
496,0.11131707443415784,0.1160609613130129
497,0.11347463222867649,0.11820330969267138
498,0.11065239979996233,0.1154068090017311
499,0.11160096004534392,0.11634671320535196
500,0.11139639935915713,0.11614401858304296
501,0.11298315000395853,0.11771630370806356
502,0.11291781881046425,0.11764705882352941
503,0.11291326849799965,0.11764705882352942
504,0.11449042604757531,0.11920529801324502
505,0.11499956970034408,0.11970979443772672
506,0.11570096545147479,0.12040939193257075
507,0.11446989204965974,0.1191895113230036
508,0.11548189034259726,0.12019230769230768
509,0.11514583141128776,0.1198547215496368
510,0.11621522963207431,0.12091898428053204
511,0.11514583141128776,0.1198547215496368
512,0.11507265633762931,0.11978221415607984
513,0.11507265633762931,0.11978221415607984
514,0.11463545746519122,0.1193490054249548
515,0.11492657133920814,0.11963746223564954
516,0.1155867480386572,0.12029161603888212
517,0.11446989204965974,0.1191895113230036
518,0.11449042604757531,0.11920529801324502
519,0.11449042604757531,0.11920529801324502
520,0.11507265633762931,0.11978221415607984
521,0.11478083880642109,0.11949305974652986
522,0.11492657133920814,0.11963746223564954
523,0.11514583141128776,0.1198547215496368
524,0.11580841334096093,0.12051125989044431
525,0.11543941928773938,0.12014563106796115
526,0.1628372306589453,0.1671018276762402
527,0.1628372306589453,0.1671018276762402
528,0.1628372306589453,0.1671018276762402
529,0.1628372306589453,0.1671018276762402
530,0.1628372306589453,0.1671018276762402
531,0.1628372306589453,0.1671018276762402
532,0.1628372306589453,0.1671018276762402
533,0.1628372306589453,0.1671018276762402
534,0.1628372306589453,0.1671018276762402
535,0.1628372306589453,0.1671018276762402
536,0.1628372306589453,0.1671018276762402
537,0.1628372306589453,0.1671018276762402
538,0.1628372306589453,0.1671018276762402
539,0.1628372306589453,0.1671018276762402
540,0.1628372306589453,0.1671018276762402
541,0.1628372306589453,0.1671018276762402
542,0.1628372306589453,0.1671018276762402
543,0.1628372306589453,0.1671018276762402
544,0.1628372306589453,0.1671018276762402
545,0.1628372306589453,0.1671018276762402
546,0.1628372306589453,0.1671018276762402
547,0.1628372306589453,0.1671018276762402
548,0.1628372306589453,0.1671018276762402
549,0.1628372306589453,0.1671018276762402
550,0.1628372306589453,0.1671018276762402
551,0.1628372306589453,0.1671018276762402
552,0.1628372306589453,0.1671018276762402
553,0.1628372306589453,0.1671018276762402
554,0.1628372306589453,0.1671018276762402
555,0.1628372306589453,0.1671018276762402
556,0.1628372306589453,0.1671018276762402
557,0.1628372306589453,0.1671018276762402
558,0.1628372306589453,0.1671018276762402
559,0.1628372306589453,0.1671018276762402
560,0.1628372306589453,0.1671018276762402
561,0.1628372306589453,0.1671018276762402
562,0.1628372306589453,0.1671018276762402
563,0.1628372306589453,0.1671018276762402
564,0.1628372306589453,0.1671018276762402
565,0.1628372306589453,0.1671018276762402
566,0.1628372306589453,0.1671018276762402
567,0.1628372306589453,0.1671018276762402
568,0.1628372306589453,0.1671018276762402
569,0.1628372306589453,0.1671018276762402
570,0.1628372306589453,0.1671018276762402
571,0.1628372306589453,0.1671018276762402
572,0.1628372306589453,0.1671018276762402
573,0.1628372306589453,0.1671018276762402
574,0.1628372306589453,0.1671018276762402
575,0.1628372306589453,0.1671018276762402
576,0.1628372306589453,0.1671018276762402
577,0.1628372306589453,0.1671018276762402
578,0.1628372306589453,0.1671018276762402
579,0.1628372306589453,0.1671018276762402
580,0.1628372306589453,0.1671018276762402
581,0.1628372306589453,0.1671018276762402
582,0.1628372306589453,0.1671018276762402
583,0.1628372306589453,0.1671018276762402
584,0.1628372306589453,0.1671018276762402
585,0.1628372306589453,0.1671018276762402
586,0.1628372306589453,0.1671018276762402
587,0.1628372306589453,0.1671018276762402
588,0.1628372306589453,0.1671018276762402
589,0.1628372306589453,0.1671018276762402
590,0.1628372306589453,0.1671018276762402
591,0.1628372306589453,0.1671018276762402
592,0.1628372306589453,0.1671018276762402
593,0.1628372306589453,0.1671018276762402
594,0.1628372306589453,0.1671018276762402
595,0.1628372306589453,0.1671018276762402
596,0.1628372306589453,0.1671018276762402
597,0.1628372306589453,0.1671018276762402
598,0.1628372306589453,0.1671018276762402
599,0.1628372306589453,0.1671018276762402
600,0.1628372306589453,0.1671018276762402
601,0.1628372306589453,0.1671018276762402
602,0.1628372306589453,0.1671018276762402
603,0.1628372306589453,0.1671018276762402
604,0.1628372306589453,0.1671018276762402
605,0.1628372306589453,0.1671018276762402
606,0.1628372306589453,0.1671018276762402
607,0.1628372306589453,0.1671018276762402
608,0.1628372306589453,0.1671018276762402
609,0.1628372306589453,0.1671018276762402
610,0.1628372306589453,0.1671018276762402
611,0.1628372306589453,0.1671018276762402
612,0.1628372306589453,0.1671018276762402
613,0.1628372306589453,0.1671018276762402
614,0.1628372306589453,0.1671018276762402
615,0.1628372306589453,0.1671018276762402
616,0.15744006783773123,0.16175231676495366
617,0.15648329693195762,0.16080402010050251
618,0.15771550561702308,0.1620253164556962
619,0.15447035454930835,0.1588089330024814
620,0.15689196545970985,0.16120906801007556
621,0.15567208549526135,0.16
622,0.15924717602893845,0.16354344122657583
623,0.158826610542119,0.1631265930331351
624,0.15896656079689764,0.16326530612244897
625,0.15896656079689764,0.16326530612244897
626,0.15896656079689764,0.16326530612244897
627,0.15924717602893845,0.16354344122657583
628,0.15938784222392732,0.16368286445012786
629,0.15924717602893845,0.16354344122657583
630,0.15952874828683994,0.16382252559726962
631,0.15840818195970208,0.16271186440677968
632,0.15938784222392732,0.16368286445012786
633,0.15981128247480614,0.16410256410256407
634,0.15813040871141815,0.16243654822335027
635,0.15910674908989497,0.16340425531914893
636,0.15771550561702308,0.1620253164556962
637,0.15854742172621028,0.16284987277353688
638,0.15924717602893845,0.16354344122657583
639,0.15938784222392732,0.16368286445012786
640,0.15938784222392732,0.16368286445012786
641,0.15952874828683994,0.16382252559726962
642,0.15896656079689764,0.16326530612244897
643,0.1602368981862482,0.16452442159383032
644,0.1602368981862482,0.16452442159383032
645,0.1602368981862482,0.16452442159383032
646,0.16080779892726527,0.1650902837489252
647,0.16080779892726527,0.1650902837489252
648,0.16052185887625425,0.1648068669527897
649,0.15910674908989497,0.16340425531914893
650,0.15924717602893845,0.16354344122657583
651,0.15981128247480614,0.16410256410256407
652,0.16009478353060758,0.1643835616438356
653,0.15966989483174432,0.16396242527754057
654,0.15995291183429794,0.16424294268605644
655,0.16066470616635242,0.16494845360824742
656,0.15910674908989497,0.16340425531914893
657,0.15966989483174432,0.16396242527754057
658,0.158826610542119,0.1631265930331351
659,0.15981128247480614,0.16410256410256407
660,0.15910674908989497,0.16340425531914893
661,0.1573026964703923,0.1616161616161616
662,0.15826917782063898,0.1625740897544454
663,0.15854742172621028,0.16284987277353688
664,0.15799187403645687,0.16229923922231612
665,0.15840818195970208,0.16271186440677968
666,0.15924717602893845,0.16354344122657583
667,0.15966989483174432,0.16396242527754057
668,0.15868689771979372,0.16298811544991512
669,0.15924717602893845,0.16354344122657583
670,0.15995291183429794,0.16424294268605644
671,0.15910674908989497,0.16340425531914893
672,0.16052185887625425,0.1648068669527897
673,0.158826610542119,0.1631265930331351
674,0.15924717602893845,0.16354344122657583
675,0.15771550561702308,0.1620253164556962
676,0.16066470616635242,0.16494845360824742
677,0.16066470616635242,0.16494845360824742
678,0.16052185887625425,0.1648068669527897
679,0.15995291183429794,0.16424294268605644
680,0.16009478353060758,0.1643835616438356
681,0.16009478353060758,0.1643835616438356
682,0.16037925642586714,0.16466552315608918
683,0.16095113779226788,0.16523235800344235
684,0.15995291183429794,0.16424294268605644
685,0.1616715459963921,0.1659464131374244
686,0.1612385563785529,0.16551724137931034
687,0.16109472339681552,0.16537467700258396
688,0.1612385563785529,0.16551724137931034
689,0.15981128247480614,0.16410256410256407
690,0.16080779892726527,0.1650902837489252
691,0.16109472339681552,0.16537467700258396
692,0.16109472339681552,0.16537467700258396
693,0.16052185887625425,0.1648068669527897
694,0.1613826373773235,0.16566005176876616
695,0.1613826373773235,0.16566005176876616
696,0.1616715459963921,0.1659464131374244
697,0.1616715459963921,0.1659464131374244
698,0.16181637490745837,0.16608996539792387
699,0.16052185887625425,0.1648068669527897
700,0.16080779892726527,0.1650902837489252
701,0.16052185887625425,0.1648068669527897
702,0.16009478353060758,0.1643835616438356
703,0.16066470616635242,0.16494845360824742
704,0.15896656079689764,0.16326530612244897
705,0.15896656079689764,0.16326530612244897
706,0.15868689771979372,0.16298811544991512
707,0.15924717602893845,0.16354344122657583
708,0.15952874828683994,0.16382252559726962
709,0.15952874828683994,0.16382252559726962
710,0.15896656079689764,0.16326530612244897
711,0.15981128247480614,0.16410256410256407
712,0.16066470616635242,0.16494845360824742
713,0.1616715459963921,0.1659464131374244
714,0.1613826373773235,0.16566005176876616
715,0.1613826373773235,0.16566005176876616
716,0.1616715459963921,0.1659464131374244
717,0.16196145441711418,0.1662337662337662
718,0.1613826373773235,0.16566005176876616
719,0.16196145441711418,0.1662337662337662
720,0.16196145441711418,0.1662337662337662
721,0.16239820305873187,0.16666666666666666
722,0.16254429149518268,0.16681146828844481
723,0.16254429149518268,0.16681146828844481
724,0.16239820305873187,0.16666666666666666
725,0.16239820305873187,0.16666666666666666
726,0.16239820305873187,0.16666666666666666
727,0.1622523678383786,0.16652211621856025
728,0.16254429149518268,0.16681146828844481
729,0.16181637490745837,0.16608996539792387
730,0.16239820305873187,0.16666666666666666
731,0.16239820305873187,0.16666666666666666
732,0.16239820305873187,0.16666666666666666
733,0.16181637490745837,0.16608996539792387
734,0.16269063380779925,0.16695652173913045
735,0.16254429149518268,0.16681146828844481
736,0.16269063380779925,0.16695652173913045
737,0.1628372306589453,0.1671018276762402
738,0.16254429149518268,0.16681146828844481
739,0.16269063380779925,0.16695652173913045
740,0.1628372306589453,0.1671018276762402
741,0.1628372306589453,0.1671018276762402
742,0.16254429149518268,0.16681146828844481
743,0.1628372306589453,0.1671018276762402
744,0.16269063380779925,0.16695652173913045
745,0.1628372306589453,0.1671018276762402
746,0.1628372306589453,0.1671018276762402
747,0.1628372306589453,0.1671018276762402
748,0.1628372306589453,0.1671018276762402
749,0.1628372306589453,0.1671018276762402
750,0.1628372306589453,0.1671018276762402
751,0.16269063380779925,0.16695652173913045
752,0.16269063380779925,0.16695652173913045
753,0.16269063380779925,0.16695652173913045
754,0.16239820305873187,0.16666666666666666
755,0.16269063380779925,0.16695652173913045
756,0.16269063380779925,0.16695652173913045
757,0.1628372306589453,0.1671018276762402
758,0.16269063380779925,0.16695652173913045
759,0.16269063380779925,0.16695652173913045
760,0.16254429149518268,0.16681146828844481
761,0.1628372306589453,0.1671018276762402
762,0.1628372306589453,0.1671018276762402
763,0.16269063380779925,0.16695652173913045
764,0.16269063380779925,0.16695652173913045
765,0.16269063380779925,0.16695652173913045
766,0.16269063380779925,0.16695652173913045
767,0.1628372306589453,0.1671018276762402
768,0.16254429149518268,0.16681146828844481
769,0.1622523678383786,0.16652211621856025
770,0.16269063380779925,0.16695652173913045
771,0.1628372306589453,0.1671018276762402
772,0.16269063380779925,0.16695652173913045
773,0.16269063380779925,0.16695652173913045
774,0.16269063380779925,0.16695652173913045
775,0.16269063380779925,0.16695652173913045
776,0.16269063380779925,0.16695652173913045
777,0.16210678517634114,0.1663778162911612
778,0.1622523678383786,0.16652211621856025
779,0.1628372306589453,0.1671018276762402
780,0.16254429149518268,0.16681146828844481
781,0.16254429149518268,0.16681146828844481
782,0.16254429149518268,0.16681146828844481
783,0.1628372306589453,0.1671018276762402
784,0.1628372306589453,0.1671018276762402
785,0.16254429149518268,0.16681146828844481
786,0.1628372306589453,0.1671018276762402
787,0.1628372306589453,0.1671018276762402
788,0.1628372306589453,0.1671018276762402
789,0.1628372306589453,0.1671018276762402
790,0.16269063380779925,0.16695652173913045
791,0.1628372306589453,0.1671018276762402
792,0.16269063380779925,0.16695652173913045
793,0.16269063380779925,0.16695652173913045
794,0.16269063380779925,0.16695652173913045
795,0.1628372306589453,0.1671018276762402
796,0.1628372306589453,0.1671018276762402
797,0.1628372306589453,0.1671018276762402
798,0.16269063380779925,0.16695652173913045
799,0.16269063380779925,0.16695652173913045
800,0.1628372306589453,0.1671018276762402
801,0.16269063380779925,0.16695652173913045
802,0.1628372306589453,0.1671018276762402
803,0.1628372306589453,0.1671018276762402
804,0.1628372306589453,0.1671018276762402
805,0.1628372306589453,0.1671018276762402
806,0.1628372306589453,0.1671018276762402
807,0.1628372306589453,0.1671018276762402
808,0.1628372306589453,0.1671018276762402
809,0.1628372306589453,0.1671018276762402
810,0.1628372306589453,0.1671018276762402
811,0.1628372306589453,0.1671018276762402
812,0.16254429149518268,0.16681146828844481
813,0.1628372306589453,0.1671018276762402
814,0.16254429149518268,0.16681146828844481
815,0.1628372306589453,0.1671018276762402
816,0.1628372306589453,0.1671018276762402
817,0.16269063380779925,0.16695652173913045
818,0.1628372306589453,0.1671018276762402
819,0.1628372306589453,0.1671018276762402
820,0.1628372306589453,0.1671018276762402
821,0.1628372306589453,0.1671018276762402
822,0.1628372306589453,0.1671018276762402
823,0.1628372306589453,0.1671018276762402
824,0.1628372306589453,0.1671018276762402
825,0.1628372306589453,0.1671018276762402
826,0.1628372306589453,0.1671018276762402
827,0.1628372306589453,0.1671018276762402
828,0.1628372306589453,0.1671018276762402
829,0.16239820305873187,0.16666666666666666
830,0.1628372306589453,0.1671018276762402
831,0.16239820305873187,0.16666666666666666
832,0.16239820305873187,0.16666666666666666
833,0.16239820305873187,0.16666666666666666
834,0.16239820305873187,0.16666666666666666
835,0.16239820305873187,0.16666666666666666
836,0.16239820305873187,0.16666666666666666
837,0.1622523678383786,0.16652211621856025
838,0.1622523678383786,0.16652211621856025
839,0.1628372306589453,0.1671018276762402
840,0.16239820305873187,0.16666666666666666
841,0.1622523678383786,0.16652211621856025
842,0.5166555674104871,0.5183098591549296
843,0.5166555674104871,0.5183098591549296
844,0.5137352864140484,0.515406162464986
845,0.5137352864140484,0.515406162464986
846,0.5137352864140484,0.515406162464986
847,0.5166555674104871,0.5183098591549296
848,0.5079915657685257,0.5096952908587257
849,0.5166555674104871,0.5183098591549296
850,0.5065754216867471,0.5082872928176795
851,0.5065754216867471,0.5082872928176795
852,0.4982398038714454,0.5
853,0.5023734376876056,0.504109589041096
854,0.5166555674104871,0.5183098591549296
855,0.5065754216867471,0.5082872928176795
856,0.5166555674104871,0.5183098591549296
857,0.5094155584864084,0.5111111111111111
858,0.5166555674104871,0.5183098591549296
859,0.5166555674104871,0.5183098591549296
860,0.5166555674104871,0.5183098591549296
861,0.5166555674104871,0.5183098591549296
862,0.5166555674104871,0.5183098591549296
863,0.5166555674104871,0.5183098591549296
864,0.5166555674104871,0.5183098591549296
865,0.43386388674763376,0.43601895734597157
866,0.446707258855905,0.448780487804878
867,0.5094155584864084,0.5111111111111111
868,0.5079915657685257,0.5096952908587257
869,0.43490626042536484,0.43705463182897863
870,0.43490626042536484,0.43705463182897863
871,0.38653652096228774,0.38900634249471455
872,0.34773285829745815,0.35047619047619044
873,0.4511567389733111,0.4532019704433498
874,0.44126577662472577,0.44337349397590364
875,0.5166555674104871,0.5183098591549296
876,0.5166555674104871,0.5183098591549296
877,0.5166555674104871,0.5183098591549296
878,0.5166555674104871,0.5183098591549296
879,0.5166555674104871,0.5183098591549296
880,0.5166555674104871,0.5183098591549296
881,0.5094155584864084,0.5111111111111111
882,0.5166555674104871,0.5183098591549296
883,0.5166555674104871,0.5183098591549296
884,0.5166555674104871,0.5183098591549296
885,0.5151913353211581,0.5168539325842697
886,0.5166555674104871,0.5183098591549296
887,0.5122873522800545,0.5139664804469273
888,0.5166555674104871,0.5183098591549296
889,0.5166555674104871,0.5183098591549296
890,0.5166555674104871,0.5183098591549296
891,0.5166555674104871,0.5183098591549296
892,0.5166555674104871,0.5183098591549296
893,0.5166555674104871,0.5183098591549296
894,0.5166555674104871,0.5183098591549296
895,0.5166555674104871,0.5183098591549296
896,0.5166555674104871,0.5183098591549296
897,0.5166555674104871,0.5183098591549296
898,0.5166555674104871,0.5183098591549296
899,0.5166555674104871,0.5183098591549296
900,0.5051670615302868,0.5068870523415979
901,0.5137352864140484,0.515406162464986
902,0.5079915657685257,0.5096952908587257
903,0.5108474652704615,0.5125348189415042
904,0.5051670615302868,0.5068870523415979
905,0.5647613805846801,0.5661538461538461
906,0.527140232219236,0.5287356321839081
907,0.579123186141394,0.5804416403785488
908,0.579123186141394,0.5804416403785488
909,0.5718530418371596,0.5732087227414331
910,0.528672487361906,0.5302593659942364
911,0.5181280518622421,0.519774011299435
912,0.5754653851099508,0.5768025078369906
913,0.5754653851099508,0.5768025078369906
914,0.579123186141394,0.5804416403785488
915,0.5544444266453978,0.5558912386706949
916,0.5578417094101191,0.5592705167173253
917,0.5884722874326469,0.5897435897435899
918,0.5578417094101191,0.5592705167173253
919,0.5647613805846801,0.5661538461538461
920,0.579123186141394,0.5804416403785488
921,0.5647613805846801,0.5661538461538461
922,0.5665179236613345,0.5679012345679013
923,0.5647613805846801,0.5661538461538461
924,0.527140232219236,0.5287356321839081
925,0.5137352864140484,0.515406162464986
926,0.5256167362303495,0.5272206303724929
927,0.5647613805846801,0.5661538461538461
928,0.6040687125258011,0.6052631578947367
929,0.5380542649045973,0.5395894428152493
930,0.5302135774156624,0.5317919075144509
931,0.5302135774156624,0.5317919075144509
932,0.5196088586386276,0.5212464589235128
933,0.5225957229907734,0.5242165242165243
934,0.579123186141394,0.5804416403785488
935,0.5494245920172326,0.5508982035928145
936,0.5630155853694239,0.5644171779141105
937,0.586578637467027,0.5878594249201278
938,0.5981250653227969,0.5993485342019543
939,0.5981250653227969,0.5993485342019543
940,0.6121779580707291,0.6133333333333334
941,0.6163139816072627,0.6174496644295302
942,0.6163139816072627,0.6174496644295302
943,0.646892308538527,0.6478873239436621
944,0.7629453703692992,0.7634854771784232
945,0.7629453703692992,0.7634854771784232
946,0.7525817330068718,0.7531380753138075
947,0.6935424969769427,0.6943396226415095
948,0.7629453703692992,0.7634854771784232
949,0.7577850651741831,0.7583333333333334
950,0.7266036157472262,0.7272727272727273
951,0.7208780729985116,0.7215686274509805
952,0.7015247877804093,0.7022900763358779
953,0.7577850651741831,0.7583333333333334
954,0.7420438170857226,0.7426160337552742
955,0.7577850651741831,0.7583333333333334
956,0.7577850651741831,0.7583333333333334
957,0.6831755129378856,0.6840148698884758
958,0.7222268880744177,0.7228915662650602
959,0.7420438170857226,0.7426160337552742
960,0.7525817330068718,0.7531380753138075
961,0.7422549011797883,0.742857142857143
962,0.7525817330068718,0.7531380753138075
963,0.7473348334717507,0.7478991596638656
964,0.7204272644284896,0.721030042918455
965,0.7266036157472262,0.7272727272727273
966,0.7629453703692992,0.7634854771784232
967,0.7420438170857226,0.7426160337552742
968,0.7420438170857226,0.7426160337552742
969,0.7525817330068718,0.7531380753138075
970,0.7525817330068718,0.7531380753138075
971,0.7420438170857226,0.7426160337552742
972,0.7367081250863798,0.7372881355932203
973,0.7313271892352935,0.7319148936170213
974,0.7367081250863798,0.7372881355932203
975,0.7259004316162796,0.7264957264957265
976,0.7042261948646278,0.7049808429118773
977,0.7069483131991243,0.7076923076923076
978,0.7180487369162916,0.7187500000000001
979,0.7422549011797883,0.742857142857143
980,0.7473348334717507,0.7478991596638656
981,0.759779722233423,0.7603305785123967
982,0.7629453703692992,0.7634854771784232
983,0.7629453703692992,0.7634854771784232
984,0.7629453703692992,0.7634854771784232
985,0.7629453703692992,0.7634854771784232
986,0.7629453703692992,0.7634854771784232
987,0.7629453703692992,0.7634854771784232
988,0.7629453703692992,0.7634854771784232
989,0.7577850651741831,0.7583333333333334
990,0.7525817330068718,0.7531380753138075
991,0.7525817330068718,0.7531380753138075
992,0.7313271892352935,0.7319148936170213
993,0.6689781662214136,0.6696428571428571
994,0.7149070897741678,0.7155172413793103
995,0.6569807222713948,0.6576576576576576
996,0.6323280308967181,0.6330275229357798
997,0.6260234124665284,0.6267281105990784
998,0.6807640744883827,0.6814159292035398
999,0.6260234124665284,0.6267281105990784
1000,0.6323280308967181,0.6330275229357798
