,Random_Knn,Random_Lightgbm,Random_GradientBoosting,Random_Catboost,Uncertainty_Knn,Uncertainty_Lightgbm,Uncertainty_GradientBoosting,Uncertainty_Catboost,Entropy_Knn,Entropy_Lightgbm,Entropy_GradientBoosting,Entropy_Catboost,Margin_Knn,Margin_Lightgbm,Margin_GradientBoosting,Margin_Catboost,Knn_light,Knn_gradient,Knn_catboost,light_gradient,light_catboost,gradient_catboost,lg_gb_cb,Knn_gb_cb,Knn_lg_cb,Knn_lg_gb,Knn_lg_gb_cb
0,0.03257475,0,0,0,0.03257475,0,0,0.0,0.03257475,0,0,0.0,0.03257475,0,0,0.0,0.032982266,0.032982266,0.032982266,0.0,0.0,0.0,0.0,0.0,0.0,0.0,0.0
1,0.03257475,0,0,0,0.03257475,0,0,0.0,0.03257475,0,0,0.0,0.03257475,0,0,0.0,0.0,0.0,0.032982266,0.0,0.0,0.0,0.0,0.0,0.0,0.0,0.0
2,0.03257475,0,0,0,0.03257475,0,0,0.0,0.03257475,0,0,0.0,0.03257475,0,0,0.0,0.0,0.0,0.032684846,0.0,0.0,0.0,0.0,0.0,0.0,0.0,0.0
3,0.03257475,0,0,0,0.03257475,0,0,0.0,0.03257475,0,0,0.0,0.03257475,0,0,0.0,0.0,0.0,0.013551861,0.0,0.0,0.0,0.0,0.0,0.0,0.0,0.0
4,0.03257475,0,0,0,0.03257475,0,0,0.0,0.03257475,0,0,0.0,0.03257475,0,0,0.0,0.0,0.0,0.016538428,0.0,0.0,0.0,0.0,0.0,0.0,0.0,0.0
5,0.03257475,0,0,0,0.03257475,0,0,0.0,0.03257475,0,0,0.0,0.03257475,0,0,0.0,0.0,0.0,0.018206749,0.0,0.0,0.0,0.0,0.0,0.0,0.0,0.0
6,0.03257475,0,0,0,0.03257475,0,0,0.0,0.03257475,0,0,0.0,0.03257475,0,0,0.0,0.0,0.0,0.018206749,0.0,0.0,0.0,0.0,0.0,0.0,0.0,0.0
7,0.03257475,0,0,0,0.03257475,0,0,0.0,0.03257475,0,0,0.0,0.03257475,0,0,0.0,0.0,0.0,0.017639919,0.0,0.0,0.0,0.0,0.0,0.0,0.0,0.0
8,0.03257475,0,0,0,0.03257475,0,0,0.0,0.03257475,0,0,0.0,0.03257475,0,0,0.0,0.0,0.0,0.017639919,0.0,0.0,0.0,0.0,0.0,0.0,0.0,0.0
9,0.03257475,0,0,0,0.03257475,0,0,0.0,0.03257475,0,0,0.0,0.03257475,0,0,0.0,0.0,0.0,0.017639919,0.0,0.0,0.0,0.0,0.0,0.0,0.0,0.0
10,0.03257475,0,0,0,0.03257475,0,0,0.0,0.03257475,0,0,0.0,0.03257475,0,0,0.0,0.0,0.0,0.017639919,0.0,0.0,0.0,0.0,0.0166279145627878,0.0166279145627878,0.0,0.0
11,0.03257475,0,0,0,0.03257475,0,0,0.0,0.03257475,0,0,0.0,0.03257475,0,0,0.0,0.0,0.0,0.017639919,0.0,0.0,0.0,0.0,0.0166279145627878,0.0166279145627878,0.0,0.0
12,0.03257475,0,0,0,0.03257475,0,0,0.0,0.03257475,0,0,0.0,0.03257475,0,0,0.0,0.0,0.0,0.017639919,0.0,0.0,0.0,0.0,0.0166279145627878,0.0166279145627878,0.0,0.0
13,0.03257475,0,0,0,0.03257475,0,0,0.0,0.03257475,0,0,0.0,0.03257475,0,0,0.0,0.0,0.0,0.017639919,0.0,0.0,0.0,0.0,0.0166279145627878,0.0166279145627878,0.0,0.0
14,0.03257475,0,0,0,0.03257475,0,0,0.0,0.03257475,0,0,0.0,0.03257475,0,0,0.0,0.0,0.0,0.017639919,0.0,0.0,0.0,0.0,0.0166279145627878,0.0166279145627878,0.0,0.0
15,0.03257475,0,0,0,0.03257475,0,0,0.0,0.03257475,0,0,0.0,0.03257475,0,0,0.0,0.0,0.0,0.017639919,0.0,0.0,0.0,0.0,0.0166279145627878,0.0166279145627878,0.0,0.0
16,0.03257475,0,0,0,0.03257475,0,0,0.0,0.03257475,0,0,0.0,0.03257475,0,0,0.0,0.0,0.0,0.017639919,0.0,0.0,0.0,0.0,0.0166279145627878,0.0166279145627878,0.0,0.0
17,0.03257475,0,0,0,0.03257475,0,0,0.0,0.03257475,0,0,0.0,0.03257475,0,0,0.0,0.0,0.0,0.017639919,0.0,0.0,0.0,0.0,0.0166279145627878,0.0166279145627878,0.0,0.0
18,0.03257475,0,0,0,0.03257475,0,0,0.0,0.03257475,0,0,0.0,0.03257475,0,0,0.0,0.0,0.0,0.017639919,0.0,0.0,0.0,0.0,0.0166279145627878,0.0166279145627878,0.0,0.0
19,0.03257475,0,0,0,0.03257475,0,0,0.0,0.03257475,0,0,0.0,0.03257475,0,0,0.0,0.0,0.0,0.017639919,0.0,0.0,0.0,0.0,0.0166279145627878,0.0166279145627878,0.0,0.0
20,0.03257475,0,0,0,0.03257475,0,0,0.0,0.03257475,0,0,0.0,0.03257475,0,0,0.0,0.0,0.0,0.017639919,0.0,0.0,0.0,0.0,0.0166279145627878,0.0166279145627878,0.0,0.0
21,0.03257475,0,0,0,0.03257475,0,0,0.0,0.03257475,0,0,0.0,0.03257475,0,0,0.0,0.015941391,0.015941391,0.017639919,0.0,0.0,0.0,0.0,0.0166279145627878,0.0166279145627878,0.0,0.0
22,0.03257475,0,0,0,0.03257475,0,0,0.0,0.03257475,0,0,0.0,0.03257475,0,0,0.0,0.024623632,0.024623632,0.017639919,0.0,0.0,0.0,0.0,0.0166279145627878,0.0166279145627878,0.0,0.0
23,0.03257475,0,0,0,0.03257475,0,0,0.0,0.03257475,0,0,0.0,0.03257475,0,0,0.0,0.011925034,0.011925034,0.017639919,0.0,0.0,0.0,0.0,0.0166279145627878,0.0166279145627878,0.0,0.0166279145627878
24,0.03257475,0,0,0,0.03257475,0,0,0.0,0.03257475,0,0,0.0,0.03257475,0,0,0.0,0.01288825,0.01288825,0.017639919,0.0,0.0,0.0,0.0,0.0159413911711732,0.0159413911711732,0.0,0.0166279145627878
25,0.03257475,0,0,0,0.03257475,0,0,0.0,0.03257475,0,0,0.0,0.03257475,0,0,0.0,0.012703264,0.012703264,0.017639919,0.0,0.0,0.0,0.0,0.0498679207344491,0.0498679207344491,0.0,0.0166279145627878
26,0.03257475,0,0,0,0.03257475,0,0,0.0,0.03257475,0,0,0.0,0.03257475,0,0,0.0,0.011767792,0.011767792,0.017639919,0.0,0.0,0.0,0.0,0.0368504412857089,0.0368504412857089,0.0,0.0166279145627878
27,0.03257475,0,0,0,0.03257475,0,0,0.0,0.03257475,0,0,0.0,0.03257475,0,0,0.0,0.010413228,0.010413228,0.017639919,0.0,0.0,0.0,0.0,0.0103321209318677,0.0103321209318677,0.0,0.0166279145627878
28,0.03257475,0,0,0,0.03257475,0,0,0.0,0.03257475,0,0,0.0,0.03257475,0,0,0.0,0.01028989,0.01028989,0.017639919,0.0,0.0,0.0,0.0,0.0133072560835583,0.0133072560835583,0.0,0.0166279145627878
29,0.03257475,0,0,0,0.03257475,0,0,0.0,0.03257475,0,0,0.0,0.03257475,0,0,0.0,0.01028989,0.01028989,0.017639919,0.0,0.0,0.0,0.0,0.0123730019269084,0.0123730019269084,0.0,0.0166279145627878
30,0.03257475,0,0,0,0.03257475,0,0,0.0,0.03257475,0,0,0.0,0.03257475,0,0,0.0,0.01028989,0.01028989,0.017639919,0.0,0.0,0.0,0.0,0.0097476530983071,0.0097476530983071,0.0,0.0166279145627878
31,0.03257475,0,0,0,0.03257475,0,0,0.0,0.03257475,0,0,0.0,0.03257475,0,0,0.0,0.01028989,0.01028989,0.017639919,0.0,0.0,0.0,0.0,0.0083104780488063,0.0083104780488063,0.0,0.0166279145627878
32,0.03257475,0,0,0,0.03257475,0,0,0.0,0.03257475,0,0,0.0,0.03257475,0,0,0.0,0.01028989,0.01028989,0.017639919,0.0,0.0,0.0,0.0,0.0082835065496396,0.0082835065496396,0.0,0.0166279145627878
33,0.03257475,0,0,0,0.03257475,0,0,0.0,0.03257475,0,0,0.0,0.03257475,0,0,0.0,0.01028989,0.01028989,0.017639919,0.0,0.0,0.0,0.0,0.0082566462083563,0.0082566462083563,0.0,0.0166279145627878
34,0.03257475,0,0,0,0.03257475,0,0,0.0,0.03257475,0,0,0.0,0.03257475,0,0,0.0,0.01028989,0.01028989,0.017639919,0.0,0.0,0.0,0.0,0.0064635205400011,0.0064635205400011,0.0102898902970735,0.0166279145627878
35,0.03257475,0,0,0,0.03257475,0,0,0.0,0.03257475,0,0,0.0,0.03257475,0,0,0.0,0.01028989,0.01028989,0.017639919,0.0,0.0,0.0,0.0,0.0071687274621048,0.0071687274621048,0.0102898902970735,0.0166279145627878
36,0.03257475,0,0,0,0.03257475,0,0,0.0,0.03257475,0,0,0.0,0.03257475,0,0,0.0,0.01027631,0.01027631,0.017639919,0.0,0.0,0.0,0.0,0.0065711758102645,0.0065711758102645,0.0102763098415205,0.0166279145627878
37,0.03257475,0,0,0,0.03257475,0,0,0.0,0.03257475,0,0,0.0,0.03257475,0,0,0.0,0.01015518,0.01015518,0.017639919,0.0,0.0,0.0,0.0,0.0061637086232352,0.0061637086232352,0.0101551803849813,0.0166279145627878
38,0.03257475,0,0,0,0.03257475,0,0,0.0,0.03257475,0,0,0.0,0.03257475,0,0,0.0,0.01015518,0.01015518,0.017639919,0.0,0.0,0.0,0.0,0.0061637086232352,0.0061637086232352,0.0101551803849813,0.0166279145627878
39,0.03257475,0,0,0,0.03257475,0,0,0.0,0.03257475,0,0,0.0,0.03257475,0,0,0.0,0.011939949,0.011939949,0.017639919,0.0,0.0,0.0,0.0,0.0079172726321731,0.0079172726321731,0.0119399494487038,0.0166279145627878
40,0.03257475,0,0,0,0.03257475,0,0,0.0,0.03257475,0,0,0.0,0.03257475,0,0,0.0,0.011939949,0.011939949,0.017639919,0.0,0.0,0.0,0.0,0.0114462723349819,0.0114462723349819,0.0119399494487038,0.0166279145627878
41,0.03257475,0,0,0,0.03257475,0,0,0.0,0.03257475,0,0,0.0,0.03257475,0,0,0.0,0.010440912,0.010440912,0.017639919,0.0,0.0,0.0,0.0,0.0118006478368963,0.0118006478368963,0.0104409115592783,0.0166279145627878
42,0.03257475,0,0,0,0.03257475,0,0,0.0,0.03257475,0,0,0.0,0.03257475,0,0,0.0,0.006793557,0.006793557,0.017639919,0.0,0.0,0.0,0.0,0.0097733782585398,0.0097733782585398,0.0067935569136282,0.0166279145627878
43,0.03257475,0,0,0,0.03257475,0,0,0.0,0.03257475,0,0,0.0,0.03257475,0,0,0.0,0.006793557,0.006793557,0.017639919,0.0,0.0,0.0,0.0,0.0078540285093628,0.0078540285093628,0.0067935569136282,0.0166279145627878
44,0.03257475,0,0,0,0.03257475,0,0,0.0,0.03257475,0,0,0.0,0.03257475,0,0,0.0,0.006793557,0.006793557,0.017639919,0.0,0.0,0.0,0.0,0.0076314857902571,0.0076314857902571,0.0067935569136282,0.0166279145627878
45,0.03257475,0,0,0,0.03257475,0,0,0.0,0.03257475,0,0,0.0,0.03257475,0,0,0.0,0.006576034,0.006576034,0.017639919,0.0,0.0,0.0,0.0,0.0074993144402705,0.0074993144402705,0.0065760343742513,0.0166279145627878
46,0.03257475,0,0,0,0.03257475,0,0,0.0,0.03257475,0,0,0.0,0.03257475,0,0,0.0,0.006576034,0.006576034,0.017639919,0.0,0.0,0.0,0.0,0.0072432594049008,0.0072432594049008,0.0065760343742513,0.0166279145627878
47,0.03257475,0,0,0,0.03257475,0,0,0.0,0.03257475,0,0,0.0,0.03257475,0,0,0.0,0.006576034,0.006576034,0.01952857,0.0,0.0,0.0,0.0,0.0073815835715551,0.0073815835715551,0.0065760343742513,0.0166279145627878
48,0.03257475,0,0,0,0.03257475,0,0,0.0,0.03257475,0,0,0.0,0.03257475,0,0,0.0,0.006545627,0.006545627,0.01952857,0.0,0.0,0.0,0.0,0.0071752733636839,0.0071752733636839,0.0065456270617085,0.0166279145627878
49,0.03257475,0,0,0,0.03257475,0,0,0.0,0.03257475,0,0,0.0,0.03257475,0,0,0.0,0.006495309,0.006495309,0.017639919,0.0,0.0,0.0,0.0,0.0072318746234543,0.0072318746234543,0.0064953093720225,0.0166279145627878
50,0.03257475,0,0,0,0.03257475,0,0,0.0,0.03257475,0,0,0.0,0.03257475,0,0,0.0,0.006495309,0.006495309,0.017525378,0.0,0.0,0.0,0.0,0.0072546658393636,0.0072546658393636,0.0064953093720225,0.0166279145627878
51,0.03257475,0,0,0,0.03257475,0,0,0.0,0.03257475,0,0,0.0,0.03257475,0,0,0.0,0.006495309,0.006495309,0.018142417,0.0,0.0,0.0,0.0,0.0071080536750897,0.0071080536750897,0.0064953093720225,0.0166279145627878
52,0.03257475,0,0,0,0.03257475,0,0,0.0,0.03257475,0,0,0.0,0.03257475,0,0,0.0,0.006465333,0.006465333,0.018142417,0.0,0.0,0.0,0.0,0.0052486067996815,0.0052486067996815,0.0064653333391745,0.0166279145627878
53,0.03257475,0,0,0,0.03257475,0,0,0.0,0.03257475,0,0,0.0,0.03257475,0,0,0.0,0.006327532,0.006327532,0.020951254,0.0,0.0,0.0,0.0,0.0070305821155883,0.0070305821155883,0.0063275320328374,0.0166279145627878
54,0.03257475,0,0,0,0.03257475,0,0,0.0,0.03257475,0,0,0.0,0.03257475,0,0,0.0,0.007902161,0.007902161,0.023775761,0.0,0.0166279145627878,0.0166279145627878,0.0,0.0069541161528007,0.0069541161528007,0.0079021612324663,0.0166279145627878
55,0.03257475,0,0,0,0.03257475,0,0,0.0,0.03257475,0,0,0.0,0.03257475,0,0,0.0,0.007902161,0.007902161,0.023775761,0.0,0.0166279145627878,0.0166279145627878,0.0,0.0069976890002863,0.0069976890002863,0.0079021612324663,0.0166279145627878
56,0.03257475,0,0,0,0.03257475,0,0,0.0,0.03257475,0,0,0.0,0.03257475,0,0,0.0,0.007634433,0.007634433,0.023775761,0.0,0.0,0.0,0.0,0.007019597298687,0.007019597298687,0.007634433486428,0.0166279145627878
57,0.03257475,0,0,0,0.03257475,0,0,0.0,0.03257475,0,0,0.0,0.03257475,0,0,0.0,0.007634433,0.007634433,0.023775761,0.0,0.0,0.0,0.0,0.0058055051544103,0.0058055051544103,0.007634433486428,0.0166279145627878
58,0.03257475,0,0,0,0.03257475,0,0,0.0,0.03257475,0,0,0.0,0.03257475,0,0,0.0,0.007634433,0.007634433,0.023775761,0.0,0.0,0.0,0.0,0.0080144633606474,0.0080144633606474,0.007634433486428,0.0329822658737828
59,0.03257475,0,0,0,0.03257475,0,0,0.0,0.03257475,0,0,0.0,0.03257475,0,0,0.0,0.007634433,0.007634433,0.023775761,0.0,0.0,0.0,0.0,0.0034374369061215,0.0034374369061215,0.007634433486428,0.0162790515852953
60,0.03257475,0,0,0,0.03257475,0,0,0.0,0.03257475,0,0,0.0,0.03257475,0,0,0.0,0.007634433,0.007634433,0.023775761,0.0,0.0,0.0,0.0,0.003721417303775,0.003721417303775,0.007634433486428,0.0134932176949554
61,0.03257475,0,0,0,0.03257475,0,0,0.0,0.03257475,0,0,0.0,0.03257475,0,0,0.0,0.007634433,0.007634433,0.023775761,0.0,0.0,0.0,0.0,0.0038652926753268,0.0038652926753268,0.007634433486428,0.011591283268927
62,0.03257475,0,0,0,0.03257475,0,0,0.0,0.03257475,0,0,0.0,0.03257475,0,0,0.0,0.007634433,0.007634433,0.023775761,0.0,0.0,0.0,0.0,0.0042411727846152,0.0042411727846152,0.007634433486428,0.0085864617354285
63,0.03257475,0,0,0,0.03257475,0,0,0.0,0.03257475,0,0,0.0,0.03257475,0,0,0.0,0.007634433,0.007634433,0.023775761,0.0,0.0,0.0,0.0,0.0040374957589217,0.0040374957589217,0.007634433486428,0.0082969783614059
64,0.03257475,0,0,0,0.03257475,0,0,0.0,0.03257475,0,0,0.0,0.03257475,0,0,0.0,0.007634433,0.007634433,0.023775761,0.0,0.0,0.0,0.0,0.0040964365853617,0.0040964365853617,0.007634433486428,0.0082835065496396
65,0.03257475,0,0,0,0.03257475,0,0,0.0,0.03257475,0,0,0.0,0.03257475,0,0,0.0,0.007634433,0.007634433,0.023775761,0.0,0.0,0.0,0.0,0.0040964365853617,0.0040964365853617,0.007634433486428,0.008419489539836
66,0.03257475,0,0,0,0.03257475,0,0,0.0,0.03257475,0,0,0.0,0.03257475,0,0,0.0,0.00762396,0.00762396,0.023775761,0.0,0.0,0.0,0.0,0.0040374957589217,0.0040374957589217,0.0076239598281339,0.0083511452327007
67,0.03257475,0,0,0,0.03257475,0,0,0.0,0.03257475,0,0,0.0,0.03257475,0,0,0.0,0.00762396,0.00762396,0.023775761,0.0,0.0,0.0,0.0,0.0018151088939591,0.0018151088939591,0.0076239598281339,0.0080327258723033
68,0.03257475,0,0,0,0.03257475,0,0,0.0,0.03257475,0,0,0.0,0.03257475,0,0,0.0,0.00762396,0.00762396,0.023775761,0.0,0.0,0.0,0.0,0.0040845852606231,0.0040845852606231,0.0076239598281339,0.0118006478368963
69,0.03257475,0,0,0,0.03257475,0,0,0.0,0.03257475,0,0,0.0,0.03257475,0,0,0.0,0.00762396,0.00762396,0.023775761,0.0,0.0,0.0,0.0,0.0043907230571725,0.0043907230571725,0.0076239598281339,0.0080716793382745
70,0.03257475,0,0,0,0.03257475,0,0,0.0,0.03257475,0,0,0.0,0.03257475,0,0,0.0,0.00762396,0.00762396,0.023775761,0.0,0.0,0.0,0.0,0.0041561733013417,0.0041561733013417,0.0076239598281339,0.0114148073601467
71,0.03257475,0,0,0,0.03257475,0,0,0.0,0.03257475,0,0,0.0,0.03257475,0,0,0.0,0.00762396,0.00762396,0.023775761,0.0,0.0,0.0,0.0,0.0060350742541203,0.0060350742541203,0.0076239598281339,0.0081899771844204
72,0.03257475,0,0,0,0.03257475,0,0,0.0,0.03257475,0,0,0.0,0.03257475,0,0,0.0,0.00762396,0.00762396,0.023775761,0.0,0.0,0.0,0.0,0.0015274867828043,0.0015274867828043,0.0076239598281339,0.01115221056935
73,0.03257475,0,0,0,0.03257475,0,0,0.016627915,0.03257475,0,0,0.016627915,0.03257475,0,0,0.016627915,0.00762396,0.00762396,0.023775761,0.0,0.0,0.0,0.0,0.0045061913062558,0.0045061913062558,0.0076239598281339,0.0094630103361785
74,0.03257475,0,0,0,0.03257475,0,0,0.0,0.03257475,0,0,0.0,0.03257475,0,0,0.0,0.00762396,0.00762396,0.023775761,0.0,0.0,0.0,0.0,0.0035351168439712,0.0035351168439712,0.0076239598281339,0.0099928811341688
75,0.03257475,0,0,0,0.03257475,0,0,0.032982266,0.03257475,0,0,0.032982266,0.03257475,0,0,0.032982266,0.00762396,0.00762396,0.023775761,0.0,0.0,0.0,0.0,0.0022245357194005,0.0022245357194005,0.0076239598281339,0.0098312707711289
76,0.03257475,0,0,0,0.03257475,0,0,0.016627915,0.03257475,0,0,0.016627915,0.03257475,0,0,0.016627915,0.00762396,0.00762396,0.023775761,0.0,0.0,0.0,0.0,0.0059999144273111,0.0059999144273111,0.0076239598281339,0.0114305245520009
77,0.03257475,0,0,0,0.03257475,0,0,0.016627915,0.03257475,0,0,0.016627915,0.03257475,0,0,0.016627915,0.00762396,0.00762396,0.023775761,0.0,0.0,0.0,0.0,0.0047873048750646,0.0047873048750646,0.0076239598281339,0.0115733666808619
78,0.03257475,0,0,0,0.03257475,0,0,0.016627915,0.03257475,0,0,0.016627915,0.03257475,0,0,0.016627915,0.00762396,0.00762396,0.023775761,0.0,0.0,0.0,0.0,0.0061209116106881,0.0061209116106881,0.0076239598281339,0.0114148073601467
79,0.03257475,0,0,0,0.03257475,0,0,0.016627915,0.03257475,0,0,0.016627915,0.03257475,0,0,0.016627915,0.00762396,0.00762396,0.023775761,0.0,0.0,0.0,0.0,0.005918716029249,0.005918716029249,0.0076239598281339,0.0110916581736896
80,0.03257475,0,0,0,0.03257475,0,0,0.016627915,0.03257475,0,0,0.016627915,0.03257475,0,0,0.016627915,0.007582242,0.007582242,0.023775761,0.0,0.0,0.0,0.0,0.0080144633606474,0.0080144633606474,0.0075822417323517,0.0111067530029844
81,0.03257475,0,0,0,0.03257475,0,0,0.016627915,0.03257475,0,0,0.016627915,0.03257475,0,0,0.016627915,0.007582242,0.007582242,0.023775761,0.0,0.0,0.0,0.0,0.0078478009590536,0.0078478009590536,0.0075822417323517,0.0109127363618319
82,0.03257475,0,0,0,0.03257475,0,0,0.016627915,0.03257475,0,0,0.016627915,0.03257475,0,0,0.016627915,0.007582242,0.007582242,0.023775761,0.0,0.0166279145627878,0.0166279145627878,0.0,0.0097675249264757,0.0097675249264757,0.0075822417323517,0.0108393727592859
83,0.03257475,0,0,0,0.03257475,0,0,0.016627915,0.03257475,0,0,0.016627915,0.03257475,0,0,0.016627915,0.007582242,0.007582242,0.023775761,0.0,0.0,0.0,0.0,0.0100223716113306,0.0100223716113306,0.0075822417323517,0.0107666931579372
84,0.03257475,0,0,0,0.03257475,0,0,0.016627915,0.03257475,0,0,0.016627915,0.03257475,0,0,0.016627915,0.007582242,0.007582242,0.023775761,0.0,0.0166279145627878,0.0166279145627878,0.0,0.0092211983099167,0.0092211983099167,0.0075822417323517,0.0107378106989669
85,0.03257475,0,0,0,0.03257475,0,0,0.016627915,0.03257475,0,0,0.016627915,0.03257475,0,0,0.016627915,0.007582242,0.007582242,0.023775761,0.0,0.0166279145627878,0.0166279145627878,0.0,0.009236679238699,0.009236679238699,0.0075822417323517,0.0107378106989669
86,0.03257475,0,0,0,0.03257475,0,0,0.016627915,0.03257475,0,0,0.016627915,0.03257475,0,0,0.016627915,0.007582242,0.007582242,0.023775761,0.0,0.0125985817928213,0.0125985817928213,0.0,0.0092833285371497,0.0092833285371497,0.0075822417323517,0.0105386051361765
87,0.03257475,0,0,0,0.03257475,0,0,0.016627915,0.03257475,0,0,0.016627915,0.03257475,0,0,0.016627915,0.007582242,0.007582242,0.023775761,0.0,0.0,0.0,0.0,0.0093933964003261,0.0093933964003261,0.0075822417323517,0.0105105647132529
88,0.03257475,0,0,0,0.03257475,0,0,0.016627915,0.03257475,0,0,0.016627915,0.03257475,0,0,0.016627915,0.007582242,0.007582242,0.023775761,0.0,0.0328151663129754,0.0328151663129754,0.0609533727593061,0.0088157900834086,0.0088157900834086,0.0075822417323517,0.0105526640217576
89,0.03257475,0,0,0,0.03257475,0,0,0.016627915,0.03257475,0,0,0.016627915,0.03257475,0,0,0.016627915,0.007582242,0.007582242,0.023775761,0.0,-0.0004333679349912,-0.0004333679349912,0.0,0.0105158542553966,0.0105158542553966,0.0075822417323517,0.0123218785721174
90,0.03257475,0,0,0,0.03257475,0,0,0.016627915,0.03257475,0,0,0.016627915,0.03257475,0,0,0.016627915,0.007582242,0.007582242,0.023775761,0.0,0.0319382352580713,0.0319382352580713,-0.0004002965068701,0.0105158542553966,0.0105158542553966,0.0075822417323517,0.0123062661259485
91,0.03257475,0,0,0,0.03257475,0,0,0.016627915,0.03257475,0,0,0.016627915,0.03257475,0,0,0.016627915,0.007582242,0.007582242,0.023775761,0.0,0.0246610946137726,0.0246610946137726,0.0460405641685052,0.0088424488279712,0.0088424488279712,0.0075822417323517,0.0123062661259485
92,0.03257475,0,0,0,0.03257475,0,0,0.016627915,0.03257475,0,0,0.016627915,0.03257475,0,0,0.016627915,0.007582242,0.007582242,0.023775761,0.0,0.0322453512915718,0.0322453512915718,0.0466396857544572,0.0081931584227704,0.0081931584227704,0.0075822417323517,0.0116464928821382
93,0.03257475,0,0,0,0.03257475,0,0,0.016627915,0.03257475,0,0,0.016627915,0.03257475,0,0,0.016627915,0.007582242,0.007582242,0.023775761,0.0,0.0,0.0,0.0,0.0079021612324663,0.0079021612324663,0.0075822417323517,0.0114050484654731
94,0.03257475,0,0,0,0.03257475,0,0,0.016627915,0.03257475,0,0,0.016627915,0.03257475,0,0,0.016627915,0.007582242,0.007582242,0.023775761,0.0,0.0,0.0,0.0,0.0079021612324663,0.0079021612324663,0.0075822417323517,0.0130991501408611
95,0.03257475,0,0,0,0.03257475,0,0,0.016627915,0.03257475,0,0,0.016627915,0.03257475,0,0,0.016627915,0.007582242,0.007582242,0.023775761,0.0,0.0,0.0,0.0,0.0079021612324663,0.0079021612324663,0.0075822417323517,0.0114190540873915
96,0.03257475,0,0,0,0.03257475,0,0,0.016627915,0.03257475,0,0,0.016627915,0.03257475,0,0,0.016627915,0.007582242,0.007582242,0.023775761,0.0,0.0,0.0,0.0,0.0079021612324663,0.0079021612324663,0.0075822417323517,0.0131300449781591
97,0.03257475,0,0,0,0.03257475,0,0,0.016627915,0.03257475,0,0,0.016627915,0.03257475,0,0,0.016627915,0.007582242,0.007582242,0.023775761,0.0,0.0,0.0,0.0,0.0079021612324663,0.0079021612324663,0.0075822417323517,0.0130376796373118
98,0.03257475,0,0,0,0.03257475,0,0,0.016627915,0.03257475,0,0,0.016627915,0.03257475,0,0,0.016627915,0.007582242,0.007582242,0.023775761,0.0,0.0,0.0,0.0,0.0079021612324663,0.0079021612324663,0.0075822417323517,0.0130223781050211
99,0.03257475,0,0,0,0.03257475,0,0,0.016627915,0.03257475,0,0,0.016627915,0.03257475,0,0,0.016627915,0.007582242,0.007582242,0.023775761,0.0,0.0,0.0,0.0,0.0078803178153384,0.0078803178153384,0.0075822417323517,0.0130223781050211
100,0.03257475,0,0,0,0.03257475,0,0,0.016627915,0.03257475,0,0,0.016627915,0.03257475,0,0,0.016627915,0.007571856,0.007571856,0.023775761,0.0,0.0,0.0,0.0,0.0078803178153384,0.0078803178153384,0.0075718561197724,0.0130223781050211
101,0.03257475,0,0,0,0.03257475,0,0,0.016627915,0.03257475,0,0,0.016627915,0.03257475,0,0,0.016627915,0.007571856,0.007571856,0.023775761,0.0,0.0,0.0,0.0,0.0078368564488303,0.0078368564488303,0.0075718561197724,0.0129614343106085
102,0.03257475,0,0,0,0.03257475,0,0,0.016627915,0.03257475,0,0,0.016627915,0.03257475,0,0,0.016627915,0.007571856,0.007571856,0.023775761,0.0,0.0,0.0,0.0,0.0078368564488303,0.0078368564488303,0.0075718561197724,0.0128557823317877
103,0.03257475,0,0,0,0.03257475,0,0,0.016627915,0.03257475,0,0,0.016627915,0.03257475,0,0,0.016627915,0.007571856,0.007571856,0.023775761,0.0,0.0,0.0,0.0,0.0077722222801178,0.0077722222801178,0.0075718561197724,0.0126482149119986
104,0.03257475,0,0,0,0.03257475,0,0,0.016627915,0.03257475,0,0,0.016627915,0.03257475,0,0,0.016627915,0.007571856,0.007571856,0.023775761,0.0,0.0,0.0,0.0,0.0077615143926399,0.0077615143926399,0.0075718561197724,0.0126482149119986
105,0.03257475,0,0,0,0.03257475,0,0,0.016627915,0.03257475,0,0,0.016627915,0.03257475,0,0,0.016627915,0.007571856,0.007571856,0.023775761,0.0,0.0,0.0,0.0,0.0076554340785272,0.0076554340785272,0.0075718561197724,0.0126335757787291
106,0.03257475,0,0,0,0.03257475,0,0,0.016627915,0.03257475,0,0,0.016627915,0.03257475,0,0,0.016627915,0.007571856,0.007571856,0.023775761,0.0,0.0,0.0,0.0,0.0075718561197724,0.0075718561197724,0.0075718561197724,0.0126335757787291
107,0.03257475,0,0,0,0.03257475,0,0,0.016627915,0.03257475,0,0,0.016627915,0.03257475,0,0,0.016627915,0.007571856,0.007571856,0.023775761,0.0,0.0,0.0,0.0,0.0075718561197724,0.0075718561197724,0.0075718561197724,0.0126335757787291
108,0.03257475,0,0,0,0.03257475,0,0,0.016627915,0.03257475,0,0,0.016627915,0.03257475,0,0,0.016627915,0.007571856,0.007571856,0.023775761,0.0,0.0,0.0,0.0,0.0075718561197724,0.0075718561197724,0.0075718561197724,0.0126335757787291
109,0.03257475,0,0,0,0.03257475,0,0,0.016627915,0.03257475,0,0,0.016627915,0.03257475,0,0,0.016627915,0.007571856,0.007571856,0.023775761,0.0,0.0,0.0,0.0,0.0075718561197724,0.0075718561197724,0.0075718561197724,0.0126335757787291
110,0.03257475,0,0,0,0.03257475,0,0,0.016627915,0.03257475,0,0,0.016627915,0.03257475,0,0,0.016627915,0.007571856,0.007571856,0.023775761,0.0,0.0,0.0,0.0,0.0075718561197724,0.0075718561197724,0.0075718561197724,0.0126335757787291
111,0.03257475,0,0,0,0.03257475,0,0,0.016627915,0.03257475,0,0,0.016627915,0.03257475,0,0,0.016627915,0.007571856,0.007571856,0.023775761,0.0,0.0,0.0,0.0,0.0075718561197724,0.0075718561197724,0.0075718561197724,0.0126335757787291
112,0.03257475,0,0,0,0.03257475,0,0,0.016627915,0.03257475,0,0,0.016627915,0.03257475,0,0,0.016627915,0.007571856,0.007571856,0.023583687,0.0,0.0,0.0,0.0,0.0075718561197724,0.0075718561197724,0.0075718561197724,0.0126335757787291
113,0.03257475,0,0,0,0.03257475,0,0,0.016627915,0.03257475,0,0,0.016627915,0.03257475,0,0,0.016627915,0.007571856,0.007571856,0.023775761,0.0,0.0,0.0,0.0,0.0075718561197724,0.0075718561197724,0.0075718561197724,0.0126335757787291
114,0.03257475,0,0,0,0.03257475,0,0,0.016627915,0.03257475,0,0,0.016627915,0.03257475,0,0,0.016627915,0.007571856,0.007571856,0.023775761,0.0,0.0,0.0,0.0,0.0075718561197724,0.0075718561197724,0.0075718561197724,0.0126335757787291
115,0.03257475,0,0,0,0.03257475,0,0,0.016627915,0.03257475,0,0,0.016627915,0.03257475,0,0,0.016627915,0.007571856,0.007571856,0.023775761,0.0,0.0,0.0,0.0,0.0075718561197724,0.0075718561197724,0.0075718561197724,0.0126335757787291
116,0.03257475,0,0,0,0.03257475,0,0,0.016627915,0.03257475,0,0,0.016627915,0.03257475,0,0,0.016627915,0.007571856,0.007571856,0.023775761,0.0,0.0,0.0,0.0,0.0075718561197724,0.0075718561197724,0.0075718561197724,0.0126335757787291
117,0.03257475,0,0,0,0.03257475,0,0,0.016627915,0.03257475,0,0,0.016627915,0.03257475,0,0,0.016627915,0.007571856,0.007571856,0.023775761,0.0,0.0,0.0,0.0,0.0075718561197724,0.0075718561197724,0.0075718561197724,0.0126335757787291
118,0.03257475,0,0,0,0.03257475,0,0,0.016627915,0.03257475,0,0,0.016627915,0.03257475,0,0,0.016627915,0.007571856,0.007571856,0.023775761,0.0,0.0,0.0,0.0,0.0075718561197724,0.0075718561197724,0.0075718561197724,0.0126335757787291
119,0.03257475,0,0,0,0.03257475,0,0,0.016627915,0.03257475,0,0,0.016627915,0.03257475,0,0,0.016627915,0.007571856,0.007571856,0.023775761,0.0,0.0,0.0,0.0,0.0075718561197724,0.0075718561197724,0.0075718561197724,0.0126335757787291
120,0.03257475,0,0,0,0.03257475,0,0,0.016627915,0.03257475,0,0,0.016627915,0.03257475,0,0,0.016627915,0.007571856,0.007571856,0.023775761,0.0,0.0,0.0,0.0,0.0075718561197724,0.0075718561197724,0.0075718561197724,0.0126335757787291
121,0.03257475,0,0,0,0.03257475,0,0,0.016627915,0.03257475,0,0,0.016627915,0.03257475,0,0,0.016627915,0.007571856,0.007571856,0.023775761,0.0,0.0,0.0,0.0,0.0075718561197724,0.0075718561197724,0.0075718561197724,0.0126335757787291
122,0.03257475,0,0,0,0.03257475,0,0,0.016627915,0.03257475,0,0,0.016627915,0.03257475,0,0,0.016627915,0.007571856,0.007571856,0.023775761,0.0,0.0,0.0,0.0,0.0075718561197724,0.0075718561197724,0.0075718561197724,0.0126335757787291
123,0.03257475,0,0,0,0.03257475,0,0,0.016627915,0.03257475,0,0,0.016627915,0.03257475,0,0,0.016627915,0.007571856,0.007571856,0.023775761,0.0,0.0,0.0,0.0,0.0075718561197724,0.0075718561197724,0.0075718561197724,0.0126335757787291
124,0.03257475,0,0,0,0.03257475,0,0,0.016627915,0.03257475,0,0,0.016627915,0.03257475,0,0,0.016627915,0.007571856,0.007571856,0.023775761,0.0,0.0,0.0,0.0,0.0075718561197724,0.0075718561197724,0.0075718561197724,0.0126335757787291
125,0.03257475,0,0,0,0.03257475,0,0,0.016627915,0.03257475,0,0,0.016627915,0.03257475,0,0,0.016627915,0.007571856,0.007571856,0.023775761,0.0,0.0,0.0,0.0,0.0075718561197724,0.0075718561197724,0.0075718561197724,0.0126335757787291
126,0.03257475,0,0,0,0.03257475,0,0,0.016627915,0.03257475,0,0,0.016627915,0.03257475,0,0,0.016627915,0.007571856,0.007571856,0.023775761,0.0,0.0,0.0,0.0,0.0075718561197724,0.0075718561197724,0.0075718561197724,0.0126335757787291
127,0.03257475,0,0,0,0.03257475,0,0,0.016627915,0.03257475,0,0,0.016627915,0.03257475,0,0,0.016627915,0.007571856,0.007571856,0.023775761,0.0,0.0,0.0,0.0,0.0075718561197724,0.0075718561197724,0.0075718561197724,0.0126335757787291
128,0.03257475,0,0,0,0.03257475,0,0,0.016627915,0.03257475,0,0,0.016627915,0.03257475,0,0,0.016627915,0.007571856,0.007571856,0.023775761,0.0,0.0,0.0,0.0,0.0075718561197724,0.0075718561197724,0.0075718561197724,0.0126335757787291
129,0.03257475,0,0,0,0.03257475,0,0,0.016627915,0.03257475,0,0,0.016627915,0.03257475,0,0,0.016627915,0.007571856,0.007571856,0.023775761,0.0,0.0,0.0,0.0,0.0075718561197724,0.0075718561197724,0.0075718561197724,0.0126335757787291
130,0.03257475,0,0,0,0.03257475,0,0,0.016627915,0.03257475,0,0,0.016627915,0.03257475,0,0,0.016627915,0.007571856,0.007571856,0.023775761,0.0,0.0,0.0,0.0,0.0075718561197724,0.0075718561197724,0.0075718561197724,0.0126335757787291
131,0.03257475,0,0,0,0.03257475,0,0,0.016627915,0.03257475,0,0,0.016627915,0.03257475,0,0,0.016627915,0.007571856,0.007571856,0.023775761,0.0,0.0,0.0,0.0,0.0075718561197724,0.0075718561197724,0.0075718561197724,0.0126335757787291
132,0.03257475,0,0,0,0.03257475,0,0,0.016627915,0.03257475,0,0,0.016627915,0.03257475,0,0,0.016627915,0.007571856,0.007571856,0.023775761,0.0,0.0,0.0,0.0,0.0075718561197724,0.0075718561197724,0.0075718561197724,0.0126335757787291
133,0.03257475,0,0,0,0.03257475,0,0,0.016627915,0.03257475,0,0,0.016627915,0.03257475,0,0,0.016627915,0.007571856,0.007571856,0.023775761,0.0,0.0,0.0,0.0,0.0075718561197724,0.0075718561197724,0.0075718561197724,0.0125752647522395
134,0.03257475,0,0,0,0.03257475,0,0,0.016627915,0.03257475,0,0,0.016627915,0.03257475,0,0,0.016627915,0.007571856,0.007571856,0.023775761,0.0,0.0,0.0,0.0,0.0075718561197724,0.0075718561197724,0.0075718561197724,0.0125752647522395
135,0.03257475,0,0,0,0.03257475,0,0,0.016627915,0.03257475,0,0,0.016627915,0.03257475,0,0,0.016627915,0.007571856,0.007571856,0.023775761,0.0,0.0,0.0,0.0,0.0075718561197724,0.0075718561197724,0.0075718561197724,0.0125752647522395
136,0.03257475,0,0,0,0.03257475,0,0,0.016627915,0.03257475,0,0,0.016627915,0.03257475,0,0,0.016627915,0.007571856,0.007571856,0.023775761,0.0,0.0,0.0,0.0,0.0075718561197724,0.0075718561197724,0.0075718561197724,0.0125752647522395
137,0.03257475,0,0,0,0.03257475,0,0,0.016627915,0.03257475,0,0,0.016627915,0.03257475,0,0,0.016627915,0.007571856,0.007571856,0.023775761,0.0,0.0,0.0,0.0,0.0075718561197724,0.0075718561197724,0.0075718561197724,0.0125752647522395
138,0.03257475,0,0,0,0.03257475,0,0,0.016627915,0.03257475,0,0,0.016627915,0.03257475,0,0,0.016627915,0.007571856,0.007571856,0.023775761,0.0,0.0,0.0,0.0,0.0075718561197724,0.0075718561197724,0.0075718561197724,0.0125752647522395
139,0.03257475,0,0,0,0.03257475,0,0,0.016627915,0.03257475,0,0,0.016627915,0.03257475,0,0,0.016627915,0.007571856,0.007571856,0.023775761,0.0,0.0,0.0,0.0,0.0075718561197724,0.0075718561197724,0.0075718561197724,0.0125752647522395
140,0.03257475,0,0,0,0.03257475,0,0,0.016627915,0.03257475,0,0,0.016627915,0.03257475,0,0,0.016627915,0.007571856,0.007571856,0.023775761,0.0,0.0,0.0,0.0,0.0075718561197724,0.0075718561197724,0.0075718561197724,0.0125752647522395
141,0.03257475,0,0,0,0.03257475,0,0,0.016627915,0.03257475,0,0,0.016627915,0.03257475,0,0,0.016627915,0.007571856,0.007571856,0.023775761,0.0,0.0,0.0,0.0,0.0075718561197724,0.0075718561197724,0.0075718561197724,0.0125752647522395
142,0.03257475,0,0,0,0.03257475,0,0,0.016627915,0.03257475,0,0,0.016627915,0.03257475,0,0,0.016627915,0.007571856,0.007571856,0.023775761,0.0,0.0,0.0,0.0,0.0075718561197724,0.0075718561197724,0.0075718561197724,0.0125752647522395
143,0.03257475,0,0,0,0.03257475,0,0,0.016627915,0.03257475,0,0,0.016627915,0.03257475,0,0,0.016627915,0.007571856,0.007571856,0.023775761,0.0,0.0,0.0,0.0,0.0075718561197724,0.0075718561197724,0.0075718561197724,0.0125752647522395
144,0.03257475,0,0,0,0.03257475,0,0,0.016627915,0.03257475,0,0,0.016627915,0.03257475,0,0,0.016627915,0.007571856,0.007571856,0.023775761,0.0,0.0,0.0,0.0,0.0075718561197724,0.0075718561197724,0.0075718561197724,0.0125752647522395
145,0.03257475,0,0,0,0.03257475,0,0,0.016627915,0.03257475,0,0,0.016627915,0.03257475,0,0,0.016627915,0.007571856,0.007571856,0.023775761,0.0,0.0,0.0,0.0,0.0075718561197724,0.0075718561197724,0.0075718561197724,0.0125752647522395
146,0.03257475,0,0,0,0.03257475,0,0,0.016627915,0.03257475,0,0,0.016627915,0.03257475,0,0,0.016627915,0.007571856,0.007571856,0.023775761,0.0,0.0,0.0,0.0,0.0075718561197724,0.0075718561197724,0.0075718561197724,0.0125752647522395
147,0.03257475,0,0,0,0.03257475,0,0,0.016627915,0.03257475,0,0,0.016627915,0.03257475,0,0,0.016627915,0.007571856,0.007571856,0.023775761,0.0,0.0,0.0,0.0,0.0075718561197724,0.0075718561197724,0.0075718561197724,0.0125752647522395
148,0.03257475,0,0,0,0.03257475,0,0,0.016627915,0.03257475,0,0,0.016627915,0.03257475,0,0,0.016627915,0.007571856,0.007571856,0.023775761,0.0,0.0,0.0,0.0,0.0075718561197724,0.0075718561197724,0.0075718561197724,0.0125752647522395
149,0.03257475,0,0,0,0.03257475,0,0,0.016627915,0.03257475,0,0,0.016627915,0.03257475,0,0,0.016627915,0.007571856,0.007571856,0.023775761,0.0,0.0,0.0,0.0,0.0075718561197724,0.0075718561197724,0.0075718561197724,0.0125752647522395
150,0.03257475,0,0,0,0.03257475,0,0,0.016627915,0.03257475,0,0,0.016627915,0.03257475,0,0,0.016627915,0.007571856,0.007571856,0.023775761,0.0,0.0,0.0,0.0,0.0075718561197724,0.0075718561197724,0.0075718561197724,0.0125752647522395
151,0.03257475,0,0,0,0.03257475,0,0,0.016627915,0.03257475,0,0,0.016627915,0.03257475,0,0,0.016627915,0.007571856,0.007571856,0.023775761,0.0,0.0,0.0,0.0,0.0075718561197724,0.0075718561197724,0.0075718561197724,0.0125752647522395
152,0.03257475,0,0,0,0.03257475,0,0,0.016627915,0.03257475,0,0,0.016627915,0.03257475,0,0,0.016627915,0.007571856,0.007571856,0.023775761,0.0,0.0,0.0,0.0,0.0075718561197724,0.0075718561197724,0.0075718561197724,0.0125752647522395
153,0.03257475,0,0,0,0.03257475,0,0,0.016627915,0.03257475,0,0,0.016627915,0.03257475,0,0,0.016627915,0.007571856,0.007571856,0.023775761,0.0,0.0,0.0,0.0,0.0075718561197724,0.0075718561197724,0.0075718561197724,0.0125752647522395
154,0.03257475,0,0,0,0.03257475,0,0,0.016627915,0.03257475,0,0,0.016627915,0.03257475,0,0,0.016627915,0.007571856,0.007571856,0.023775761,0.0,0.0,0.0,0.0,0.0075718561197724,0.0075718561197724,0.0075718561197724,0.0125752647522395
155,0.023049261,0,0,0,0.03257475,0,0,0.016627915,0.03257475,0,0,0.016627915,0.03257475,0,0,0.016627915,0.007571856,0.007571856,0.023775761,0.0,0.0,0.0,0.0,0.0075718561197724,0.0075718561197724,0.0075718561197724,0.0125752647522395
156,0.023049261,0,0,0,0.03257475,0,0,0.016627915,0.03257475,0,0,0.016627915,0.03257475,0,0,0.016627915,0.007571856,0.007571856,0.023775761,0.0,0.0,0.0,0.0,0.0075718561197724,0.0075718561197724,0.0075718561197724,0.0125752647522395
157,0.023049261,0,0,0,0.03257475,0,0,0.016627915,0.03257475,0,0,0.016627915,0.03257475,0,0,0.016627915,0.007571856,0.007571856,0.023775761,0.0,0.0,0.0,0.0,0.0075718561197724,0.0075718561197724,0.0075718561197724,0.0125752647522395
158,0.023049261,0,0,0,0.03257475,0,0,0.016627915,0.03257475,0,0,0.016627915,0.03257475,0,0,0.016627915,0.007571856,0.007571856,0.023775761,0.0,0.0,0.0,0.0,0.0075718561197724,0.0075718561197724,0.0075718561197724,0.0125752647522395
159,0.023049261,0,0,0,0.03257475,0,0,0.016627915,0.03257475,0,0,0.016627915,0.03257475,0,0,0.016627915,0.007571856,0.007571856,0.023775761,0.0,0.0,0.0,0.0,0.0075718561197724,0.0075718561197724,0.0075718561197724,0.0125752647522395
160,0.023049261,0,0,0,0.03257475,0,0,0.016627915,0.03257475,0,0,0.016627915,0.03257475,0,0,0.016627915,0.007571856,0.007571856,0.023775761,0.0,0.0,0.0,0.0,0.0075718561197724,0.0075718561197724,0.0075718561197724,0.0125752647522395
161,0.023049261,0,0,0,0.03257475,0,0,0.016627915,0.03257475,0,0,0.016627915,0.03257475,0,0,0.016627915,0.007571856,0.007571856,0.023775761,0.0,0.0,0.0,0.0,0.0075718561197724,0.0075718561197724,0.0075718561197724,0.0125752647522395
162,0.023049261,0,0,0,0.03257475,0,0,0.016627915,0.03257475,0,0,0.016627915,0.03257475,0,0,0.016627915,0.007571856,0.007571856,0.023775761,0.0,0.0,0.0,0.0,0.0075718561197724,0.0075718561197724,0.0075718561197724,0.0125752647522395
163,0.023049261,0,0,0,0.03257475,0,0,0.016627915,0.03257475,0,0,0.016627915,0.03257475,0,0,0.016627915,0.007571856,0.007571856,0.023775761,0.0,0.0,0.0,0.0,0.0075718561197724,0.0075718561197724,0.0075718561197724,0.0125752647522395
164,0.023049261,0,0,0,0.03257475,0,0,0.016627915,0.03257475,0,0,0.016627915,0.03257475,0,0,0.016627915,0.007571856,0.007571856,0.023775761,0.0,0.0,0.0,0.0,0.0075718561197724,0.0075718561197724,0.0075718561197724,0.0125752647522395
165,0.023049261,0,0,0,0.03257475,0,0,0.016627915,0.03257475,0,0,0.016627915,0.03257475,0,0,0.016627915,0.007571856,0.007571856,0.023775761,0.0,0.0,0.0,0.0,0.0075718561197724,0.0075718561197724,0.0075718561197724,0.0125752647522395
166,0.023049261,0,0,0,0.03257475,0,0,0.016627915,0.03257475,0,0,0.016627915,0.03257475,0,0,0.016627915,0.007571856,0.007571856,0.023775761,0.0,0.0,0.0,0.0,0.0075718561197724,0.0075718561197724,0.0075718561197724,0.0125752647522395
167,0.023049261,0,0,0,0.03257475,0,0,0.016627915,0.03257475,0,0,0.016627915,0.03257475,0,0,0.016627915,0.007571856,0.007571856,0.023775761,0.0,0.0,0.0,0.0,0.0075718561197724,0.0075718561197724,0.0075718561197724,0.0125752647522395
168,0.023049261,0,0,0,0.03257475,0,0,0.016627915,0.03257475,0,0,0.016627915,0.03257475,0,0,0.016627915,0.007571856,0.007571856,0.023775761,0.0,0.0,0.0,0.0,0.0075718561197724,0.0075718561197724,0.0075718561197724,0.0125752647522395
169,0.023049261,0,0,0,0.03257475,0,0,0.016627915,0.03257475,0,0,0.016627915,0.03257475,0,0,0.016627915,0.007571856,0.007571856,0.023775761,0.0,0.0,0.0,0.0,0.0075718561197724,0.0075718561197724,0.0075718561197724,0.0125752647522395
170,0.023049261,0,0,0,0.03257475,0,0,0.016627915,0.03257475,0,0,0.016627915,0.03257475,0,0,0.016627915,0.007571856,0.007571856,0.023775761,0.0,0.0,0.0,0.0,0.0075718561197724,0.0075718561197724,0.0075718561197724,0.0125752647522395
171,0.023049261,0,0,0,0.03257475,0,0,0.016627915,0.03257475,0,0,0.016627915,0.03257475,0,0,0.016627915,0.007571856,0.007571856,0.023775761,0.0,0.0,0.0,0.0,0.0075718561197724,0.0075718561197724,0.0075718561197724,0.0125607480637265
172,0.023049261,0,0,0,0.03257475,0,0,0.016627915,0.03257475,0,0,0.016627915,0.03257475,0,0,0.016627915,0.007571856,0.007571856,0.023775761,0.0,0.0,0.0,0.0,0.0075718561197724,0.0075718561197724,0.0075718561197724,0.0125607480637265
173,0.023049261,0,0,0,0.03257475,0,0,0.016627915,0.03257475,0,0,0.016627915,0.03257475,0,0,0.016627915,0.007571856,0.007571856,0.023775761,0.0,0.0,0.0,0.0,0.0075718561197724,0.0075718561197724,0.0075718561197724,0.0125607480637265
174,0.023049261,0,0,0,0.03257475,0,0,0.016627915,0.03257475,0,0,0.016627915,0.03257475,0,0,0.016627915,0.007571856,0.007571856,0.023775761,0.0,0.0,0.0,0.0,0.0075718561197724,0.0075718561197724,0.0075718561197724,0.0125607480637265
175,0.023049261,0,0,0,0.03257475,0,0,0.016627915,0.03257475,0,0,0.016627915,0.03257475,0,0,0.016627915,0.007571856,0.007571856,0.023775761,0.0,0.0,0.0,0.0,0.0075718561197724,0.0075718561197724,0.0075718561197724,0.0125607480637265
176,0.023049261,0,0,0,0.03257475,0,0,0.016627915,0.03257475,0,0,0.016627915,0.03257475,0,0,0.016627915,0.007571856,0.007571856,0.023775761,0.0,0.0,0.0,0.0,0.0075718561197724,0.0075718561197724,0.0075718561197724,0.0125607480637265
177,0.023049261,0,0,0,0.03257475,0,0,0.016627915,0.03257475,0,0,0.016627915,0.03257475,0,0,0.016627915,0.007571856,0.007571856,0.023775761,0.0,0.0,0.0,0.0,0.0075718561197724,0.0075718561197724,0.0075718561197724,0.0125607480637265
178,0.023049261,0,0,0,0.03257475,0,0,0.016627915,0.03257475,0,0,0.016627915,0.03257475,0,0,0.016627915,0.007571856,0.007571856,0.023775761,0.0,0.0,0.0,0.0,0.0075718561197724,0.0075718561197724,0.0075718561197724,0.0125607480637265
179,0.023049261,0,0,0,0.03257475,0,0,0.016627915,0.03257475,0,0,0.016627915,0.03257475,0,0,0.016627915,0.007571856,0.007571856,0.023775761,0.0,0.0,0.0,0.0,0.0075718561197724,0.0075718561197724,0.0075718561197724,0.0125607480637265
180,0.023049261,0,0,0,0.03257475,0,0,0.016627915,0.03257475,0,0,0.016627915,0.03257475,0,0,0.016627915,0.007571856,0.007571856,0.023775761,0.0,0.0,0.0,0.0,0.0075718561197724,0.0075718561197724,0.0075718561197724,0.0125607480637265
181,0.023049261,0,0,0,0.03257475,0,0,0.016627915,0.03257475,0,0,0.016627915,0.03257475,0,0,0.016627915,0.007571856,0.007571856,0.023775761,0.0,0.0,0.0,0.0,0.0075718561197724,0.0075718561197724,0.0075718561197724,0.0125607480637265
182,0.023049261,0,0,0,0.03257475,0,0,0.016627915,0.03257475,0,0,0.016627915,0.03257475,0,0,0.016627915,0.007571856,0.007571856,0.023775761,0.0,0.0,0.0,0.0,0.0075718561197724,0.0075718561197724,0.0075718561197724,0.0125607480637265
183,0.023049261,0,0,0,0.03257475,0,0,0.016627915,0.03257475,0,0,0.016627915,0.03257475,0,0,0.016627915,0.007571856,0.007571856,0.023775761,0.0,0.0,0.0,0.0,0.0075718561197724,0.0075718561197724,0.0075718561197724,0.0125607480637265
184,0.023049261,0,0,0,0.03257475,0,0,0.016627915,0.03257475,0,0,0.016627915,0.03257475,0,0,0.016627915,0.007571856,0.007571856,0.023775761,0.0,0.0,0.0,0.0,0.0075718561197724,0.0075718561197724,0.0075718561197724,0.0125607480637265
185,0.023049261,0,0,0,0.03257475,0,0,0.016627915,0.03257475,0,0,0.016627915,0.03257475,0,0,0.016627915,0.007571856,0.007571856,0.023775761,0.0,0.0,0.0,0.0,0.0075718561197724,0.0075718561197724,0.0075718561197724,0.0125607480637265
186,0.023049261,0,0,0,0.03257475,0,0,0.016627915,0.03257475,0,0,0.016627915,0.03257475,0,0,0.016627915,0.007571856,0.007571856,0.023775761,0.0,0.0,0.0,0.0,0.0075718561197724,0.0075718561197724,0.0075718561197724,0.0125607480637265
187,0.023049261,0,0,0,0.03257475,0,0,0.016627915,0.03257475,0,0,0.016627915,0.03257475,0,0,0.016627915,0.007571856,0.007571856,0.023775761,0.0,0.0,0.0,0.0,0.0075718561197724,0.0075718561197724,0.0075718561197724,0.0125607480637265
188,0.023049261,0,0,0,0.03257475,0,0,0.016627915,0.03257475,0,0,0.016627915,0.03257475,0,0,0.016627915,0.007571856,0.007571856,0.023775761,0.0,0.0,0.0,0.0,0.0075718561197724,0.0075718561197724,0.0075718561197724,0.0125607480637265
189,0.023049261,0,0,0,0.03257475,0,0,0.016627915,0.03257475,0,0,0.016627915,0.03257475,0,0,0.016627915,0.007571856,0.007571856,0.023775761,0.0,0.0,0.0,0.0,0.0075718561197724,0.0075718561197724,0.0075718561197724,0.0125607480637265
190,0.023049261,0,0,0,0.03257475,0,0,0.016627915,0.03257475,0,0,0.016627915,0.03257475,0,0,0.016627915,0.007571856,0.007571856,0.023775761,0.0,0.0,0.0,0.0,0.0075718561197724,0.0075718561197724,0.0075718561197724,0.0125607480637265
191,0.023049261,0,0,0,0.03257475,0,0,0.016627915,0.03257475,0,0,0.016627915,0.03257475,0,0,0.016627915,0.007571856,0.007571856,0.023775761,0.0,0.0,0.0,0.0,0.0075718561197724,0.0075718561197724,0.0075718561197724,0.0125607480637265
192,0.023049261,0,0,0,0.03257475,0,0,0.016627915,0.03257475,0,0,0.016627915,0.03257475,0,0,0.016627915,0.007571856,0.007571856,0.023775761,0.0,0.0,0.0,0.0,0.0075718561197724,0.0075718561197724,0.0075718561197724,0.0125607480637265
193,0.023049261,0,0,0,0.03257475,0,0,0.016627915,0.03257475,0,0,0.016627915,0.03257475,0,0,0.016627915,0.007571856,0.007571856,0.023775761,0.0,0.0,0.0,0.0,0.0075718561197724,0.0075718561197724,0.0075718561197724,0.0125607480637265
194,0.023049261,0,0,0,0.03257475,0,0,0.016627915,0.03257475,0,0,0.016627915,0.03257475,0,0,0.016627915,0.007571856,0.007571856,0.023775761,0.0,0.0,0.0,0.0,0.0075718561197724,0.0075718561197724,0.0075718561197724,0.0125607480637265
195,0.023049261,0,0,0,0.03257475,0,0,0.016627915,0.03257475,0,0,0.016627915,0.03257475,0,0,0.016627915,0.007571856,0.007571856,0.023775761,0.0,0.0,0.0,0.0,0.0075718561197724,0.0075718561197724,0.0075718561197724,0.0125607480637265
196,0.023049261,0,0,0,0.03257475,0,0,0.016627915,0.03257475,0,0,0.016627915,0.03257475,0,0,0.016627915,0.007571856,0.007571856,0.023775761,0.0,0.0,0.0,0.0,0.0075718561197724,0.0075718561197724,0.0075718561197724,0.0125607480637265
197,0.023049261,0,0,0,0.03257475,0,0,0.016627915,0.03257475,0,0,0.016627915,0.03257475,0,0,0.016627915,0.007571856,0.007571856,0.023775761,0.0,0.0,0.0,0.0,0.0075718561197724,0.0075718561197724,0.0075718561197724,0.0125607480637265
198,0.023049261,0,0,0,0.03257475,0,0,0.016627915,0.03257475,0,0,0.016627915,0.03257475,0,0,0.016627915,0.007571856,0.007571856,0.023775761,0.0,0.0,0.0,0.0,0.0075718561197724,0.0075718561197724,0.0075718561197724,0.0125607480637265
199,0.023049261,0,0,0,0.03257475,0,0,0.016627915,0.03257475,0,0,0.016627915,0.03257475,0,0,0.016627915,0.007571856,0.007571856,0.023775761,0.0,0.0,0.0,0.0,0.0075718561197724,0.0075718561197724,0.0075718561197724,0.0125607480637265
200,0.023049261,0,0,0,0.03257475,0,0,0.016627915,0.03257475,0,0,0.016627915,0.03257475,0,0,0.016627915,0.007571856,0.007571856,0.023775761,0.0,0.0,0.0,0.0,0.0075718561197724,0.0075718561197724,0.0075718561197724,0.0125607480637265
