,Random_Knn,Random_Lightgbm,Random_GradientBoosting,Random_Catboost,Uncertainty_Knn,Uncertainty_Lightgbm,Uncertainty_GradientBoosting,Uncertainty_Catboost,Entropy_Knn,Entropy_Lightgbm,Entropy_GradientBoosting,Entropy_Catboost,Margin_Knn,Margin_Lightgbm,Margin_GradientBoosting,Margin_Catboost,Knn_light,Knn_gradient,Knn_catboost,light_gradient,light_catboost,gradient_catboost,Knn_gb_cb,Knn_lg_cb,lg_gb_cb,Knn_lg_gb,Knn_lg_gb_cb
0,0.724543731,0.0,0.0,0.933427856,0.724543731,0.0,0.0,0.933427856,0.724543731,0.0,0.0,0.933427856,0.724543731,0.0,0.0,0.933427856,0.7245437310596672,0.7245437310596672,0.7245437310596672,0.0,0.9324943365591196,0.9324943365591196,0.7755762201819718,0.7755762201819718,0.6362958637678626,0.902661813224104,0.7826126948233116
1,0.724543731,0.0,0.0,0.921485482,0.724543731,0.0,0.0,0.949213319,0.724543731,0.0,0.0,0.949213319,0.724543731,0.0,0.0,0.949213319,0.7245437310596672,0.7245437310596672,0.729417647171344,0.0,0.9335366676131496,0.9335366676131496,0.7750383201719533,0.7750383201719533,0.7430823013021728,0.8923798399125251,0.7825296070264973
2,0.72462634,0.0,0.0,0.914716253,0.724543731,0.0,0.0,0.950669054,0.724543731,0.0,0.0,0.950669054,0.724543731,0.0,0.0,0.950669054,0.7238418123508021,0.7238418123508021,0.7537294735564918,0.0,0.9355736496904228,0.9355736496904228,0.7751875628496783,0.7751875628496783,0.8318565654695058,0.8936886849442537,0.7821691411303977
3,0.72462634,0.0,0.0,0.912222872,0.719937089,0.0,0.0,0.948967554,0.719937089,0.0,0.0,0.948967554,0.719937089,0.0,0.0,0.948967554,0.7279671146973647,0.7279671146973647,0.7593642131503189,0.0,0.9363429244334024,0.9363429244334024,0.7792663918397724,0.7792663918397724,0.861806826708113,0.916267078178147,0.7834639093635283
4,0.724470634,0.0,0.0,0.914184437,0.719937089,0.0,0.0,0.959412846,0.719937089,0.0,0.0,0.959412846,0.719937089,0.0,0.0,0.959412846,0.7328397111842602,0.7328397111842602,0.7579448061865214,0.0,0.9348971258197062,0.9348971258197062,0.7794575923810636,0.7794575923810636,0.8832699017627402,0.9131478109835528,0.7804091775243025
5,0.721840367,0.0,0.0,0.915696429,0.716934279,0.0,0.0,0.959381975,0.716934279,0.0,0.0,0.959381975,0.716934279,0.0,0.0,0.959381975,0.7328397111842602,0.7328397111842602,0.7581830184014344,0.0,0.936081546845042,0.936081546845042,0.8055375292923541,0.8055375292923541,0.9031100104520032,0.9390364071918388,0.780994025956059
6,0.721840367,0.0,0.0,0.919266344,0.716934279,0.0,0.0,0.960060214,0.716934279,0.0,0.0,0.960060214,0.716934279,0.0,0.0,0.960060214,0.7328397111842602,0.7328397111842602,0.733253628250258,0.0,0.9354483034178088,0.9354483034178088,0.808061023651873,0.808061023651873,0.9071399136573692,0.9401098782931148,0.7806357368518005
7,0.725006155,0.0,0.0,0.919688312,0.716934279,0.0,0.0,0.962876598,0.716934279,0.0,0.0,0.962876598,0.716934279,0.0,0.0,0.962876598,0.7328397111842602,0.7328397111842602,0.7550980643568744,0.0,0.9449975238301056,0.9449975238301056,0.8082633834593451,0.8082633834593451,0.9085590065338685,0.9400975923242356,0.7813686714456234
8,0.724575947,0.0,0.0,0.918693133,0.716934279,0.0,0.0,0.961653344,0.716934279,0.0,0.0,0.961653344,0.716934279,0.0,0.0,0.961653344,0.7329449595528132,0.7329449595528132,0.7612277827653875,0.0,0.939805527258194,0.939805527258194,0.8258498402454133,0.8258498402454133,0.9240417271497896,0.9425872232827338,0.7803640676611202
9,0.724575947,0.0,0.0,0.922152834,0.716934279,0.0,0.0,0.980331631,0.716934279,0.0,0.0,0.980331631,0.716934279,0.0,0.0,0.980331631,0.7338295555512826,0.7338295555512826,0.7709944057758716,0.0,0.9596431087266458,0.9596431087266458,0.8273488104049687,0.8273488104049687,0.94904177868997,0.9474029946108854,0.7818542665924031
10,0.724575947,0.0,0.0,0.924196689,0.716250787,0.0,0.0,0.981310153,0.716250787,0.0,0.0,0.981310153,0.716250787,0.0,0.0,0.981310153,0.7338295555512826,0.7338295555512826,0.7639331468835776,0.0,0.9580821125071972,0.9580821125071972,0.8305484174558523,0.8305484174558523,0.9527044993683514,0.9669785623462632,0.7890009300316981
11,0.724575947,0.0,0.0,0.917968347,0.716250787,0.0,0.0,0.981435556,0.716250787,0.0,0.0,0.981435556,0.716250787,0.0,0.0,0.981435556,0.7338295555512826,0.7338295555512826,0.7554670216619068,0.0,0.962269605288016,0.962269605288016,0.8294724715917254,0.8294724715917254,0.953125755856694,0.9703530309359262,0.7927261173582956
12,0.724575947,0.0,0.0,0.924614619,0.716250787,0.0,0.0,0.983467716,0.716250787,0.0,0.0,0.983467716,0.716250787,0.0,0.0,0.983467716,0.7417131041043188,0.7417131041043188,0.7622601848146442,0.0,0.9593607094968992,0.9593607094968992,0.8289965183298156,0.8289965183298156,0.9558370772782772,0.9702641595276555,0.8016240933618328
13,0.741791188,0.0,0.0,0.917563089,0.716250787,0.0,0.0,0.988101931,0.716250787,0.0,0.0,0.988101931,0.716250787,0.0,0.0,0.988101931,0.7455855414110983,0.7455855414110983,0.7650455724118047,0.0,0.9571483031128508,0.9571483031128508,0.8272494672169688,0.8272494672169688,0.9581696500452956,0.9455339720341768,0.8021052298497098
14,0.741791188,0.0,0.0,0.917976433,0.720295622,0.0,0.0,0.989466992,0.720295622,0.0,0.0,0.989466992,0.720295622,0.0,0.0,0.989466992,0.7482164838118022,0.7482164838118022,0.7708251989899423,0.0,0.9554570882482076,0.9554570882482076,0.8273697177064153,0.8273697177064153,0.9583655118697992,0.9652261494176736,0.8020616080703735
15,0.730037387,0.0,0.0,0.92376375,0.725037172,0.0,0.0,0.989790101,0.725037172,0.0,0.0,0.989790101,0.725037172,0.0,0.0,0.989790101,0.750864058872597,0.750864058872597,0.7744242979663734,0.0,0.9551857608669784,0.9551857608669784,0.8271524881601592,0.8271524881601592,0.9606972431924776,0.9565602339800456,0.8039816284212162
16,0.730037387,0.0,0.0,0.91825508,0.722744144,0.0,0.0,0.990430067,0.722744144,0.0,0.0,0.990430067,0.722744144,0.0,0.0,0.990430067,0.7511715250178339,0.7511715250178339,0.7759892200422684,0.0,0.9515273887973588,0.9515273887973588,0.8270789614183052,0.8270789614183052,0.9619084282687788,0.9565602339800456,0.803961056792126
17,0.73008812,0.0,0.0,0.928361637,0.722744144,0.0,0.0,0.990112789,0.722744144,0.0,0.0,0.990112789,0.722744144,0.0,0.0,0.990112789,0.7511715250178339,0.7511715250178339,0.7749166679819252,0.0,0.9562397333733176,0.9562397333733176,0.8343260308832418,0.8343260308832418,0.9640867970939782,0.9551683057333846,0.803922396902894
18,0.735346499,0.0,0.0,0.914387383,0.726604702,0.0,0.0,0.990068197,0.726604702,0.0,0.0,0.990068197,0.726604702,0.0,0.0,0.990068197,0.7532478631510683,0.7532478631510683,0.7775924794403455,0.0,0.9470842995948154,0.9470842995948154,0.8384667167514606,0.8384667167514606,0.9657549244342276,0.9424553093139736,0.8040043177437752
19,0.735346499,0.0,0.0,0.914372467,0.726604702,0.0,0.0,0.990066346,0.726604702,0.0,0.0,0.990066346,0.726604702,0.0,0.0,0.990066346,0.7532478631510683,0.7532478631510683,0.7805708868833757,0.0,0.9477672089572334,0.9477672089572334,0.8456936492620793,0.8456936492620793,0.964521904399396,0.9635266880673724,0.8043475943881105
20,0.735346499,0.0,0.0,0.917588749,0.726604702,0.0,0.0,0.990294101,0.726604702,0.0,0.0,0.990294101,0.726604702,0.0,0.0,0.990294101,0.7532478631510683,0.7532478631510683,0.7717454914672498,0.0,0.9450003278746164,0.9450003278746164,0.8447818331247461,0.8447818331247461,0.9620565580183696,0.9605588691609014,0.8035277703630654
21,0.735346499,0.0,0.0,0.913923214,0.732648537,0.0,0.0,0.990294101,0.732648537,0.0,0.0,0.990294101,0.732648537,0.0,0.0,0.990294101,0.7532990156875459,0.7532990156875459,0.7708507181525349,0.0,0.9606528148169214,0.9606528148169214,0.8383486303910461,0.8383486303910461,0.9646047507960318,0.9656745237448116,0.803696769674989
22,0.735346499,0.0,0.0,0.919341284,0.754414181,0.0,0.0,0.990068197,0.754414181,0.0,0.0,0.990068197,0.754414181,0.0,0.0,0.990068197,0.7532990156875459,0.7532990156875459,0.7734844785558508,0.0,0.966623112370168,0.966623112370168,0.8386034259140471,0.8386034259140471,0.9647861084448648,0.9748586971657052,0.803225705941014
23,0.728305112,0.0,0.0,0.914224574,0.754414181,0.0,0.0,0.990248776,0.754414181,0.0,0.0,0.990248776,0.754414181,0.0,0.0,0.990248776,0.7479164788443879,0.7479164788443879,0.7884034201262491,0.0,0.9644469237059616,0.9644469237059616,0.8386034259140471,0.8386034259140471,0.965896403416044,0.9748586971657052,0.8043740509430913
24,0.724081474,0.0,0.0,0.9160732,0.754414181,0.0,0.0,0.990338705,0.754414181,0.0,0.0,0.990338705,0.754414181,0.0,0.0,0.990338705,0.7479164788443879,0.7479164788443879,0.7926282869694882,0.0,0.9638615241616963,0.9638615241616963,0.8407440183170805,0.8407440183170805,0.9670132336685868,0.9766915112309597,0.8071432287003764
25,0.724081474,0.0,0.0,0.917703039,0.753000763,0.0,0.0,0.984653391,0.753000763,0.0,0.0,0.984653391,0.753000763,0.0,0.0,0.984653391,0.7481733872685509,0.7481733872685509,0.8022022559351054,0.0,0.9626548476181612,0.9626548476181612,0.8409179516306937,0.8409179516306937,0.9677832696730778,0.9718540092497632,0.8206159588131721
26,0.724081474,0.0,0.0,0.915790631,0.753000763,0.0,0.0,0.990516109,0.753000763,0.0,0.0,0.990516109,0.753000763,0.0,0.0,0.990516109,0.7481733872685509,0.7481733872685509,0.7948343033758052,0.0,0.959655799056422,0.959655799056422,0.8336777269549343,0.8336777269549343,0.9626139384287864,0.9625713064548904,0.8299936314438976
27,0.723892208,0.0,0.0,0.91696526,0.753041383,0.0,0.0,0.990606782,0.753041383,0.0,0.0,0.990606782,0.753041383,0.0,0.0,0.990606782,0.7494026122330295,0.7494026122330295,0.8017714487000839,0.0,0.9564606494753004,0.9564606494753004,0.8333732644900498,0.8333732644900498,0.961056431986336,0.961101756286468,0.8325856380270982
28,0.741740454,0.0,0.0,0.916968615,0.753041383,0.0,0.0,0.990742778,0.753041383,0.0,0.0,0.990742778,0.753041383,0.0,0.0,0.990742778,0.7516753050446372,0.7516753050446372,0.8041731246528298,0.0,0.9544904850098228,0.9544904850098228,0.8334167540979233,0.8334167540979233,0.9600375036972476,0.9618053028955444,0.8312815057637489
29,0.750160904,0.0,0.0,0.917069389,0.753041383,0.0,0.0,0.990742778,0.753041383,0.0,0.0,0.990742778,0.753041383,0.0,0.0,0.990742778,0.7674452423154119,0.7674452423154119,0.8089632975359501,0.0,0.954092449970242,0.954092449970242,0.8333732644900498,0.8333732644900498,0.9605182620196012,0.9494160439536588,0.8245643286864666
30,0.750160904,0.0,0.0,0.916451415,0.753041383,0.0,0.0,0.990428284,0.753041383,0.0,0.0,0.990428284,0.753041383,0.0,0.0,0.990428284,0.7758164102944964,0.7758164102944964,0.8161102463413514,0.0,0.9537987543403248,0.9537987543403248,0.8309033806499202,0.8309033806499202,0.960857191846307,0.9504689056507972,0.8242576314019058
31,0.750160904,0.0,0.0,0.916315473,0.753041383,0.0,0.0,0.990788107,0.753041383,0.0,0.0,0.990788107,0.753041383,0.0,0.0,0.990788107,0.7504739087517439,0.7504739087517439,0.8205135327817785,0.0,0.954964524307276,0.954964524307276,0.837319847405464,0.837319847405464,0.9622475734777288,0.9610541358137844,0.8270543473557632
32,0.750160904,0.0,0.0,0.915199532,0.753041383,0.0,0.0,0.990742778,0.753041383,0.0,0.0,0.990742778,0.753041383,0.0,0.0,0.990742778,0.7726538429237948,0.7726538429237948,0.8215950399997477,0.0,0.9551021342578818,0.9551021342578818,0.8363608665198673,0.8363608665198673,0.961538263935972,0.94620825790464,0.8276496795651231
33,0.750160904,0.0,0.0,0.919894935,0.753252662,0.0,0.0,0.990742778,0.753252662,0.0,0.0,0.990742778,0.753252662,0.0,0.0,0.990742778,0.7726538429237948,0.7726538429237948,0.8332754554268207,0.0,0.9525996696121384,0.9525996696121384,0.8373076277384571,0.8373076277384571,0.9619756472362718,0.9624073787415858,0.8290300721610755
34,0.746766913,0.0,0.0,0.915557139,0.753252662,0.0,0.0,0.990788107,0.753252662,0.0,0.0,0.990788107,0.753252662,0.0,0.0,0.990788107,0.7726538429237948,0.7726538429237948,0.8338535963239239,0.0,0.9469278712168874,0.9469278712168874,0.8369588891253426,0.8369588891253426,0.9585078191475288,0.977551808962515,0.8291045315012311
35,0.747090302,0.0,0.0,0.913599056,0.753252662,0.0,0.0,0.990833435,0.753252662,0.0,0.0,0.990833435,0.753252662,0.0,0.0,0.990833435,0.7756195118855611,0.7756195118855611,0.8442426440365322,0.0,0.9501862064283212,0.9501862064283212,0.8371336310106321,0.8371336310106321,0.9538321861635004,0.9621839131402004,0.8291045315012311
36,0.747090302,0.0,0.0,0.916822503,0.753252662,0.0,0.0,0.990833435,0.753252662,0.0,0.0,0.990833435,0.753252662,0.0,0.0,0.990833435,0.7756195118855611,0.7756195118855611,0.8413283275618215,0.0,0.950286860756259,0.950286860756259,0.8390264596796109,0.8390264596796109,0.9522144339937592,0.9670155371511444,0.832217924797796
37,0.747090302,0.0,0.0,0.935096663,0.753252662,0.0,0.0,0.990833435,0.753252662,0.0,0.0,0.990833435,0.753252662,0.0,0.0,0.990833435,0.7756195118855611,0.7756195118855611,0.8420139273018579,0.0,0.9509601798536832,0.9509601798536832,0.8394299796476938,0.8394299796476938,0.9583714472434182,0.9583495922051412,0.8304909142838008
38,0.747090302,0.0,0.0,0.933978607,0.753252662,0.0,0.0,0.990833435,0.753252662,0.0,0.0,0.990833435,0.753252662,0.0,0.0,0.990833435,0.7680499182090096,0.7680499182090096,0.8436538645689962,0.0,0.9545260025783986,0.9545260025783986,0.847235016683516,0.847235016683516,0.9543580016801866,0.9659593940930143,0.828169856948319
39,0.747090302,0.0,0.0,0.939131412,0.753252662,0.0,0.0,0.990832068,0.753252662,0.0,0.0,0.990832068,0.753252662,0.0,0.0,0.990832068,0.7680499182090096,0.7680499182090096,0.8468140547199772,0.0,0.9517262835582356,0.9517262835582356,0.8465834123155531,0.8465834123155531,0.9556386038328368,0.9634587797140568,0.8265393844089626
40,0.748872733,0.0,0.0,0.932856615,0.753252662,0.0,0.0,0.990833093,0.753252662,0.0,0.0,0.990833093,0.753252662,0.0,0.0,0.990833093,0.7708207840097455,0.7708207840097455,0.8474729267455512,0.0,0.9489398679733788,0.9489398679733788,0.8475780638581771,0.8475780638581771,0.9526685947865116,0.9727001337310538,0.8214913586615915
41,0.748872733,0.0,0.0,0.930738341,0.760847109,0.0,0.0,0.990833093,0.760847109,0.0,0.0,0.990833093,0.760847109,0.0,0.0,0.990833093,0.7693075141641713,0.7693075141641713,0.8476184559352954,0.0,0.9680606149361896,0.9680606149361896,0.8472742033299148,0.8472742033299148,0.9702267286073012,0.9788102258180796,0.8141383082667005
42,0.748872733,0.0,0.0,0.939437328,0.760847109,0.0,0.0,0.990833093,0.760847109,0.0,0.0,0.990833093,0.760847109,0.0,0.0,0.990833093,0.7708620049180472,0.7708620049180472,0.8436408062525143,0.0,0.967857763113542,0.967857763113542,0.8472658403900155,0.8472658403900155,0.9705782285962686,0.979220339875373,0.8045961225957053
43,0.748872733,0.0,0.0,0.933189133,0.764564542,0.0,0.0,0.990833093,0.764564542,0.0,0.0,0.990833093,0.764564542,0.0,0.0,0.990833093,0.7708620049180472,0.7708620049180472,0.8450460642175248,0.0,0.9746018800323688,0.9746018800323688,0.8461815611584539,0.8461815611584539,0.9744276929394766,0.9837443412689206,0.7971794704577895
44,0.748872733,0.0,0.0,0.934595548,0.772514603,0.0,0.0,0.990833093,0.772514603,0.0,0.0,0.990833093,0.772514603,0.0,0.0,0.990833093,0.7708620049180472,0.7708620049180472,0.8451028180087703,0.0,0.9732217598091142,0.9732217598091142,0.8450983171448604,0.8450983171448604,0.9738757778389716,0.9837443412689206,0.7908888948292505
45,0.748923447,0.0,0.0,0.933060923,0.772514603,0.0,0.0,0.990833093,0.772514603,0.0,0.0,0.990833093,0.772514603,0.0,0.0,0.990833093,0.7708620049180472,0.7708620049180472,0.8470172936045604,0.0,0.9689098048148764,0.9689098048148764,0.8439010750452558,0.8439010750452558,0.9702365514030182,0.9842000978004602,0.7634556201349993
46,0.748923447,0.0,0.0,0.938692793,0.772514603,0.0,0.0,0.990833093,0.772514603,0.0,0.0,0.990833093,0.772514603,0.0,0.0,0.990833093,0.770911836538943,0.770911836538943,0.8282250103688629,0.0,0.9710194501541316,0.9710194501541316,0.8422162264199479,0.8422162264199479,0.971671878770124,0.9842456640867028,0.7486597450366639
47,0.748923447,0.0,0.0,0.933869104,0.77333093,0.0,0.0,0.99087842,0.77333093,0.0,0.0,0.99087842,0.77333093,0.0,0.0,0.99087842,0.7698333510619934,0.7698333510619934,0.8317050352926938,0.0,0.9707130788861856,0.9707130788861856,0.8353230075584226,0.8353230075584226,0.9713302462420138,0.9882047436897016,0.7425272598077695
48,0.749129414,0.0,0.0,0.937958874,0.77333093,0.0,0.0,0.990969069,0.77333093,0.0,0.0,0.990969069,0.77333093,0.0,0.0,0.990969069,0.7698333510619934,0.7698333510619934,0.8346823022725038,0.0,0.9729863992422024,0.9729863992422024,0.8351031157298385,0.8351031157298385,0.9758717482389264,0.98647784268735,0.7425272598077695
49,0.751985155,0.0,0.0,0.955610494,0.773281669,0.0,0.0,0.990969406,0.773281669,0.0,0.0,0.990969406,0.773281669,0.0,0.0,0.990969406,0.7698333510619934,0.7698333510619934,0.8395555306752722,0.0,0.9747590247387816,0.9747590247387816,0.8403990459665084,0.8403990459665084,0.9762711557871456,0.989330776542293,0.7433134519587461
50,0.751985155,0.0,0.0,0.954511462,0.779545372,0.0,0.0,0.991241303,0.779545372,0.0,0.0,0.991241303,0.779545372,0.0,0.0,0.991241303,0.7700830609183865,0.7700830609183865,0.8436348836205099,0.0,0.974538315838306,0.974538315838306,0.8388910625423394,0.8388910625423394,0.9748471421163394,0.989330776542293,0.7425272598077695
51,0.751985155,0.0,0.0,0.953146933,0.779843187,0.0,0.0,0.991241303,0.779843187,0.0,0.0,0.991241303,0.779843187,0.0,0.0,0.991241303,0.7700830609183865,0.7700830609183865,0.8436348836205099,0.0,0.9707628756055914,0.9707628756055914,0.8345078067229952,0.8345078067229952,0.9707617917176384,0.9882047436897016,0.7434116935514459
52,0.751985155,0.0,0.0,0.952684977,0.779843187,0.0,0.0,0.991331599,0.779843187,0.0,0.0,0.991331599,0.779843187,0.0,0.0,0.991331599,0.7700830609183865,0.7700830609183865,0.8441479002887174,0.0,0.971481453163672,0.971481453163672,0.8313811862938866,0.8313811862938866,0.971481453163672,0.989330776542293,0.7425272598077695
53,0.751985155,0.0,0.0,0.953469896,0.779843187,0.0,0.0,0.991331599,0.779843187,0.0,0.0,0.991331599,0.779843187,0.0,0.0,0.991331599,0.7700830609183865,0.7700830609183865,0.8459864018851622,0.0,0.9706708788944772,0.9706708788944772,0.8281844224293007,0.8281844224293007,0.9705821406682844,0.989330776542293,0.7431660760620113
54,0.759221249,0.0,0.0,0.95373685,0.782661249,0.0,0.0,0.991424132,0.782661249,0.0,0.0,0.991424132,0.782661249,0.0,0.0,0.991424132,0.7811026370571619,0.7811026370571619,0.8498035816506648,0.0,0.9706286867245916,0.9706286867245916,0.8307157362039688,0.8307157362039688,0.9706286867245916,0.989330776542293,0.7425272598077695
55,0.763091402,0.0,0.0,0.955743698,0.782661249,0.0,0.0,0.991286613,0.782661249,0.0,0.0,0.991286613,0.782661249,0.0,0.0,0.991286613,0.7811026370571619,0.7811026370571619,0.8484998626646918,0.0,0.9731167542040052,0.9731167542040052,0.8265673774241312,0.8265673774241312,0.9728530667529408,0.989330776542293,0.7455711875896613
56,0.763091402,0.0,0.0,0.953188791,0.784670903,0.0,0.0,0.991331599,0.784670903,0.0,0.0,0.991331599,0.784670903,0.0,0.0,0.991331599,0.7822018248859157,0.7822018248859157,0.8486611983418908,0.0,0.9707747930713764,0.9707747930713764,0.8228171078710314,0.8228171078710314,0.9707747930713764,0.989330776542293,0.7447372503651294
57,0.763091402,0.0,0.0,0.955219012,0.784670903,0.0,0.0,0.991422214,0.784670903,0.0,0.0,0.991422214,0.784670903,0.0,0.0,0.991422214,0.7822018248859157,0.7822018248859157,0.855817724167999,0.0,0.9710377104867912,0.9710377104867912,0.818654122229723,0.818654122229723,0.970950058356229,0.989330776542293,0.7450806991877332
58,0.763091402,0.0,0.0,0.95102958,0.784670903,0.0,0.0,0.991376907,0.784670903,0.0,0.0,0.991376907,0.784670903,0.0,0.0,0.991376907,0.7823516432718485,0.7823516432718485,0.8582745288910898,0.0,0.9701341202422707,0.9701341202422707,0.8163257711704329,0.8163257711704329,0.9701341202422707,0.982416817366255,0.7447372503651294
59,0.763091402,0.0,0.0,0.953564419,0.784670903,0.0,0.0,0.991422214,0.784670903,0.0,0.0,0.991422214,0.784670903,0.0,0.0,0.991422214,0.7845968808930162,0.7845968808930162,0.858954422560925,0.0,0.9703024314989273,0.9703024314989273,0.8154802968224164,0.8154802968224164,0.970170611759468,0.979298368903088,0.7424375312870519
60,0.761583016,0.0,0.0,0.953623154,0.777683038,0.0,0.0,0.991422214,0.777683038,0.0,0.0,0.991422214,0.777683038,0.0,0.0,0.991422214,0.7845968808930162,0.7845968808930162,0.85994567397886,0.0,0.9738154077948132,0.972268264042846,0.8219017289899039,0.8219017289899039,0.972268264042846,0.9783174812483136,0.7415073073540062
61,0.761583016,0.0,0.0,0.953540924,0.777683038,0.0,0.0,0.991422214,0.777683038,0.0,0.0,0.991422214,0.777683038,0.0,0.0,0.991422214,0.7859930174431695,0.7859930174431695,0.8616090638563636,0.0,0.9450024841266202,0.9756134355895144,0.8167702880983714,0.8167702880983714,0.9750345447564298,0.989330776542293,0.7420948923045741
62,0.7626787,0.0,0.0,0.955743491,0.777683038,0.0,0.0,0.992060475,0.777683038,0.0,0.0,0.992060475,0.777683038,0.0,0.0,0.992060475,0.7821520563232273,0.7821520563232273,0.8522077842946482,0.0,0.9465998362891176,0.9732046761156428,0.8205712416850851,0.8205712416850851,0.9732046761156428,0.989330776542293,0.7415073073540062
63,0.774440143,0.0,0.0,0.954373393,0.777683038,0.0,0.0,0.992196825,0.777683038,0.0,0.0,0.992196825,0.777683038,0.0,0.0,0.992196825,0.7833911325858088,0.7833911325858088,0.8566030438620172,0.0,0.9410609740737884,0.9710420036919484,0.8170103576895613,0.8170103576895613,0.9711350050156397,0.989330776542293,0.7423885882233721
64,0.774440143,0.0,0.0,0.953957698,0.784451743,0.0,0.0,0.992242074,0.784451743,0.0,0.0,0.992242074,0.784451743,0.0,0.0,0.992242074,0.7833911325858088,0.7833911325858088,0.8588717100754475,0.0,0.933456779218111,0.9760981573966554,0.8150012515707625,0.8150012515707625,0.9760981573966554,0.989330776542293,0.7415073073540062
65,0.774440143,0.0,0.0,0.955291223,0.784451743,0.0,0.0,0.992469137,0.784451743,0.0,0.0,0.992469137,0.784451743,0.0,0.0,0.992469137,0.7833911325858088,0.7833911325858088,0.8599818058641113,0.0,0.9372092878842794,0.9734724588162692,0.8041709524395603,0.8041709524395603,0.9728975092671576,0.9884668643112986,0.7424375312870519
66,0.774440143,0.0,0.0,0.954668487,0.784451743,0.0,0.0,0.992377813,0.784451743,0.0,0.0,0.992377813,0.784451743,0.0,0.0,0.992377813,0.7983965933182704,0.7983965933182704,0.8600300490946229,0.0,0.9466355797273998,0.9709815145080714,0.8094804647603052,0.8094804647603052,0.9709815145080714,0.9851533048610864,0.7415073073540062
67,0.781627744,0.0,0.0,0.956334636,0.784451743,0.0,0.0,0.992241208,0.784451743,0.0,0.0,0.992241208,0.784451743,0.0,0.0,0.992241208,0.7983965933182704,0.7983965933182704,0.857861162918419,0.0,0.9423214558594606,0.972630878911248,0.8016743043754984,0.8016743043754984,0.972365332906909,0.9856798368037928,0.7424864725635303
68,0.781716282,0.0,0.0,0.955398278,0.784451743,0.0,0.0,0.991786751,0.784451743,0.0,0.0,0.991786751,0.784451743,0.0,0.0,0.991786751,0.7983965933182704,0.7983965933182704,0.8620220299423108,0.0,0.9459032414104236,0.9743319749486496,0.7975644236317789,0.7975644236317789,0.9743319749486496,0.9868153325811568,0.748368298420721
69,0.781716282,0.0,0.0,0.956427065,0.784451743,0.0,0.0,0.992330569,0.784451743,0.0,0.0,0.992330569,0.784451743,0.0,0.0,0.992330569,0.7983965933182704,0.7983965933182704,0.8622146643287362,0.0,0.945607819218986,0.9729399455464072,0.7942095738193657,0.7942095738193657,0.972275464070834,0.9867245318553712,0.7492501098043723
70,0.781716282,0.0,0.0,0.951457016,0.779171103,0.0,0.0,0.99228646,0.779171103,0.0,0.0,0.99228646,0.779171103,0.0,0.0,0.99228646,0.7983965933182704,0.7983965933182704,0.8589257737653977,0.0,0.947866176538366,0.9781160128404234,0.791972983206581,0.791972983206581,0.9781160128404234,0.9880337938063052,0.748368298420721
71,0.76530644,0.0,0.0,0.95370699,0.785696003,0.0,0.0,0.992195081,0.785696003,0.0,0.0,0.992195081,0.785696003,0.0,0.0,0.992195081,0.7983965933182704,0.7983965933182704,0.860668556527883,0.0,0.9539478530698746,0.9715300581876184,0.7933603077094291,0.7933603077094291,0.9713525608032538,0.9871109871769056,0.7493970218405048
72,0.76530644,0.0,0.0,0.952254849,0.787501679,0.0,0.0,0.992195662,0.787501679,0.0,0.0,0.992195662,0.787501679,0.0,0.0,0.992195662,0.7983965933182704,0.7983965933182704,0.8607356676264095,0.0,0.9562319898896344,0.9733914226423368,0.7950310123426858,0.7950310123426858,0.9733914226423368,0.986948116010036,0.748368298420721
73,0.765256896,0.0,0.0,0.949813017,0.787501679,0.0,0.0,0.992286173,0.787501679,0.0,0.0,0.992286173,0.787501679,0.0,0.0,0.992286173,0.7983965933182704,0.7983965933182704,0.8632434568942652,0.0,0.951186088189976,0.9717498724890854,0.7950310123426858,0.7950310123426858,0.9715733829614324,0.986948116010036,0.749103181621875
74,0.766395943,0.0,0.0,0.949557487,0.787501679,0.0,0.0,0.992150112,0.787501679,0.0,0.0,0.992150112,0.787501679,0.0,0.0,0.992150112,0.7983965933182704,0.7983965933182704,0.8626104178852004,0.0,0.9540187362922278,0.9717435873048998,0.7950310123426858,0.7950310123426858,0.9717435873048998,0.986948116010036,0.748368298420721
75,0.766724456,0.0,0.0,0.949671988,0.787501679,0.0,0.0,0.992286173,0.787501679,0.0,0.0,0.992286173,0.787501679,0.0,0.0,0.992286173,0.7983965933182704,0.7983965933182704,0.8608184785895511,0.0,0.9647674011705945,0.9718986748228936,0.8099545860634658,0.8099545860634658,0.9718099387793966,0.9834764761219208,0.7495928794433799
76,0.766724456,0.0,0.0,0.950278738,0.788037936,0.0,0.0,0.992375826,0.788037936,0.0,0.0,0.992375826,0.788037936,0.0,0.0,0.992375826,0.7983965933182704,0.7983965933182704,0.8598632014617735,0.0,0.9643483954365945,0.9776740231761246,0.8141586421491427,0.8141586421491427,0.9776740231761246,0.9835673809642812,0.748368298420721
77,0.766724456,0.0,0.0,0.952389346,0.788037936,0.0,0.0,0.992331141,0.788037936,0.0,0.0,0.992331141,0.788037936,0.0,0.0,0.992331141,0.7998512366216595,0.7998512366216595,0.8644450773065666,0.0,0.9623130121325256,0.9709175540011477,0.8236250019327656,0.8236250019327656,0.9708732131919732,0.9844824151983006,0.7430441641958611
78,0.766724456,0.0,0.0,0.949233439,0.788289719,0.0,0.0,0.992557665,0.788289719,0.0,0.0,0.992557665,0.788289719,0.0,0.0,0.992557665,0.7998512366216595,0.7998512366216595,0.8660749742633983,0.0,0.9627646587201192,0.9700421437404394,0.8236250019327656,0.8236250019327656,0.9700421437404394,0.9784670587146772,0.763029131697644
79,0.766724456,0.0,0.0,0.951740281,0.788289719,0.0,0.0,0.992648149,0.788289719,0.0,0.0,0.992648149,0.788289719,0.0,0.0,0.992648149,0.7998512366216595,0.7998512366216595,0.8680495710737813,0.0,0.970570134977172,0.9708396762236454,0.8236250019327656,0.8236250019327656,0.970887233407109,0.9786952338820516,0.746414759193476
80,0.766724456,0.0,0.0,0.946724022,0.788289719,0.0,0.0,0.992648149,0.788289719,0.0,0.0,0.992648149,0.788289719,0.0,0.0,0.992648149,0.7998512366216595,0.7998512366216595,0.8704580309363685,0.0,0.9698516541124292,0.9709304767542368,0.8236250019327656,0.8236250019327656,0.9709304767542368,0.9786952338820516,0.7530849942107154
81,0.757873192,0.0,0.0,0.949814885,0.788289719,0.0,0.0,0.992648149,0.788289719,0.0,0.0,0.992648149,0.788289719,0.0,0.0,0.992648149,0.7998512366216595,0.7998512366216595,0.8702534356456829,0.0,0.9682918337337116,0.9712279856649464,0.8193733590773559,0.8418701314070627,0.971006240547566,0.9786952338820516,0.7557765859865927
82,0.757873192,0.0,0.0,0.949997106,0.784316096,0.0,0.0,0.992693932,0.784316096,0.0,0.0,0.992693932,0.784316096,0.0,0.0,0.992693932,0.7998512366216595,0.7998512366216595,0.8670928917185525,0.0,0.9717439807199542,0.9722847157579,0.8193733590773559,0.8941548176173361,0.9722847157579,0.986083029870682,0.7673963883627257
83,0.757873192,0.0,0.0,0.950175604,0.784316096,0.0,0.0,0.992693932,0.784316096,0.0,0.0,0.992693932,0.784316096,0.0,0.0,0.992693932,0.7998512366216595,0.7998512366216595,0.8703468302599987,0.0,0.9693916231925658,0.9706093801279332,0.8193733590773559,0.8968507814087797,0.9705650540581758,0.986083029870682,0.7692947101127859
84,0.757873192,0.0,0.0,0.949233439,0.784316096,0.0,0.0,0.992738896,0.784316096,0.0,0.0,0.992738896,0.784316096,0.0,0.0,0.992738896,0.7998512366216595,0.7998512366216595,0.8673989785773198,0.0,0.9706850074894144,0.9711446279975025,0.8193733590773559,0.8979191872700968,0.9711446279975025,0.9871278052180162,0.7683808335487667
85,0.768127169,0.0,0.0,0.94922966,0.784316096,0.0,0.0,0.992694204,0.784316096,0.0,0.0,0.992694204,0.784316096,0.0,0.0,0.992694204,0.7998512366216595,0.7998512366216595,0.8694639359497471,0.0,0.9802377299019704,0.9706656593960218,0.8193733590773559,0.8976959046082034,0.9706213495157928,0.987075170936036,0.7698715711825799
86,0.768127169,0.0,0.0,0.949588497,0.784316096,0.0,0.0,0.992739167,0.784316096,0.0,0.0,0.992739167,0.784316096,0.0,0.0,0.992739167,0.7998512366216595,0.7998512366216595,0.8693056272605001,0.0,0.980603741208082,0.9704775002369448,0.8193733590773559,0.8992040493478497,0.9704775002369448,0.9891138738925304,0.7683808335487667
87,0.769225303,0.0,0.0,0.948088256,0.784316096,0.0,0.0,0.992739167,0.784316096,0.0,0.0,0.992739167,0.784316096,0.0,0.0,0.992739167,0.7998512366216595,0.7998512366216595,0.8684072739874849,0.0,0.9804196657086278,0.9727732771246272,0.8193733590773559,0.8980330432261127,0.9727763059276076,0.983858430878119,0.7702079576683909
88,0.769225303,0.0,0.0,0.956612721,0.784769667,0.0,0.0,0.992739167,0.784769667,0.0,0.0,0.992739167,0.784769667,0.0,0.0,0.992739167,0.7998512366216595,0.7998512366216595,0.8718088618826766,0.0,0.9806015744161042,0.9769589668122832,0.8193733590773559,0.8967192284354297,0.9769589668122832,0.978506384908696,0.7683808335487667
89,0.76888932,0.0,0.0,0.957570608,0.786985014,0.0,0.0,0.992739167,0.786985014,0.0,0.0,0.992739167,0.786985014,0.0,0.0,0.992739167,0.800982946962222,0.800982946962222,0.8724928727730137,0.0,0.9811604641563034,0.9700520694337014,0.8152096997294884,0.8971178222789562,0.9700975229925478,0.9746813089656238,0.7713164598413671
90,0.76888932,0.0,0.0,0.956999425,0.786985014,0.0,0.0,0.992739167,0.786985014,0.0,0.0,0.992739167,0.786985014,0.0,0.0,0.992739167,0.800982946962222,0.800982946962222,0.8698261249088837,0.0,0.981516215915278,0.970726103590302,0.8152096997294884,0.8962337601694852,0.970726103590302,0.9763976013513254,0.7699306708849627
91,0.770630682,0.0,0.0,0.956606246,0.786985014,0.0,0.0,0.992739167,0.786985014,0.0,0.0,0.992739167,0.786985014,0.0,0.0,0.992739167,0.800982946962222,0.800982946962222,0.8710237409362401,0.0,0.9879272834478472,0.9738032342841104,0.8176316019494685,0.8964686973213964,0.9738051774261376,0.9778436647698716,0.7718417252945245
92,0.770630682,0.0,0.0,0.959001178,0.786985014,0.0,0.0,0.992739167,0.786985014,0.0,0.0,0.992739167,0.786985014,0.0,0.0,0.992739167,0.800982946962222,0.800982946962222,0.8725550509674321,0.0,0.9872488029900076,0.9765176693773776,0.8177299158932575,0.9077691311627726,0.9765176693773776,0.977076258978169,0.7699306708849627
93,0.770630682,0.0,0.0,0.960386942,0.788143215,0.0,0.0,0.992739167,0.788143215,0.0,0.0,0.992739167,0.788143215,0.0,0.0,0.992739167,0.8131365459291379,0.8131365459291379,0.8804486089931135,0.0,0.9876096141714348,0.9771610326623262,0.8177299158932575,0.9056685679599448,0.9758702175138376,0.9803118372339852,0.7712209346687704
94,0.772786053,0.0,0.0,0.961764961,0.788143215,0.0,0.0,0.992739167,0.788143215,0.0,0.0,0.992739167,0.788143215,0.0,0.0,0.992739167,0.8225855834868708,0.8225855834868708,0.8815596008428984,0.0,0.9877005140374604,0.9769366676185892,0.8177299158932575,0.905215769679121,0.9769366676185892,0.976993557705646,0.7699306708849627
95,0.772786053,0.0,0.0,0.960123062,0.788143215,0.0,0.0,0.992739167,0.788143215,0.0,0.0,0.992739167,0.788143215,0.0,0.0,0.992739167,0.8225855834868708,0.8225855834868708,0.8816490542114653,0.0,0.9882488403510674,0.971293611641367,0.8194982989509286,0.9123087843401662,0.9709833955649052,0.9804038465697203,0.7718894663806061
96,0.772786053,0.0,0.0,0.957686354,0.796148992,0.0,0.0,0.992874064,0.796148992,0.0,0.0,0.992874064,0.796148992,0.0,0.0,0.992874064,0.8225855834868708,0.8225855834868708,0.8816168693643766,0.0,0.9887041793121848,0.9718986748228936,0.8194982989509286,0.9116510749002856,0.9718986748228936,0.9786378071426378,0.7699306708849627
97,0.772786053,0.0,0.0,0.959540591,0.796148992,0.0,0.0,0.992874064,0.796148992,0.0,0.0,0.992874064,0.796148992,0.0,0.0,0.992874064,0.8240734336136285,0.8240734336136285,0.8833283662915071,0.0,0.9883859471434416,0.974560986394312,0.8262758986613548,0.9136904294485308,0.974295129386021,0.9758140277834916,0.7721281460220328
98,0.772786053,0.0,0.0,0.958578126,0.796148992,0.0,0.0,0.992874064,0.796148992,0.0,0.0,0.992874064,0.796148992,0.0,0.0,0.992874064,0.8240734336136285,0.8240734336136285,0.8841357721101064,0.0,0.9893395283924544,0.9763342130957748,0.8262758986613548,0.91294396772431,0.9763342130957748,0.9747088743917612,0.7699306708849627
99,0.772786053,0.0,0.0,0.958936824,0.796148992,0.0,0.0,0.992829096,0.796148992,0.0,0.0,0.992829096,0.796148992,0.0,0.0,0.992829096,0.8240734336136285,0.8240734336136285,0.8875496892814313,0.0,0.9891588424330044,0.9766059026442612,0.8305630038515903,0.909154643717058,0.9766067713507828,0.9748923803123908,0.7716984917190157
100,0.772786053,0.0,0.0,0.957605432,0.796148992,0.0,0.0,0.992829096,0.796148992,0.0,0.0,0.992829096,0.796148992,0.0,0.0,0.992829096,0.82782032599025,0.82782032599025,0.8880829900422514,0.0,0.9877028089912604,0.9815237788932034,0.8305630038515903,0.9079712373712416,0.9815237788932034,0.9787774473861656,0.7699306708849627
101,0.775324483,0.0,0.0,0.958713017,0.796639833,0.0,0.0,0.992874064,0.796639833,0.0,0.0,0.992874064,0.796639833,0.0,0.0,0.992874064,0.82782032599025,0.82782032599025,0.8851389983845713,0.0,0.9891572253034788,0.9807666344980072,0.8305630038515903,0.9076826896148772,0.980454603549358,0.9820209986685736,0.7720804135319687
102,0.775324483,0.0,0.0,0.958639557,0.796639833,0.0,0.0,0.992829096,0.796639833,0.0,0.0,0.992829096,0.796639833,0.0,0.0,0.992829096,0.82782032599025,0.82782032599025,0.886817126896102,0.0,0.9889740453494852,0.9816599940479344,0.8307309763089825,0.9131706125574612,0.9816599940479344,0.9814277529652136,0.7699306708849627
103,0.775324483,0.0,0.0,0.957775192,0.796639833,0.0,0.0,0.992874064,0.796639833,0.0,0.0,0.992874064,0.796639833,0.0,0.0,0.992874064,0.826351904541609,0.826351904541609,0.8886926655498091,0.0,0.9888803505876572,0.9789782010530566,0.8307309763089825,0.9117413114918632,0.9784428322609052,0.9819767221133556,0.773034736843341
104,0.775324483,0.0,0.0,0.958804997,0.798002834,0.0,0.0,0.992874329,0.798002834,0.0,0.0,0.992874329,0.798002834,0.0,0.0,0.992874329,0.826351904541609,0.826351904541609,0.883451380554018,0.0,0.9892439717892174,0.9811618658133524,0.8307309763089825,0.9118355620188426,0.9811618658133524,0.9819767221133556,0.7699306708849627
105,0.775439085,0.0,0.0,0.957911603,0.798002834,0.0,0.0,0.992784668,0.798002834,0.0,0.0,0.992784668,0.798002834,0.0,0.0,0.992784668,0.8332000103474215,0.8332000103474215,0.885544703908892,0.0,0.9889724000410026,0.9796893779721376,0.8307309763089825,0.9124020017200032,0.9791089754419574,0.9801378674255138,0.7759232536539618
106,0.775439085,0.0,0.0,0.958777472,0.797899096,0.0,0.0,0.992874329,0.797899096,0.0,0.0,0.992874329,0.797899096,0.0,0.0,0.992874329,0.840904772526029,0.840904772526029,0.8878149337754158,0.0,0.9886078644732192,0.9814467633961068,0.8307309763089825,0.9130554980812292,0.9814467633961068,0.9819767221133556,0.7733123969979717
107,0.775439085,0.0,0.0,0.962326497,0.797899096,0.0,0.0,0.99291956,0.797899096,0.0,0.0,0.99291956,0.797899096,0.0,0.0,0.99291956,0.8440443056250356,0.8440443056250356,0.8891928205630625,0.0,0.9870190842421592,0.9813930858344015,0.8307309763089825,0.9149042586688816,0.9812149693308114,0.9791425682085464,0.7747371387522806
108,0.775439085,0.0,0.0,0.959213947,0.797899096,0.0,0.0,0.992739707,0.797899096,0.0,0.0,0.992739707,0.797899096,0.0,0.0,0.992739707,0.8398596585496465,0.8398596585496465,0.893197420788646,0.0,0.9882925084295856,0.9815265275327448,0.8307309763089825,0.9177743096296488,0.9815265275327448,0.9785904483771868,0.7733123969979717
109,0.779192093,0.0,0.0,0.961036025,0.797899096,0.0,0.0,0.992784668,0.797899096,0.0,0.0,0.992784668,0.797899096,0.0,0.0,0.992784668,0.8398596585496465,0.8398596585496465,0.8947072433580197,0.0,0.987386572517026,0.9817480802846552,0.8307309763089825,0.9177334857701314,0.9816586296319264,0.9797803866344836,0.7748795286621615
110,0.779192093,0.0,0.0,0.958897009,0.797899096,0.0,0.0,0.992874594,0.797899096,0.0,0.0,0.992874594,0.797899096,0.0,0.0,0.992874594,0.837167001819317,0.837167001819317,0.87820122255066,0.0,0.9874315474248913,0.981437103416388,0.8307309763089825,0.9189239909401236,0.981437103416388,0.9801393542342138,0.7747371387522806
111,0.779192093,0.0,0.0,0.962559117,0.797899096,0.0,0.0,0.99291956,0.797899096,0.0,0.0,0.99291956,0.797899096,0.0,0.0,0.99291956,0.837167001819317,0.837167001819317,0.883213101496052,0.0,0.988379878811419,0.9817955169252292,0.8318203838753315,0.9184843254428818,0.9818409152345609,0.9801393542342138,0.775021903260918
112,0.779192093,0.0,0.0,0.961341853,0.797899096,0.0,0.0,0.992874594,0.797899096,0.0,0.0,0.992874594,0.797899096,0.0,0.0,0.992874594,0.8372096923497221,0.8372096923497221,0.8918967000701619,0.0,0.988015926666975,0.9815739833071282,0.8318203838753315,0.9207540705306853,0.9815739833071282,0.9823859296757942,0.7788174268816231
113,0.779192093,0.0,0.0,0.960859599,0.798448124,0.0,0.0,0.99291956,0.798448124,0.0,0.0,0.99291956,0.798448124,0.0,0.0,0.99291956,0.8372096923497221,0.8372096923497221,0.8930311302635359,0.0,0.98752010505405,0.9808027556304992,0.8318203838753315,0.9203734900296152,0.980669361378726,0.9817928613648198,0.7795771401957332
114,0.780470666,0.0,0.0,0.95957901,0.798448124,0.0,0.0,0.992919824,0.798448124,0.0,0.0,0.992919824,0.798448124,0.0,0.0,0.992919824,0.8372096923497221,0.8372096923497221,0.8946365000709611,0.0,0.9875149792291248,0.9810256051254556,0.8318203838753315,0.9221760160354812,0.9810256051254556,0.9807849571696278,0.7788174268816231
115,0.783633307,0.0,0.0,0.960938334,0.798448124,0.0,0.0,0.99287486,0.798448124,0.0,0.0,0.99287486,0.798448124,0.0,0.0,0.99287486,0.8342762287009122,0.8342762287009122,0.8959348462457992,0.0,0.9832940349974384,0.9816186929222324,0.8438814023765797,0.9241209353677196,0.9815739833071282,0.9812873105828716,0.777143120872458
116,0.783102202,0.0,0.0,0.960513022,0.798448124,0.0,0.0,0.992919824,0.798448124,0.0,0.0,0.992919824,0.798448124,0.0,0.0,0.992919824,0.8342762287009122,0.8342762287009122,0.8958039575676284,0.0,0.9864743083151212,0.9813903175977012,0.8497920246890254,0.9242103765921318,0.9813903175977012,0.9812873105828716,0.7765259284372181
117,0.783102202,0.0,0.0,0.967611092,0.798448124,0.0,0.0,0.992919824,0.798448124,0.0,0.0,0.992919824,0.798448124,0.0,0.0,0.992919824,0.8304765974966071,0.8304765974966071,0.8972050259242008,0.0,0.9824413821972298,0.9813847786525052,0.8497920246890254,0.9264522058052288,0.9813847786525052,0.9812873105828716,0.7776176884268317
118,0.785615358,0.0,0.0,0.964654217,0.798448124,0.0,0.0,0.99287486,0.798448124,0.0,0.0,0.99287486,0.798448124,0.0,0.0,0.99287486,0.8304765974966071,0.8304765974966071,0.8987373926984592,0.0,0.9844174317561792,0.9814308881157824,0.8498345409115252,0.9260617038383916,0.9814308881157824,0.9815155847306218,0.7765259284372181
119,0.785615358,0.0,0.0,0.963313974,0.798448124,0.0,0.0,0.99287486,0.798448124,0.0,0.0,0.99287486,0.798448124,0.0,0.0,0.99287486,0.8329503972973841,0.8329503972973841,0.8980711849881842,0.0,0.9861486022561092,0.9820111182049348,0.8561248419538643,0.92946602269186,0.982011787625801,0.9815155847306218,0.7781869448230048
120,0.785615358,0.0,0.0,0.963296136,0.798448124,0.0,0.0,0.99282963,0.798448124,0.0,0.0,0.99282963,0.798448124,0.0,0.0,0.99282963,0.8329503972973841,0.8329503972973841,0.8988236034502216,0.0,0.9824341644766704,0.9810759550335434,0.8561248419538643,0.9292269937359222,0.9526210420057633,0.9815155847306218,0.7765259284372181
121,0.785615358,0.0,0.0,0.966974779,0.798448124,0.0,0.0,0.99287486,0.798448124,0.0,0.0,0.99287486,0.798448124,0.0,0.0,0.99287486,0.8331368950078467,0.8331368950078467,0.898658878045784,0.0,0.9862596699573516,0.9796015835008196,0.8568910160996881,0.9277129408126978,0.9156682363892276,0.9815155847306218,0.77700071740151
122,0.785615358,0.0,0.0,0.963428657,0.793991572,0.0,0.0,0.992919824,0.793991572,0.0,0.0,0.992919824,0.793991572,0.0,0.0,0.992919824,0.8331368950078467,0.8331368950078467,0.9015972465774108,0.0,0.9876977589619512,0.979103539278576,0.8568910160996881,0.9289674622005812,0.6676240214031439,0.9815155847306218,0.7747996991398045
123,0.787828879,0.0,0.0,0.96347694,0.793991572,0.0,0.0,0.992919824,0.793991572,0.0,0.0,0.992919824,0.793991572,0.0,0.0,0.992919824,0.8331368950078467,0.8331368950078467,0.903502510534992,0.0,0.9868792315064694,0.9715923373353048,0.8568910160996881,0.927916624997374,0.7133708659938993,0.9834351176282584,0.7754843415146742
124,0.787828879,0.0,0.0,0.959929853,0.793991572,0.0,0.0,0.99287486,0.793991572,0.0,0.0,0.99287486,0.793991572,0.0,0.0,0.99287486,0.8331368950078467,0.8331368950078467,0.881766007988271,0.0,0.9875613759193286,0.9799104438345628,0.8568910160996881,0.9283974680307824,0.7623169526664322,0.9857430726349876,0.7748645824562997
125,0.788117552,0.0,0.0,0.96086026,0.793991572,0.0,0.0,0.992919824,0.793991572,0.0,0.0,0.992919824,0.793991572,0.0,0.0,0.992919824,0.8340675314675773,0.8340675314675773,0.8912174872763763,0.0,0.987788672504656,0.9767806837495532,0.8568910160996881,0.9272224121607712,0.7469837394490537,0.9857436052397708,0.7791583515938667
126,0.78480676,0.0,0.0,0.962711943,0.793991572,0.0,0.0,0.992919824,0.793991572,0.0,0.0,0.992919824,0.793991572,0.0,0.0,0.992919824,0.8340675314675773,0.8340675314675773,0.8962594477766568,0.0,0.9878795792596796,0.9728297933102572,0.8568910160996881,0.9288818833058172,0.7166901011505372,0.988473749173252,0.7771960800508309
127,0.78480676,0.0,0.0,0.962735665,0.793991572,0.0,0.0,0.992376961,0.793991572,0.0,0.0,0.992376961,0.793991572,0.0,0.0,0.992376961,0.8341654542945779,0.8341654542945779,0.8975815078325227,0.0,0.9881072603756486,0.9812114761707624,0.8542146416589489,0.9333872673294162,0.7663915234635119,0.98797137726132,0.7807544357541807
128,0.78480676,0.0,0.0,0.965721264,0.796833559,0.0,0.0,0.991606553,0.796833559,0.0,0.0,0.991606553,0.796833559,0.0,0.0,0.991606553,0.8341654542945779,0.8341654542945779,0.9005040088481159,0.0,0.9880163739957106,0.981509335105929,0.8542146416589489,0.9307869842523252,0.7689290896837685,0.988472889015074,0.7771960800508309
129,0.78480676,0.0,0.0,0.965072093,0.797210113,0.0,0.0,0.992240919,0.797210113,0.0,0.0,0.992240919,0.797210113,0.0,0.0,0.992240919,0.8341654542945779,0.8341654542945779,0.9012984545635558,0.0,0.9880163739957106,0.981744005635344,0.8542146416589489,0.9339054849589576,0.7690306537360002,0.9887474740806108,0.7801063405163529
130,0.78480676,0.0,0.0,0.962083951,0.797420715,0.0,0.0,0.992648149,0.797420715,0.0,0.0,0.992648149,0.797420715,0.0,0.0,0.992648149,0.8341654542945779,0.8341654542945779,0.9022087873934568,0.0,0.9877873047384902,0.9755334435900024,0.8542146416589489,0.9337904401496884,0.7689887130852602,0.9895198235893186,0.780265836487988
131,0.78480676,0.0,0.0,0.960470441,0.797420715,0.0,0.0,0.992964004,0.797420715,0.0,0.0,0.992964004,0.797420715,0.0,0.0,0.992964004,0.8354377772809307,0.8354377772809307,0.9038582330063512,0.0,0.987969131926026,0.9816972266051568,0.8542146416589489,0.93272836432557,0.7697350758980068,0.9897935266350424,0.7835389536390792
132,0.78480676,0.0,0.0,0.962953588,0.797420715,0.0,0.0,0.993234619,0.797420715,0.0,0.0,0.993234619,0.797420715,0.0,0.0,0.993234619,0.8354377772809307,0.8354377772809307,0.904328529133918,0.0,0.9889691079505062,0.9818328067824192,0.8542146416589489,0.933619568391206,0.7824753913342803,0.9897939070930696,0.7808995724775931
133,0.78480676,0.0,0.0,0.969250938,0.797420715,0.0,0.0,0.993324575,0.797420715,0.0,0.0,0.993324575,0.797420715,0.0,0.0,0.993324575,0.8354377772809307,0.8354377772809307,0.9058792612430244,0.0,0.9890145214942232,0.9786164955172154,0.8513630982451952,0.9356854165533884,0.7824753913342803,0.9898392561729004,0.7838885344241803
134,0.78480676,0.0,0.0,0.959347631,0.797420715,0.0,0.0,0.993413067,0.797420715,0.0,0.0,0.993413067,0.797420715,0.0,0.0,0.993413067,0.8354377772809307,0.8354377772809307,0.9072039198889396,0.0,0.9889691079505062,0.9813331077593832,0.8513630982451952,0.9431886137826831,0.7884360143618243,0.989747791982844,0.7808995724775931
135,0.78505473,0.0,0.0,0.957532553,0.797420715,0.0,0.0,0.993096356,0.797420715,0.0,0.0,0.993096356,0.797420715,0.0,0.0,0.993096356,0.829750600057789,0.829750600057789,0.9058511558573996,0.0,0.989150751958089,0.9815155280647976,0.8475774793559581,0.9425799523175268,0.778990570961731,0.989566358410502,0.7845991955189202
136,0.78505473,0.0,0.0,0.958952168,0.797420715,0.0,0.0,0.993729696,0.797420715,0.0,0.0,0.993729696,0.797420715,0.0,0.0,0.993729696,0.8324219314930724,0.8324219314930724,0.9070719783957726,0.0,0.989150751958089,0.9806210581333532,0.8475774793559581,0.943120813755591,0.8008783581797944,0.9896570785786868,0.7818017182379264
137,0.789694138,0.0,0.0,0.957213233,0.797420715,0.0,0.0,0.993684469,0.797420715,0.0,0.0,0.993684469,0.797420715,0.0,0.0,0.993684469,0.8324219314930724,0.8324219314930724,0.9078695684397272,0.0,0.989150751958089,0.9776881158670464,0.8500500869540729,0.9440159493478728,0.8040345711700303,0.9896570785786868,0.7843149770144122
138,0.790815045,0.0,0.0,0.957024094,0.797420715,0.0,0.0,0.993684469,0.797420715,0.0,0.0,0.993684469,0.797420715,0.0,0.0,0.993684469,0.8324219314930724,0.8324219314930724,0.9110548780021852,0.0,0.989150751958089,0.9811213633466416,0.8531461356252603,0.9434846628172002,0.8036449649306238,0.9891580339285422,0.7823022969305441
139,0.790815045,0.0,0.0,0.960545733,0.797470525,0.0,0.0,0.993684469,0.797470525,0.0,0.0,0.993684469,0.797470525,0.0,0.0,0.993684469,0.8327653078367004,0.8327653078367004,0.9116201292719366,0.0,0.989150751958089,0.9819744184323936,0.8538078998726433,0.9618330069273072,0.7986355474018791,0.989065237755536,0.78491163473863
140,0.790815045,0.0,0.0,0.95875111,0.797470525,0.0,0.0,0.993684469,0.797470525,0.0,0.0,0.993684469,0.797470525,0.0,0.0,0.993684469,0.8336199092167307,0.8336199092167307,0.9141017740493866,0.0,0.989150751958089,0.9771635750518396,0.8818291259774619,0.9621224586572128,0.7986786357155298,0.9893415154472616,0.7823022969305441
141,0.790815045,0.0,0.0,0.958302998,0.797470525,0.0,0.0,0.993684469,0.797470525,0.0,0.0,0.993684469,0.797470525,0.0,0.0,0.993684469,0.8336199092167307,0.8336199092167307,0.9128827738012296,0.0,0.989150751958089,0.9750049037786408,0.874087198977927,0.9626955065971288,0.8097209812783696,0.9892961528631457,0.7852907452591076
142,0.7902264,0.0,0.0,0.959085646,0.796790231,0.0,0.0,0.993684234,0.796790231,0.0,0.0,0.993684234,0.796790231,0.0,0.0,0.993684234,0.8336199092167307,0.8336199092167307,0.9128827738012296,0.0,0.989150751958089,0.982737616150046,0.9072282389578932,0.9697248698915476,0.8490535773037476,0.9892945564835256,0.7835364450856002
143,0.7902264,0.0,0.0,0.960462625,0.796790231,0.0,0.0,0.993683998,0.796790231,0.0,0.0,0.993683998,0.796790231,0.0,0.0,0.993683998,0.8343440681077096,0.8343440681077096,0.8985233947561755,0.0,0.989330776542293,0.9812869739589188,0.9097143192990184,0.96684521266548,0.8667817662507392,0.9892483836458044,0.7820739635744325
144,0.7902264,0.0,0.0,0.958444254,0.796790231,0.0,0.0,0.993729229,0.796790231,0.0,0.0,0.993729229,0.796790231,0.0,0.0,0.993729229,0.8342950553815467,0.8342950553815467,0.9020789950280316,0.0,0.989330776542293,0.9825145354705817,0.9104544902894136,0.9632156771241,0.8598958656351616,0.982489579755738,0.779948108966198
145,0.7902264,0.0,0.0,0.960284641,0.796790231,0.0,0.0,0.993729229,0.796790231,0.0,0.0,0.993729229,0.796790231,0.0,0.0,0.993729229,0.8286002043341962,0.8286002043341962,0.9085583769917752,0.0,0.989330776542293,0.9812793093421642,0.9105857552052872,0.964777020547292,0.8606761698447706,0.9827636341039948,0.7818379263985535
146,0.790523028,0.0,0.0,0.957729448,0.796790231,0.0,0.0,0.993729229,0.796790231,0.0,0.0,0.993729229,0.796790231,0.0,0.0,0.993729229,0.8286002043341962,0.8286002043341962,0.9104877119476678,0.0,0.989330776542293,0.9815678144109236,0.9110267489606964,0.95693428848296,0.8617483126908371,0.982489579755738,0.779948108966198
147,0.798658056,0.0,0.0,0.961658837,0.797039757,0.0,0.0,0.993684234,0.797039757,0.0,0.0,0.993684234,0.797039757,0.0,0.0,0.993684234,0.834220683233168,0.834220683233168,0.9130711990914944,0.0,0.989150751958089,0.982340841891408,0.9106632218880129,0.9620250745312036,0.8594556660489365,0.983452426931104,0.7833133444277366
148,0.798658056,0.0,0.0,0.959508862,0.797039757,0.0,0.0,0.993684234,0.797039757,0.0,0.0,0.993684234,0.797039757,0.0,0.0,0.993684234,0.8344164913797709,0.8344164913797709,0.914243755895136,0.0,0.989330776542293,0.9812121749066994,0.9110638502476432,0.9587470975813764,0.8991520576968302,0.9826308334058528,0.781925413977943
149,0.805662748,0.0,0.0,0.962234634,0.797039757,0.0,0.0,0.993729229,0.797039757,0.0,0.0,0.993729229,0.797039757,0.0,0.0,0.993729229,0.8379359797152073,0.8379359797152073,0.9156232707346624,0.0,0.989195755585074,0.9803769334212908,0.9110571774436488,0.9568427218754348,0.9389625643324718,0.98258592628706,0.7852272872372694
150,0.805662748,0.0,0.0,0.962878912,0.797039757,0.0,0.0,0.993774459,0.797039757,0.0,0.0,0.993774459,0.797039757,0.0,0.0,0.993774459,0.8379359797152073,0.8379359797152073,0.9177316875252176,0.0,0.989195755585074,0.9818449667469904,0.9127560303840888,0.9600634454917232,0.9364456492270083,0.9824010584755866,0.781925413977943
151,0.805662748,0.0,0.0,0.96178806,0.797039757,0.0,0.0,0.993774459,0.797039757,0.0,0.0,0.993774459,0.797039757,0.0,0.0,0.993774459,0.8379359797152073,0.8379359797152073,0.9117563552529998,0.0,0.989285767877082,0.981295328204358,0.9124995352653252,0.9589030734490368,0.9325828680130308,0.9893852935503016,0.7858472312923882
152,0.805662748,0.0,0.0,0.962475483,0.797419503,0.0,0.0,0.993774459,0.797419503,0.0,0.0,0.993774459,0.797419503,0.0,0.0,0.993774459,0.8395965526170277,0.8395965526170277,0.9127444408590684,0.0,0.989195755585074,0.9819744184323936,0.9129752965006132,0.9601793056909832,0.9498168940994006,0.9892026048565898,0.7818859854544242
153,0.805662748,0.0,0.0,0.961098852,0.798409943,0.0,0.0,0.993639239,0.798409943,0.0,0.0,0.993639239,0.798409943,0.0,0.0,0.993639239,0.8392112561825492,0.8392112561825492,0.9156101896243536,0.0,0.989330776542293,0.9824250579715836,0.9127089047068896,0.9601066849356568,0.9507345188020964,0.9894764161957816,0.7861767988142772
154,0.805662748,0.0,0.0,0.961433488,0.798409943,0.0,0.0,0.993729229,0.798409943,0.0,0.0,0.993729229,0.798409943,0.0,0.0,0.993729229,0.8392112561825492,0.8392112561825492,0.9158573937076264,0.0,0.989195755585074,0.981378543396656,0.912924900802856,0.9611719224876886,0.9595663532219838,0.9892013967927108,0.7822725458836415
155,0.805662748,0.0,0.0,0.961999273,0.801434385,0.0,0.0,0.993639239,0.801434385,0.0,0.0,0.993639239,0.801434385,0.0,0.0,0.993639239,0.8392112561825492,0.8392112561825492,0.9156512332477682,0.0,0.989195755585074,0.9817053957218888,0.9131036128066352,0.963872327970059,0.9612608504603783,0.989205825039206,0.7859973574770982
156,0.805662748,0.0,0.0,0.962198579,0.801434385,0.0,0.0,0.993684234,0.801434385,0.0,0.0,0.993684234,0.801434385,0.0,0.0,0.993684234,0.8392112561825492,0.8392112561825492,0.91566214704314,0.0,0.989195755585074,0.9812526978241288,0.9134643270303676,0.9639209713783606,0.963310408097959,0.9892471807711656,0.7829801925719428
157,0.805662748,0.0,0.0,0.962581092,0.801434385,0.0,0.0,0.993684234,0.801434385,0.0,0.0,0.993684234,0.801434385,0.0,0.0,0.993684234,0.8395040644410715,0.8395040644410715,0.9159910829280524,0.0,0.989195755585074,0.9824244042101208,0.9138185950664924,0.9644928779507757,0.9632162717384052,0.9857393432869485,0.7798528645772596
158,0.802332154,0.0,0.0,0.960851487,0.801434385,0.0,0.0,0.993683998,0.801434385,0.0,0.0,0.993683998,0.801434385,0.0,0.0,0.993683998,0.8356713422969824,0.8356713422969824,0.91614145829473,0.0,0.989330776542293,0.9817968710322657,0.9153071011062216,0.964771054930908,0.9639460176911816,0.985105536321924,0.7761799309984947
159,0.811872867,0.0,0.0,0.957975875,0.801434385,0.0,0.0,0.993638529,0.801434385,0.0,0.0,0.993638529,0.801434385,0.0,0.0,0.993638529,0.8356713422969824,0.8356713422969824,0.9109234919694308,0.0,0.989195755585074,0.982736973907771,0.9141335347379628,0.9641702410519236,0.9650431708525156,0.985424890747774,0.779993927690424
160,0.811872867,0.0,0.0,0.959283802,0.801434385,0.0,0.0,0.993683998,0.801434385,0.0,0.0,0.993683998,0.801434385,0.0,0.0,0.993683998,0.8356713422969824,0.8356713422969824,0.9125822538488106,0.0,0.989195755585074,0.9826474731534404,0.917134476270126,0.963577228559004,0.9644040649288466,0.985700750679944,0.7763685348682094
161,0.811872867,0.0,0.388259412,0.959105506,0.801434385,0.0,0.0,0.993729229,0.801434385,0.0,0.0,0.993729229,0.801434385,0.0,0.0,0.993729229,0.841824334217944,0.841824334217944,0.914374617052511,0.0,0.989195755585074,0.982156665409792,0.9172253375900054,0.9617051535790528,0.9660442882083148,0.985654696166594,0.7819749829723441
162,0.807671019,0.0,0.463158717,0.958206203,0.801434385,0.0,0.705570711,0.993819686,0.801434385,0.0,0.705570711,0.993819686,0.801434385,0.0,0.705570711,0.993819686,0.841824334217944,0.841824334217944,0.9164326646241996,0.0,0.989195755585074,0.9829626567184998,0.9187560013223888,0.9622879567810932,0.9656806704527277,0.985654696166594,0.7775075175904542
163,0.806656826,0.0,0.640751473,0.964640611,0.807923394,0.0,0.741980855,0.993819456,0.807923394,0.0,0.741980855,0.993819456,0.807923394,0.0,0.741980855,0.993819456,0.8409971257349094,0.8409971257349094,0.9161074309068508,0.0,0.9894215884394176,0.9826494096533144,0.9209482052352892,0.9670623466783094,0.966319136295466,0.985654696166594,0.7799547376398486
164,0.806615121,0.0,0.640751473,0.963374798,0.807923394,0.0,0.741980855,0.993683998,0.807923394,0.0,0.741980855,0.993683998,0.807923394,0.0,0.741980855,0.993683998,0.8426386792796406,0.8426386792796406,0.9169833035984524,0.0,0.989195755585074,0.9825599254731092,0.9218416780015188,0.9682493632032716,0.9662266935681414,0.985378807006868,0.7775075175904542
165,0.806615121,0.0,0.640751473,0.964310531,0.807923394,0.0,0.745669272,0.993728996,0.807923394,0.0,0.745669272,0.993728996,0.807923394,0.0,0.745669272,0.993728996,0.843220133128673,0.843220133128673,0.9174622219644004,0.0,0.989195755585074,0.9823349300637456,0.9217010318325508,0.9686605176611836,0.967113908367469,0.985378807006868,0.7811766505816803
166,0.806615121,0.0,0.640751473,0.964310531,0.807923394,0.0,0.74561859,0.993728996,0.807923394,0.0,0.74561859,0.993728996,0.807923394,0.0,0.74561859,0.993728996,0.8360101670074563,0.8360101670074563,0.915467806585918,0.0,0.989195755585074,0.9818896797379226,0.9224005442271078,0.968570071824708,0.9672914304037776,0.9853327180999716,0.7869934762645326
167,0.806615121,0.0,0.640751473,0.975193915,0.807923394,0.0,0.74561859,0.993774227,0.807923394,0.0,0.74561859,0.993774227,0.807923394,0.0,0.74561859,0.993774227,0.8361565948762255,0.8361565948762255,0.918147450927008,0.0,0.989195755585074,0.9822500841212476,0.9230966775827094,0.9685677251961096,0.968658623932031,0.985378807006868,0.792034811821229
168,0.806615121,0.0,0.640751473,0.975079275,0.808373106,0.0,0.755216785,0.993593293,0.808373106,0.0,0.755216785,0.993593293,0.808373106,0.0,0.755216785,0.993593293,0.8361565948762255,0.8361565948762255,0.9183003983551988,0.0,0.989330776542293,0.9827324768734084,0.9258621526078984,0.9710615066730944,0.9689249603935894,0.9853327180999716,0.785709381502644
169,0.806321459,0.0,0.640751473,0.975708607,0.808373106,0.0,0.755226094,0.993593293,0.808373106,0.0,0.755226094,0.993593293,0.808373106,0.0,0.755226094,0.993593293,0.8361565948762255,0.8361565948762255,0.9177690698615144,0.0,0.989330776542293,0.982827120258122,0.9250460093832829,0.9744221884527876,0.9665371438136816,0.9853327180999716,0.7889823953692973
170,0.806655133,0.0,0.640751473,0.976378393,0.808373106,0.0,0.755216785,0.993548055,0.808373106,0.0,0.755216785,0.993548055,0.808373106,0.0,0.755216785,0.993548055,0.8361565948762255,0.8361565948762255,0.918194355631626,0.0,0.989330776542293,0.9893331648353124,0.9249553757791512,0.9746952400849916,0.9656095160098168,0.9853327180999716,0.785709381502644
171,0.806655133,0.0,0.640751473,0.97687737,0.808373106,0.0,0.755216785,0.993683528,0.808373106,0.0,0.755216785,0.993683528,0.808373106,0.0,0.755216785,0.993683528,0.8374249423858939,0.8374249423858939,0.9196475306845324,0.0,0.989330776542293,0.9892881662004992,0.9300603881893804,0.9729433389750348,0.9668858951302096,0.9853327180999716,0.7911598950022657
172,0.806655133,0.0,0.640538247,0.976296016,0.808373106,0.0,0.755216785,0.993638766,0.808373106,0.0,0.755216785,0.993638766,0.808373106,0.0,0.755216785,0.993638766,0.8374249423858939,0.8374249423858939,0.9196475306845324,0.0,0.989330776542293,0.9890190288942796,0.9306364861861032,0.9713917214437564,0.967529047861002,0.985288273304124,0.7864563518180677
173,0.806655133,0.0,0.640751473,0.975763243,0.808373106,0.0,0.755216785,0.993683763,0.808373106,0.0,0.755216785,0.993683763,0.808373106,0.0,0.755216785,0.993683763,0.8374249423858939,0.8374249423858939,0.9199874114546372,0.0,0.989330776542293,0.9881108105392236,0.9324549024259456,0.9713469195895984,0.9670683091069218,0.9853327180999716,0.7910547532460662
174,0.806655133,0.0,0.640751473,0.975843611,0.808373106,0.0,0.755216785,0.993638766,0.808373106,0.0,0.755216785,0.993638766,0.808373106,0.0,0.755216785,0.993638766,0.8392764453446409,0.8392764453446409,0.919975433659012,0.0,0.989330776542293,0.9891973679600184,0.932361581667777,0.9731654267919037,0.9673430918509032,0.985654696166594,0.7864563518180677
175,0.806655133,0.0,0.640751473,0.975951841,0.808373106,0.0,0.766457354,0.993683763,0.808373106,0.0,0.766457354,0.993683763,0.808373106,0.0,0.766457354,0.993683763,0.8425210733661403,0.8425210733661403,0.9205841684787416,0.0,0.989330776542293,0.9892873668786696,0.9323174547986984,0.9732092518741644,0.9692073604900612,0.9855636502706632,0.7954623325700692
176,0.806696849,0.0,0.640538247,0.977704404,0.808373106,0.0,0.758743015,0.993728762,0.808373106,0.0,0.758743015,0.993728762,0.808373106,0.0,0.758743015,0.993728762,0.8425210733661403,0.8425210733661403,0.9222894735133842,0.0,0.989330776542293,0.9889740453494852,0.9323250620563588,0.974281803976283,0.970343834071672,0.985609711605494,0.7912626520919557
177,0.806535161,0.0,0.688518822,0.976213693,0.805030162,0.0,0.766457354,0.993728996,0.805030162,0.0,0.766457354,0.993728996,0.805030162,0.0,0.766457354,0.993728996,0.8425210733661403,0.8425210733661403,0.9224005442271078,0.0,0.989330776542293,0.9886104144941116,0.9323250620563588,0.9718408862222728,0.9715807571116332,0.9885594557986276,0.7957281846841557
178,0.806535161,0.0,0.688518822,0.97927749,0.805030162,0.0,0.766457354,0.993728762,0.805030162,0.0,0.766457354,0.993728762,0.805030162,0.0,0.766457354,0.993728762,0.8425210733661403,0.8425210733661403,0.9232061969512892,0.0,0.989512393559486,0.9889736340683934,0.9331636638127364,0.9728506656181694,0.970842969892939,0.9895671363349648,0.7921455205765914
179,0.806535161,0.0,0.688518822,0.976761377,0.805030162,0.0,0.766457354,0.993728996,0.805030162,0.0,0.766457354,0.993728996,0.805030162,0.0,0.766457354,0.993728996,0.8425210733661403,0.8425210733661403,0.9234871146724688,0.0,0.9894669918465364,0.988837439430484,0.9311428557022032,0.9741665238551784,0.9709295879840668,0.9885594557986276,0.7935927728988297
180,0.80718409,0.0,0.688518822,0.977485031,0.805179521,0.0,0.766457354,0.993728996,0.805179521,0.0,0.766457354,0.993728996,0.805179521,0.0,0.766457354,0.993728996,0.8425210733661403,0.8425210733661403,0.9252815764414414,0.0,0.9894669918465364,0.9885204492230109,0.9314494346854588,0.9741216860213484,0.9706556482461676,0.9885594557986276,0.7903584110541125
181,0.805953259,0.0,0.640538247,0.976190291,0.807417868,0.0,0.766457354,0.993774227,0.807417868,0.0,0.766457354,0.993774227,0.807417868,0.0,0.766457354,0.993774227,0.8376951637146279,0.8376951637146279,0.9260758524594894,0.0,0.989557793578361,0.9890190288942796,0.9395099886176862,0.977499011907119,0.9709285097968772,0.9885594557986276,0.7950698199488186
182,0.805953259,0.647793063,0.640751473,0.978505584,0.807417868,0.697225848,0.766457354,0.993774227,0.807417868,0.697225848,0.766457354,0.993774227,0.807417868,0.697225848,0.766457354,0.993774227,0.8375493018168634,0.8375493018168634,0.9259357228128682,0.0,0.989557793578361,0.986746716618771,0.93360527306157,0.976850474524478,0.9709285097968772,0.9885594557986276,0.7904999991088684
183,0.805953259,0.647793063,0.640538247,0.978604669,0.807417868,0.759052277,0.766499202,0.993774227,0.807417868,0.759052277,0.766499202,0.993774227,0.807417868,0.759052277,0.766499202,0.993774227,0.8449280685575057,0.8449280685575057,0.9212232356646922,0.0,0.989557793578361,0.9865647811692008,0.9336419805114602,0.978779036031078,0.9709274315297076,0.9885594557986276,0.7955870456244448
184,0.807081308,0.720112961,0.688518822,0.978422509,0.807417868,0.759384812,0.766499202,0.993638766,0.807417868,0.759384812,0.766499202,0.993638766,0.807417868,0.759384812,0.766499202,0.993638766,0.8468032286374225,0.8468032286374225,0.9218153141518568,0.0,0.989557793578361,0.9871109871769056,0.9383994885765536,0.9782406096571966,0.9709729042580304,0.989930324599268,0.7903112116512148
185,0.807081308,0.730261863,0.688518822,0.977477482,0.808844,0.766098679,0.766499202,0.993683763,0.808844,0.766098679,0.766499202,0.993683763,0.808844,0.766098679,0.766499202,0.993683763,0.8468032286374225,0.8468032286374225,0.9228703088161132,0.0,0.989557793578361,0.987656447142091,0.9377485951353108,0.9788697239112868,0.9709739808187065,0.9912458703183508,0.7874425658462849
186,0.804470601,0.730282053,0.640538247,0.975586347,0.808844,0.76604791,0.766499202,0.993638766,0.808844,0.76604791,0.766499202,0.993638766,0.808844,0.76604791,0.766499202,0.993638766,0.8468032286374225,0.8468032286374225,0.924418888155488,0.0,0.989557793578361,0.9867012353037512,0.9380485841598146,0.9789154624297906,0.9709729042580304,0.9912009098083722,0.7874425658462849
187,0.804470601,0.730282053,0.640538247,0.976393355,0.808844,0.766215239,0.766499202,0.993683763,0.808844,0.766215239,0.766499202,0.993683763,0.808844,0.766215239,0.766499202,0.993683763,0.8468032286374225,0.8468032286374225,0.9250796701219682,0.0,0.9896031919032564,0.9865192930608694,0.9390363590479932,0.9788239836808396,0.9710638446551808,0.991019077626117,0.7973464194431681
188,0.804470601,0.720853929,0.688518822,0.973224043,0.810533374,0.766215239,0.766499202,0.993593531,0.810533374,0.766215239,0.766499202,0.993593531,0.810533374,0.766215239,0.766499202,0.993593531,0.8468032286374225,0.8468032286374225,0.9261222785660856,0.0,0.9896031919032564,0.9880199514237412,0.9414778423194932,0.978962773949532,0.9710215996235834,0.9912458703183508,0.7874425658462849
189,0.804470601,0.720934161,0.688518822,0.974922054,0.810533374,0.766466281,0.766499202,0.993728996,0.810533374,0.766466281,0.766499202,0.993728996,0.810533374,0.766466281,0.766499202,0.993728996,0.8468032286374225,0.8468032286374225,0.921172595924836,0.0,0.9896035798177284,0.9882470864993332,0.9432393457507152,0.978917040595717,0.9709729042580304,0.991019077626117,0.7966414704532067
190,0.804456544,0.721035281,0.688518822,0.97495457,0.810533374,0.765871659,0.766499202,0.993773763,0.810533374,0.765871659,0.766499202,0.993773763,0.810533374,0.765871659,0.766499202,0.993773763,0.8468032286374225,0.8468032286374225,0.9233685345094672,0.0,0.989557793578361,0.988792873971154,0.942778826304773,0.9790534516480254,0.9709729042580304,0.991019077626117,0.7874425658462849
191,0.804456544,0.720613267,0.688518822,0.973655212,0.809490195,0.768342071,0.766373664,0.993683763,0.809490195,0.768342071,0.766373664,0.993683763,0.809490195,0.768342071,0.766373664,0.993683763,0.8469492163696496,0.8469492163696496,0.9254755173723505,0.0,0.989557793578361,0.9889736340683934,0.9428253115526763,0.9788247762466928,0.9709729042580304,0.9911559509729748,0.7965944603944567
192,0.804456544,0.720733591,0.688518822,0.972734787,0.809490195,0.768383991,0.766499202,0.993728762,0.809490195,0.768383991,0.766499202,0.993728762,0.809490195,0.768383991,0.766499202,0.993728762,0.8469492163696496,0.8469492163696496,0.9258992633591776,0.0,0.989557793578361,0.9880649364710395,0.9429476489240508,0.9806986522340488,0.9710649178032466,0.9908371912471062,0.7874425658462849
193,0.804456544,0.721054521,0.688518822,0.971622578,0.809490195,0.767378366,0.766373664,0.993683998,0.809490195,0.767378366,0.766373664,0.993683998,0.809490195,0.767378366,0.766373664,0.993683998,0.8469492163696496,0.8469492163696496,0.9275816619183732,0.0,0.989557793578361,0.9887920378307812,0.9432776145061648,0.9805616367917508,0.970750948416424,0.9905639083638031,0.7928085967959377
194,0.804456544,0.720733591,0.688518822,0.976981422,0.809490195,0.765202676,0.766499202,0.993728996,0.809490195,0.765202676,0.766499202,0.993728996,0.809490195,0.765202676,0.766499202,0.993728996,0.8469492163696496,0.8469492163696496,0.9283710877306268,0.0,0.989557793578361,0.988883668672022,0.9432776145061648,0.98060658499585,0.9709729042580304,0.9907881073296628,0.7834826809531388
195,0.804456544,0.721155642,0.688518822,0.975427626,0.809490195,0.767378366,0.766499202,0.993728996,0.809490195,0.767378366,0.766499202,0.993728996,0.809490195,0.767378366,0.766499202,0.993728996,0.8469492163696496,0.8469492163696496,0.9285031623996288,0.0,0.989557793578361,0.9890190288942796,0.943509793828128,0.9805145039827632,0.9711178816351764,0.9906088821376552,0.7929963200708663
196,0.804456544,0.720853929,0.688518822,0.978401585,0.809490195,0.768342071,0.769012975,0.993728996,0.809490195,0.768342071,0.769012975,0.993728996,0.809490195,0.768342071,0.769012975,0.993728996,0.8469492163696496,0.8469492163696496,0.9279758172285713,0.0,0.989557793578361,0.988338798845384,0.9433704914526964,0.980699374054857,0.9713398138807114,0.9906088821376552,0.7834826809531388
197,0.804473482,0.721155642,0.688518822,0.972154628,0.809490195,0.768342071,0.774142157,0.993774227,0.809490195,0.768342071,0.774142157,0.993774227,0.809490195,0.768342071,0.774142157,0.993774227,0.8437379360502646,0.8437379360502646,0.9281761868912168,0.0,0.9896031919032564,0.9889282375491952,0.9432730601044,0.980515232799266,0.9705734133742296,0.9908327511248836,0.7937938451288077
198,0.805715386,0.728462517,0.694712481,0.973005566,0.8099156,0.768425912,0.77578688,0.993773995,0.8099156,0.768425912,0.77578688,0.993773995,0.8099156,0.768425912,0.77578688,0.993773995,0.8437379360502646,0.8437379360502646,0.9267133901278172,0.0,0.989557793578361,0.9885195926617344,0.9430577116571174,0.9825201375270234,0.9705734133742296,0.9906088821376552,0.7834826809531388
199,0.805715386,0.730423732,0.694712481,0.974990847,0.8099156,0.768132498,0.776664944,0.993728996,0.8099156,0.768132498,0.776664944,0.993728996,0.8099156,0.768132498,0.776664944,0.993728996,0.8435241737238217,0.8435241737238217,0.928220214726456,0.0,0.989557793578361,0.9885650044250056,0.9436110681123788,0.9837887127914648,0.9705279408269448,0.9906088821376552,0.7965579778084194
200,0.805715386,0.720813815,0.694712481,0.979493673,0.8099156,0.76817441,0.776664944,0.993774227,0.8099156,0.76817441,0.776664944,0.993774227,0.8099156,0.76817441,0.776664944,0.993774227,0.8435241737238217,0.8435241737238217,0.9283136451475134,0.0,0.989557793578361,0.9885662841130058,0.9465868377166684,0.9832503262252764,0.9707119929709946,0.9902393188339704,0.8846785109090509
