,Random_Knn,Random_Lightgbm,Random_GradientBoosting,Random_Catboost,Uncertainty_Knn,Uncertainty_Lightgbm,Uncertainty_GradientBoosting,Uncertainty_Catboost,Entropy_Knn,Entropy_Lightgbm,Entropy_GradientBoosting,Entropy_Catboost,Margin_Knn,Margin_Lightgbm,Margin_GradientBoosting,Margin_Catboost,Knn_light,Knn_gradient,light_gradient,Knn_catboost,light_catboost,gradient_catboost,lg_gb_cb,Knn_gb_cb,Knn_lg_cb,Knn_lg_gb,Knn_lg_gb_cb
0,0,0,0.0,0.329545455,0.0,0,0,0.329545455,0.0,0,0,0.329545455,0.0,0,0,0.329545455,0.290697674,0.290697674,0.0,0.290697674,0.0,0.0,0.2603550295857988,0.2181818181818182,0.2181818181818182,0.0,0.1273885350318471
1,0,0,0.0,0.329545455,0.329545455,0,0,0.633027523,0.329545455,0,0,0.633027523,0.329545455,0,0,0.633027523,0.290697674,0.290697674,0.0,0.46875,0.0,0.460732984,0.6576576576576576,0.3666666666666666,0.3756906077348066,0.0,0.3575418994413407
2,0,0,0.0,0.329545455,0.329545455,0,0,0.721030043,0.329545455,0,0,0.721030043,0.329545455,0,0,0.721030043,0.375690608,0.375690608,0.0,0.46875,0.0,0.482051282,0.728813559322034,0.32,0.3389830508474576,0.0,0.65158371040724
3,0,0,0.0,0.329545455,0.310344828,0,0,0.731914894,0.310344828,0,0,0.731914894,0.310344828,0,0,0.731914894,0.537313433,0.369565217,0.0,0.537313433,0.0,0.436170213,0.7319148936170213,0.3756906077348066,0.3934426229508196,0.0,0.7319148936170213
4,0,0,0.0,0.329545455,0.367567568,0,0,0.731914894,0.367567568,0,0,0.731914894,0.367567568,0,0,0.731914894,0.537313433,0.369565217,0.0,0.526829268,0.0,0.587677725,0.7319148936170213,0.4108108108108108,0.4193548387096774,0.0,0.7319148936170213
5,0,0,0.0,0.329545455,0.367567568,0,0,0.731914894,0.367567568,0,0,0.731914894,0.367567568,0,0,0.731914894,0.529411765,0.529411765,0.0,0.556603774,0.0,0.715517241,0.7319148936170213,0.427807486631016,0.4607329842931937,0.0,0.728813559322034
6,0,0,0.0,0.329545455,0.451282051,0,0,0.731914894,0.451282051,0,0,0.731914894,0.451282051,0,0,0.731914894,0.559241706,0.529411765,0.0,0.663755459,0.026845638,0.712446352,0.7319148936170213,0.5797101449275363,0.5933014354066986,0.1684981684981684,0.7319148936170213
7,0,0,0.0,0.329545455,0.504950495,0,0,0.731914894,0.504950495,0,0,0.731914894,0.504950495,0,0,0.731914894,0.666666667,0.642533937,0.0,0.666666667,0.185185185,0.721030043,0.7319148936170213,0.5933014354066986,0.5971563981042654,0.1684981684981684,0.7572016460905351
8,0,0,0.0,0.290697674,0.575471698,0,0,0.731914894,0.575471698,0,0,0.731914894,0.575471698,0,0,0.731914894,0.666666667,0.666666667,0.0,0.666666667,0.427807487,0.722689076,0.7319148936170213,0.5933014354066986,0.5971563981042654,0.1684981684981684,0.7572016460905351
9,0,0,0.0,0.329545455,0.575471698,0,0,0.731914894,0.575471698,0,0,0.731914894,0.575471698,0,0,0.731914894,0.666666667,0.666666667,0.0,0.666666667,0.53,0.731914894,0.7319148936170213,0.6203703703703703,0.6784140969162995,0.1684981684981684,0.7572016460905351
10,0,0,0.0,0.329545455,0.588785047,0,0,0.731914894,0.588785047,0,0,0.731914894,0.588785047,0,0,0.731914894,0.666666667,0.666666667,0.0,0.666666667,0.558823529,0.731914894,0.728813559322034,0.6267281105990784,0.6842105263157895,0.1684981684981684,0.7572016460905351
11,0,0,0.0,0.338983051,0.588785047,0,0,0.731914894,0.588785047,0,0,0.731914894,0.588785047,0,0,0.731914894,0.666666667,0.666666667,0.0,0.666666667,0.613953488,0.731914894,0.7319148936170213,0.6267281105990784,0.728813559322034,0.1684981684981684,0.7572016460905351
12,0,0,0.0,0.329545455,0.518518519,0,0,0.731914894,0.518518519,0,0,0.731914894,0.518518519,0,0,0.731914894,0.666666667,0.666666667,0.0,0.666666667,0.613953488,0.731914894,0.7319148936170213,0.6814159292035398,0.7012987012987012,0.1684981684981684,0.7520661157024794
13,0,0,0.0,0.310344828,0.518518519,0,0,0.731914894,0.518518519,0,0,0.731914894,0.518518519,0,0,0.731914894,0.666666667,0.666666667,0.0,0.666666667,0.626728111,0.731914894,0.7319148936170213,0.6784140969162995,0.75,0.1684981684981684,0.7520661157024794
14,0,0,0.0,0.329545455,0.588785047,0,0,0.731914894,0.588785047,0,0,0.731914894,0.588785047,0,0,0.731914894,0.666666667,0.666666667,0.0,0.666666667,0.626728111,0.731914894,0.7319148936170213,0.6784140969162995,0.75,0.1684981684981684,0.75
15,0,0,0.0,0.329545455,0.588785047,0,0,0.731914894,0.588785047,0,0,0.731914894,0.588785047,0,0,0.731914894,0.666666667,0.666666667,0.0,0.666666667,0.626728111,0.731914894,0.7319148936170213,0.6784140969162995,0.75,0.1684981684981684,0.7583333333333334
16,0,0,0.0,0.338983051,0.588785047,0,0,0.731914894,0.588785047,0,0,0.731914894,0.588785047,0,0,0.731914894,0.666666667,0.666666667,0.0,0.666666667,0.626728111,0.731914894,0.7319148936170213,0.6784140969162995,0.75,0.0,0.7634854771784232
17,0,0,0.0,0.300578035,0.588785047,0,0,0.731914894,0.588785047,0,0,0.731914894,0.588785047,0,0,0.731914894,0.666666667,0.666666667,0.185185185,0.666666667,0.633027523,0.731914894,0.7319148936170213,0.6784140969162995,0.75,0.0,0.7634854771784232
18,0,0,0.0,0.338983051,0.588785047,0,0,0.731914894,0.588785047,0,0,0.731914894,0.588785047,0,0,0.731914894,0.666666667,0.666666667,0.0,0.666666667,0.698689956,0.731914894,0.7319148936170213,0.6784140969162995,0.75,0.0,0.7634854771784232
19,0,0,0.0,0.70995671,0.588785047,0,0,0.731914894,0.588785047,0,0,0.731914894,0.588785047,0,0,0.731914894,0.666666667,0.666666667,0.0,0.666666667,0.731914894,0.731914894,0.7319148936170213,0.6784140969162995,0.75,0.0,0.7634854771784232
20,0,0,0.0,0.70995671,0.588785047,0,0,0.731914894,0.588785047,0,0,0.731914894,0.588785047,0,0,0.731914894,0.666666667,0.666666667,0.0,0.666666667,0.731914894,0.731914894,0.7319148936170213,0.6784140969162995,0.75,0.0,0.7634854771784232
21,0,0,0.0,0.70995671,0.657777778,0,0,0.731914894,0.657777778,0,0,0.731914894,0.657777778,0,0,0.731914894,0.666666667,0.666666667,0.0,0.666666667,0.731914894,0.731914894,0.7319148936170213,0.6784140969162995,0.75,0.0,0.7634854771784232
22,0,0,0.0,0.70995671,0.657777778,0,0,0.731914894,0.657777778,0,0,0.731914894,0.657777778,0,0,0.731914894,0.666666667,0.666666667,0.0,0.666666667,0.731914894,0.731914894,0.7319148936170213,0.7012987012987012,0.75,0.0,0.7634854771784232
23,0,0,0.0,0.70995671,0.660714286,0,0,0.731914894,0.660714286,0,0,0.731914894,0.660714286,0,0,0.731914894,0.666666667,0.666666667,0.0,0.666666667,0.731914894,0.731914894,0.7319148936170213,0.7012987012987012,0.75,0.4742268041237114,0.7634854771784232
24,0,0,0.0,0.70995671,0.660714286,0,0,0.731914894,0.660714286,0,0,0.731914894,0.660714286,0,0,0.731914894,0.666666667,0.666666667,0.0,0.666666667,0.731914894,0.731914894,0.7319148936170213,0.7012987012987012,0.75,0.5560975609756098,0.7634854771784232
25,0,0,0.0,0.70995671,0.660714286,0,0,0.731914894,0.660714286,0,0,0.731914894,0.660714286,0,0,0.731914894,0.666666667,0.666666667,0.0,0.666666667,0.731914894,0.731914894,0.7319148936170213,0.7012987012987012,0.75,0.5904761904761904,0.7634854771784232
26,0,0,0.0,0.70995671,0.660714286,0,0,0.731914894,0.660714286,0,0,0.731914894,0.660714286,0,0,0.731914894,0.666666667,0.666666667,0.0,0.666666667,0.731914894,0.731914894,0.7319148936170213,0.7447698744769874,0.75,0.5904761904761904,0.7634854771784232
27,0,0,0.0,0.70995671,0.660714286,0,0,0.731914894,0.660714286,0,0,0.731914894,0.660714286,0,0,0.731914894,0.666666667,0.666666667,0.0,0.666666667,0.731914894,0.731914894,0.7319148936170213,0.7447698744769874,0.75,0.5904761904761904,0.7634854771784232
28,0,0,0.0,0.70995671,0.660714286,0,0,0.731914894,0.660714286,0,0,0.731914894,0.660714286,0,0,0.731914894,0.666666667,0.666666667,0.0,0.666666667,0.731914894,0.731914894,0.7319148936170213,0.7447698744769874,0.75,0.5904761904761904,0.7634854771784232
29,0,0,0.0,0.704347826,0.660714286,0,0,0.731914894,0.660714286,0,0,0.731914894,0.660714286,0,0,0.731914894,0.666666667,0.666666667,0.0,0.666666667,0.731914894,0.731914894,0.7319148936170213,0.7447698744769874,0.75,0.5904761904761904,0.7634854771784232
30,0,0,0.0,0.70995671,0.660714286,0,0,0.731914894,0.660714286,0,0,0.731914894,0.660714286,0,0,0.731914894,0.666666667,0.666666667,0.0,0.666666667,0.731914894,0.731914894,0.7319148936170213,0.7447698744769874,0.75,0.5971563981042654,0.7634854771784232
31,0,0,0.0,0.70995671,0.660714286,0,0,0.731914894,0.660714286,0,0,0.731914894,0.660714286,0,0,0.731914894,0.666666667,0.666666667,0.0,0.666666667,0.731914894,0.731914894,0.7319148936170213,0.7447698744769874,0.75,0.5971563981042654,0.7634854771784232
32,0,0,0.0,0.70995671,0.660714286,0,0,0.731914894,0.660714286,0,0,0.731914894,0.660714286,0,0,0.731914894,0.666666667,0.666666667,0.0,0.666666667,0.731914894,0.731914894,0.7319148936170213,0.7447698744769874,0.75,0.5971563981042654,0.7634854771784232
33,0,0,0.0,0.704347826,0.660714286,0,0,0.731914894,0.660714286,0,0,0.731914894,0.660714286,0,0,0.731914894,0.666666667,0.666666667,0.0,0.666666667,0.731914894,0.731914894,0.7319148936170213,0.7447698744769874,0.75,0.5971563981042654,0.7634854771784232
34,0,0,0.0,0.70995671,0.660714286,0,0,0.731914894,0.660714286,0,0,0.731914894,0.660714286,0,0,0.731914894,0.666666667,0.666666667,0.0,0.666666667,0.731914894,0.731914894,0.7319148936170213,0.7447698744769874,0.75,0.6175115207373272,0.7634854771784232
35,0,0,0.0,0.68722467,0.660714286,0,0,0.731914894,0.660714286,0,0,0.731914894,0.660714286,0,0,0.731914894,0.666666667,0.666666667,0.0,0.666666667,0.731914894,0.731914894,0.7319148936170213,0.7447698744769874,0.75,0.6363636363636364,0.7634854771784232
36,0,0,0.0,0.698689956,0.660714286,0,0,0.731914894,0.660714286,0,0,0.731914894,0.660714286,0,0,0.731914894,0.666666667,0.666666667,0.0,0.666666667,0.731914894,0.731914894,0.7319148936170213,0.7447698744769874,0.75,0.6363636363636364,0.7634854771784232
37,0,0,0.0,0.657657658,0.660714286,0,0,0.731914894,0.660714286,0,0,0.731914894,0.660714286,0,0,0.731914894,0.666666667,0.666666667,0.0,0.666666667,0.731914894,0.731914894,0.7319148936170213,0.7447698744769874,0.75,0.6363636363636364,0.7583333333333334
38,0,0,0.0,0.645454545,0.660714286,0,0,0.731914894,0.660714286,0,0,0.731914894,0.660714286,0,0,0.731914894,0.666666667,0.666666667,0.0,0.666666667,0.731914894,0.731914894,0.7319148936170213,0.7447698744769874,0.75,0.6363636363636364,0.7531380753138075
39,0,0,0.0,0.669642857,0.660714286,0,0,0.731914894,0.660714286,0,0,0.731914894,0.660714286,0,0,0.731914894,0.666666667,0.666666667,0.0,0.666666667,0.731914894,0.731914894,0.7319148936170213,0.7447698744769874,0.75,0.6363636363636364,0.7583333333333334
40,0,0,0.0,0.669642857,0.660714286,0,0,0.731914894,0.660714286,0,0,0.731914894,0.660714286,0,0,0.731914894,0.666666667,0.666666667,0.0,0.666666667,0.731914894,0.731914894,0.7319148936170213,0.7447698744769874,0.75,0.6363636363636364,0.7531380753138075
41,0,0,0.0,0.681415929,0.660714286,0,0,0.731914894,0.660714286,0,0,0.731914894,0.660714286,0,0,0.731914894,0.666666667,0.666666667,0.0,0.666666667,0.731914894,0.731914894,0.7319148936170213,0.7447698744769874,0.75,0.6363636363636364,0.7531380753138075
42,0,0,0.0,0.66367713,0.660714286,0,0,0.731914894,0.660714286,0,0,0.731914894,0.660714286,0,0,0.731914894,0.666666667,0.666666667,0.0,0.666666667,0.731914894,0.731914894,0.7319148936170213,0.7447698744769874,0.75,0.6363636363636364,0.7531380753138075
43,0,0,0.0,0.645454545,0.660714286,0,0,0.731914894,0.660714286,0,0,0.731914894,0.660714286,0,0,0.731914894,0.666666667,0.666666667,0.0,0.666666667,0.731914894,0.731914894,0.7319148936170213,0.7447698744769874,0.75,0.6363636363636364,0.7634854771784232
44,0,0,0.0,0.692982456,0.660714286,0,0,0.731914894,0.660714286,0,0,0.731914894,0.660714286,0,0,0.731914894,0.666666667,0.666666667,0.0,0.666666667,0.731914894,0.731914894,0.7319148936170213,0.7447698744769874,0.75,0.6363636363636364,0.7634854771784232
45,0,0,0.0,0.657657658,0.660714286,0,0,0.731914894,0.660714286,0,0,0.731914894,0.660714286,0,0,0.731914894,0.666666667,0.666666667,0.0,0.666666667,0.731914894,0.731914894,0.7319148936170213,0.7447698744769874,0.75,0.6363636363636364,0.7634854771784232
46,0,0,0.0,0.692982456,0.660714286,0,0,0.731914894,0.660714286,0,0,0.731914894,0.660714286,0,0,0.731914894,0.666666667,0.666666667,0.0,0.666666667,0.731914894,0.731914894,0.7319148936170213,0.7447698744769874,0.75,0.6363636363636364,0.7634854771784232
47,0,0,0.0,0.657657658,0.660714286,0,0,0.731914894,0.660714286,0,0,0.731914894,0.660714286,0,0,0.731914894,0.666666667,0.666666667,0.0,0.666666667,0.731914894,0.731914894,0.7319148936170213,0.7447698744769874,0.75,0.6363636363636364,0.7634854771784232
48,0,0,0.0,0.657657658,0.660714286,0,0,0.731914894,0.660714286,0,0,0.731914894,0.660714286,0,0,0.731914894,0.666666667,0.666666667,0.0,0.666666667,0.731914894,0.731914894,0.7319148936170213,0.7447698744769874,0.75,0.6363636363636364,0.7634854771784232
49,0,0,0.0,0.645454545,0.660714286,0,0,0.731914894,0.660714286,0,0,0.731914894,0.660714286,0,0,0.731914894,0.666666667,0.666666667,0.0,0.666666667,0.731914894,0.731914894,0.7319148936170213,0.7447698744769874,0.75,0.6363636363636364,0.7634854771784232
50,0,0,0.0,0.639269406,0.660714286,0,0,0.731914894,0.660714286,0,0,0.731914894,0.660714286,0,0,0.731914894,0.666666667,0.666666667,0.0,0.666666667,0.731914894,0.731914894,0.7319148936170213,0.7447698744769874,0.75,0.6363636363636364,0.7634854771784232
51,0,0,0.0,0.645454545,0.660714286,0,0,0.731914894,0.660714286,0,0,0.731914894,0.660714286,0,0,0.731914894,0.666666667,0.666666667,0.0,0.666666667,0.731914894,0.731914894,0.7319148936170213,0.7447698744769874,0.75,0.6363636363636364,0.7634854771784232
52,0,0,0.0,0.65158371,0.660714286,0,0,0.731914894,0.660714286,0,0,0.731914894,0.660714286,0,0,0.731914894,0.666666667,0.666666667,0.0,0.666666667,0.731914894,0.731914894,0.7319148936170213,0.7447698744769874,0.75,0.6363636363636364,0.7634854771784232
53,0,0,0.0,0.68722467,0.660714286,0,0,0.731914894,0.660714286,0,0,0.731914894,0.660714286,0,0,0.731914894,0.666666667,0.666666667,0.0,0.666666667,0.731914894,0.731914894,0.7319148936170213,0.7447698744769874,0.75,0.6363636363636364,0.7634854771784232
54,0,0,0.0,0.715517241,0.660714286,0,0,0.731914894,0.660714286,0,0,0.731914894,0.660714286,0,0,0.731914894,0.666666667,0.666666667,0.0,0.666666667,0.731914894,0.731914894,0.7319148936170213,0.7447698744769874,0.75,0.6363636363636364,0.7634854771784232
55,0,0,0.0,0.70995671,0.660714286,0,0,0.731914894,0.660714286,0,0,0.731914894,0.660714286,0,0,0.731914894,0.666666667,0.666666667,0.0,0.666666667,0.731914894,0.731914894,0.7319148936170213,0.7447698744769874,0.75,0.6363636363636364,0.7634854771784232
56,0,0,0.0,0.70995671,0.660714286,0,0,0.731914894,0.660714286,0,0,0.731914894,0.660714286,0,0,0.731914894,0.666666667,0.666666667,0.0,0.666666667,0.731914894,0.731914894,0.7319148936170213,0.7447698744769874,0.75,0.6363636363636364,0.7634854771784232
57,0,0,0.0,0.70995671,0.660714286,0,0,0.731914894,0.660714286,0,0,0.731914894,0.660714286,0,0,0.731914894,0.666666667,0.666666667,0.0,0.666666667,0.731914894,0.731914894,0.7319148936170213,0.7447698744769874,0.75,0.6363636363636364,0.7634854771784232
58,0,0,0.0,0.70995671,0.660714286,0,0,0.731914894,0.660714286,0,0,0.731914894,0.660714286,0,0,0.731914894,0.666666667,0.666666667,0.0,0.666666667,0.731914894,0.731914894,0.7319148936170213,0.7447698744769874,0.75,0.6363636363636364,0.7634854771784232
59,0,0,0.0,0.70995671,0.660714286,0,0,0.731914894,0.660714286,0,0,0.731914894,0.660714286,0,0,0.731914894,0.666666667,0.666666667,0.0,0.666666667,0.731914894,0.731914894,0.7319148936170213,0.7447698744769874,0.75,0.6363636363636364,0.7634854771784232
60,0,0,0.0,0.70995671,0.660714286,0,0,0.731914894,0.660714286,0,0,0.731914894,0.660714286,0,0,0.731914894,0.666666667,0.666666667,0.0,0.666666667,0.731914894,0.731914894,0.7319148936170213,0.7447698744769874,0.75,0.6363636363636364,0.7634854771784232
61,0,0,0.0,0.70995671,0.660714286,0,0,0.731914894,0.660714286,0,0,0.731914894,0.660714286,0,0,0.731914894,0.666666667,0.666666667,0.0,0.666666667,0.731914894,0.731914894,0.7319148936170213,0.7447698744769874,0.75,0.6363636363636364,0.7634854771784232
62,0,0,0.0,0.715517241,0.660714286,0,0,0.731914894,0.660714286,0,0,0.731914894,0.660714286,0,0,0.731914894,0.666666667,0.666666667,0.0,0.666666667,0.731914894,0.731914894,0.7319148936170213,0.7447698744769874,0.75,0.6363636363636364,0.7634854771784232
63,0,0,0.0,0.70995671,0.660714286,0,0,0.731914894,0.660714286,0,0,0.731914894,0.660714286,0,0,0.731914894,0.666666667,0.666666667,0.0,0.666666667,0.731914894,0.731914894,0.7319148936170213,0.7447698744769874,0.75,0.6363636363636364,0.7634854771784232
64,0,0,0.0,0.704347826,0.660714286,0,0,0.731914894,0.660714286,0,0,0.731914894,0.660714286,0,0,0.731914894,0.666666667,0.666666667,0.0,0.666666667,0.731914894,0.731914894,0.7319148936170213,0.7447698744769874,0.75,0.6363636363636364,0.7634854771784232
65,0,0,0.0,0.70995671,0.660714286,0,0,0.731914894,0.660714286,0,0,0.731914894,0.660714286,0,0,0.731914894,0.666666667,0.666666667,0.0,0.666666667,0.731914894,0.731914894,0.7319148936170213,0.7447698744769874,0.75,0.6363636363636364,0.7634854771784232
66,0,0,0.0,0.704347826,0.660714286,0,0,0.731914894,0.660714286,0,0,0.731914894,0.660714286,0,0,0.731914894,0.666666667,0.666666667,0.0,0.666666667,0.731914894,0.731914894,0.7319148936170213,0.7447698744769874,0.75,0.6363636363636364,0.7634854771784232
67,0,0,0.0,0.70995671,0.660714286,0,0,0.731914894,0.660714286,0,0,0.731914894,0.660714286,0,0,0.731914894,0.666666667,0.666666667,0.0,0.666666667,0.731914894,0.731914894,0.7319148936170213,0.7447698744769874,0.75,0.6363636363636364,0.7583333333333334
68,0,0,0.0,0.715517241,0.660714286,0,0,0.731914894,0.660714286,0,0,0.731914894,0.660714286,0,0,0.731914894,0.666666667,0.666666667,0.0,0.666666667,0.731914894,0.731914894,0.7319148936170213,0.7447698744769874,0.75,0.6363636363636364,0.7583333333333334
69,0,0,0.0,0.70995671,0.660714286,0,0,0.763485477,0.660714286,0,0,0.763485477,0.660714286,0,0,0.763485477,0.666666667,0.666666667,0.0,0.666666667,0.731914894,0.731914894,0.7319148936170213,0.7447698744769874,0.75,0.6363636363636364,0.7583333333333334
70,0,0,0.0,0.715517241,0.660714286,0,0,0.763485477,0.660714286,0,0,0.763485477,0.660714286,0,0,0.763485477,0.666666667,0.666666667,0.0,0.666666667,0.731914894,0.731914894,0.7319148936170213,0.7447698744769874,0.75,0.6363636363636364,0.7634854771784232
71,0,0,0.0,0.70995671,0.660714286,0,0,0.763485477,0.660714286,0,0,0.763485477,0.660714286,0,0,0.763485477,0.666666667,0.666666667,0.0,0.666666667,0.731914894,0.731914894,0.7319148936170213,0.7447698744769874,0.75,0.6363636363636364,0.7583333333333334
72,0,0,0.0,0.715517241,0.660714286,0,0,0.763485477,0.660714286,0,0,0.763485477,0.660714286,0,0,0.763485477,0.666666667,0.666666667,0.0,0.666666667,0.731914894,0.731914894,0.7319148936170213,0.7447698744769874,0.75,0.6363636363636364,0.7583333333333334
73,0,0,0.0,0.715517241,0.660714286,0,0,0.763485477,0.660714286,0,0,0.763485477,0.660714286,0,0,0.763485477,0.666666667,0.666666667,0.0,0.666666667,0.731914894,0.731914894,0.7319148936170213,0.7447698744769874,0.75,0.6363636363636364,0.7634854771784232
74,0,0,0.0,0.66367713,0.660714286,0,0,0.763485477,0.660714286,0,0,0.763485477,0.660714286,0,0,0.763485477,0.666666667,0.666666667,0.0,0.666666667,0.731914894,0.731914894,0.7319148936170213,0.7447698744769874,0.75,0.6363636363636364,0.7531380753138075
75,0,0,0.0,0.70995671,0.660714286,0,0,0.763485477,0.660714286,0,0,0.763485477,0.660714286,0,0,0.763485477,0.666666667,0.666666667,0.0,0.666666667,0.731914894,0.731914894,0.7319148936170213,0.7447698744769874,0.75,0.6363636363636364,0.7583333333333334
76,0,0,0.0,0.70995671,0.660714286,0,0,0.763485477,0.660714286,0,0,0.763485477,0.660714286,0,0,0.763485477,0.666666667,0.666666667,0.0,0.666666667,0.731914894,0.731914894,0.7319148936170213,0.7447698744769874,0.75,0.6363636363636364,0.7634854771784232
77,0,0,0.0,0.715517241,0.660714286,0,0,0.763485477,0.660714286,0,0,0.763485477,0.660714286,0,0,0.763485477,0.666666667,0.666666667,0.0,0.666666667,0.731914894,0.731914894,0.7319148936170213,0.7447698744769874,0.75,0.6363636363636364,0.7634854771784232
78,0,0,0.0,0.70995671,0.660714286,0,0,0.763485477,0.660714286,0,0,0.763485477,0.660714286,0,0,0.763485477,0.666666667,0.666666667,0.0,0.666666667,0.731914894,0.731914894,0.7319148936170213,0.7447698744769874,0.75,0.6363636363636364,0.7634854771784232
79,0,0,0.0,0.715517241,0.660714286,0,0,0.763485477,0.660714286,0,0,0.763485477,0.660714286,0,0,0.763485477,0.666666667,0.666666667,0.0,0.666666667,0.731914894,0.731914894,0.7319148936170213,0.7447698744769874,0.75,0.6363636363636364,0.7634854771784232
80,0,0,0.0,0.70995671,0.660714286,0,0,0.763485477,0.660714286,0,0,0.763485477,0.660714286,0,0,0.763485477,0.666666667,0.666666667,0.0,0.666666667,0.731914894,0.731914894,0.7319148936170213,0.7447698744769874,0.75,0.6363636363636364,0.7634854771784232
81,0,0,0.0,0.704347826,0.660714286,0,0,0.763485477,0.660714286,0,0,0.763485477,0.660714286,0,0,0.763485477,0.666666667,0.666666667,0.0,0.666666667,0.731914894,0.731914894,0.7319148936170213,0.7447698744769874,0.75,0.6363636363636364,0.7634854771784232
82,0,0,0.0,0.70995671,0.660714286,0,0,0.763485477,0.660714286,0,0,0.763485477,0.660714286,0,0,0.763485477,0.666666667,0.666666667,0.0,0.666666667,0.731914894,0.731914894,0.7319148936170213,0.7447698744769874,0.75,0.6363636363636364,0.7634854771784232
83,0,0,0.0,0.715517241,0.660714286,0,0,0.763485477,0.660714286,0,0,0.763485477,0.660714286,0,0,0.763485477,0.666666667,0.666666667,0.0,0.666666667,0.731914894,0.731914894,0.7319148936170213,0.7447698744769874,0.75,0.6363636363636364,0.7634854771784232
84,0,0,0.0,0.715517241,0.660714286,0,0,0.763485477,0.660714286,0,0,0.763485477,0.660714286,0,0,0.763485477,0.666666667,0.666666667,0.0,0.666666667,0.731914894,0.731914894,0.7319148936170213,0.7447698744769874,0.75,0.6363636363636364,0.7634854771784232
85,0,0,0.0,0.715517241,0.660714286,0,0,0.763485477,0.660714286,0,0,0.763485477,0.660714286,0,0,0.763485477,0.666666667,0.666666667,0.0,0.666666667,0.731914894,0.731914894,0.7319148936170213,0.7447698744769874,0.75,0.6363636363636364,0.7634854771784232
86,0,0,0.0,0.715517241,0.660714286,0,0,0.763485477,0.660714286,0,0,0.763485477,0.660714286,0,0,0.763485477,0.666666667,0.666666667,0.0,0.666666667,0.731914894,0.731914894,0.7319148936170213,0.7447698744769874,0.75,0.6363636363636364,0.7634854771784232
87,0,0,0.0,0.70995671,0.660714286,0,0,0.763485477,0.660714286,0,0,0.763485477,0.660714286,0,0,0.763485477,0.666666667,0.666666667,0.0,0.666666667,0.731914894,0.731914894,0.7319148936170213,0.7447698744769874,0.75,0.6363636363636364,0.7634854771784232
88,0,0,0.0,0.70995671,0.660714286,0,0,0.763485477,0.660714286,0,0,0.763485477,0.660714286,0,0,0.763485477,0.666666667,0.666666667,0.0,0.666666667,0.731914894,0.731914894,0.7319148936170213,0.7447698744769874,0.75,0.6363636363636364,0.7634854771784232
89,0,0,0.0,0.715517241,0.660714286,0,0,0.763485477,0.660714286,0,0,0.763485477,0.660714286,0,0,0.763485477,0.666666667,0.666666667,0.0,0.666666667,0.731914894,0.731914894,0.7319148936170213,0.7447698744769874,0.75,0.6363636363636364,0.7634854771784232
90,0,0,0.0,0.715517241,0.660714286,0,0,0.763485477,0.660714286,0,0,0.763485477,0.660714286,0,0,0.763485477,0.666666667,0.666666667,0.0,0.666666667,0.731914894,0.731914894,0.7319148936170213,0.7447698744769874,0.75,0.6363636363636364,0.7634854771784232
91,0,0,0.0,0.70995671,0.660714286,0,0,0.763485477,0.660714286,0,0,0.763485477,0.660714286,0,0,0.763485477,0.666666667,0.666666667,0.0,0.666666667,0.731914894,0.731914894,0.7319148936170213,0.7447698744769874,0.75,0.6363636363636364,0.7634854771784232
92,0,0,0.0,0.715517241,0.660714286,0,0,0.763485477,0.660714286,0,0,0.763485477,0.660714286,0,0,0.763485477,0.666666667,0.666666667,0.0,0.666666667,0.731914894,0.731914894,0.7319148936170213,0.7447698744769874,0.75,0.6363636363636364,0.7634854771784232
93,0,0,0.0,0.715517241,0.660714286,0,0,0.763485477,0.660714286,0,0,0.763485477,0.660714286,0,0,0.763485477,0.666666667,0.666666667,0.0,0.666666667,0.731914894,0.731914894,0.7319148936170213,0.7447698744769874,0.75,0.6363636363636364,0.7634854771784232
94,0,0,0.0,0.715517241,0.660714286,0,0,0.763485477,0.660714286,0,0,0.763485477,0.660714286,0,0,0.763485477,0.666666667,0.666666667,0.0,0.666666667,0.731914894,0.731914894,0.7319148936170213,0.7447698744769874,0.75,0.6363636363636364,0.7634854771784232
95,0,0,0.0,0.715517241,0.660714286,0,0,0.763485477,0.660714286,0,0,0.763485477,0.660714286,0,0,0.763485477,0.666666667,0.666666667,0.0,0.666666667,0.731914894,0.731914894,0.7319148936170213,0.7447698744769874,0.75,0.6363636363636364,0.7634854771784232
96,0,0,0.0,0.715517241,0.660714286,0,0,0.763485477,0.660714286,0,0,0.763485477,0.660714286,0,0,0.763485477,0.666666667,0.666666667,0.0,0.666666667,0.731914894,0.731914894,0.7319148936170213,0.7447698744769874,0.75,0.6363636363636364,0.7634854771784232
97,0,0,0.0,0.715517241,0.660714286,0,0,0.763485477,0.660714286,0,0,0.763485477,0.660714286,0,0,0.763485477,0.666666667,0.666666667,0.0,0.666666667,0.731914894,0.731914894,0.7319148936170213,0.7447698744769874,0.75,0.6363636363636364,0.7634854771784232
98,0,0,0.0,0.715517241,0.660714286,0,0,0.763485477,0.660714286,0,0,0.763485477,0.660714286,0,0,0.763485477,0.666666667,0.666666667,0.0,0.666666667,0.731914894,0.731914894,0.7319148936170213,0.7447698744769874,0.75,0.6363636363636364,0.7634854771784232
99,0,0,0.0,0.715517241,0.660714286,0,0,0.763485477,0.660714286,0,0,0.763485477,0.660714286,0,0,0.763485477,0.666666667,0.666666667,0.0,0.666666667,0.731914894,0.731914894,0.7319148936170213,0.7447698744769874,0.75,0.6363636363636364,0.7634854771784232
100,0,0,0.0,0.715517241,0.660714286,0,0,0.763485477,0.660714286,0,0,0.763485477,0.660714286,0,0,0.763485477,0.666666667,0.666666667,0.0,0.666666667,0.731914894,0.731914894,0.7319148936170213,0.7447698744769874,0.75,0.6363636363636364,0.7634854771784232
101,0,0,0.0,0.715517241,0.660714286,0,0,0.760330579,0.660714286,0,0,0.760330579,0.660714286,0,0,0.760330579,0.666666667,0.666666667,0.0,0.666666667,0.731914894,0.731914894,0.7319148936170213,0.7447698744769874,0.75,0.6363636363636364,0.7634854771784232
102,0,0,0.0,0.70995671,0.660714286,0,0,0.760330579,0.660714286,0,0,0.760330579,0.660714286,0,0,0.760330579,0.666666667,0.666666667,0.0,0.666666667,0.731914894,0.731914894,0.7319148936170213,0.7447698744769874,0.75,0.6363636363636364,0.7634854771784232
103,0,0,0.0,0.70995671,0.660714286,0,0,0.760330579,0.660714286,0,0,0.760330579,0.660714286,0,0,0.760330579,0.666666667,0.666666667,0.0,0.666666667,0.731914894,0.731914894,0.7319148936170213,0.7447698744769874,0.75,0.6363636363636364,0.7634854771784232
104,0,0,0.0,0.698689956,0.660714286,0,0,0.760330579,0.660714286,0,0,0.760330579,0.660714286,0,0,0.760330579,0.666666667,0.666666667,0.0,0.666666667,0.731914894,0.731914894,0.7319148936170213,0.7447698744769874,0.75,0.6363636363636364,0.7634854771784232
105,0,0,0.0,0.715517241,0.660714286,0,0,0.760330579,0.660714286,0,0,0.760330579,0.660714286,0,0,0.760330579,0.666666667,0.666666667,0.0,0.666666667,0.731914894,0.731914894,0.7319148936170213,0.7447698744769874,0.75,0.6363636363636364,0.7634854771784232
106,0,0,0.0,0.70995671,0.660714286,0,0,0.760330579,0.660714286,0,0,0.760330579,0.660714286,0,0,0.760330579,0.666666667,0.666666667,0.0,0.666666667,0.731914894,0.731914894,0.7319148936170213,0.7447698744769874,0.75,0.6363636363636364,0.7634854771784232
107,0,0,0.0,0.715517241,0.660714286,0,0,0.760330579,0.660714286,0,0,0.760330579,0.660714286,0,0,0.760330579,0.666666667,0.666666667,0.0,0.666666667,0.731914894,0.731914894,0.7319148936170213,0.7447698744769874,0.75,0.6363636363636364,0.7634854771784232
108,0,0,0.0,0.704347826,0.660714286,0,0,0.760330579,0.660714286,0,0,0.760330579,0.660714286,0,0,0.760330579,0.666666667,0.666666667,0.0,0.666666667,0.731914894,0.731914894,0.7319148936170213,0.7447698744769874,0.75,0.6363636363636364,0.7634854771784232
109,0,0,0.0,0.70995671,0.660714286,0,0,0.760330579,0.660714286,0,0,0.760330579,0.660714286,0,0,0.760330579,0.666666667,0.666666667,0.0,0.666666667,0.731914894,0.731914894,0.7319148936170213,0.7447698744769874,0.75,0.6363636363636364,0.7634854771784232
110,0,0,0.0,0.715517241,0.660714286,0,0,0.760330579,0.660714286,0,0,0.760330579,0.660714286,0,0,0.760330579,0.666666667,0.666666667,0.0,0.666666667,0.731914894,0.731914894,0.7319148936170213,0.7447698744769874,0.75,0.6363636363636364,0.7634854771784232
111,0,0,0.0,0.704347826,0.660714286,0,0,0.760330579,0.660714286,0,0,0.760330579,0.660714286,0,0,0.760330579,0.666666667,0.666666667,0.0,0.666666667,0.731914894,0.731914894,0.7319148936170213,0.7510204081632654,0.75,0.6363636363636364,0.7634854771784232
112,0,0,0.0,0.698689956,0.660714286,0,0,0.760330579,0.660714286,0,0,0.760330579,0.660714286,0,0,0.760330579,0.666666667,0.666666667,0.0,0.666666667,0.731914894,0.731914894,0.7319148936170213,0.7551867219917012,0.75,0.6363636363636364,0.7634854771784232
113,0,0,0.0,0.704347826,0.660714286,0,0,0.760330579,0.660714286,0,0,0.760330579,0.660714286,0,0,0.760330579,0.666666667,0.666666667,0.0,0.666666667,0.731914894,0.731914894,0.7319148936170213,0.75,0.75,0.6363636363636364,0.7634854771784232
114,0,0,0.0,0.704347826,0.660714286,0,0,0.760330579,0.660714286,0,0,0.760330579,0.660714286,0,0,0.760330579,0.666666667,0.666666667,0.0,0.666666667,0.731914894,0.731914894,0.7319148936170213,0.75,0.75,0.6363636363636364,0.7634854771784232
115,0,0,0.0,0.704347826,0.660714286,0,0,0.763485477,0.660714286,0,0,0.763485477,0.660714286,0,0,0.763485477,0.666666667,0.666666667,0.0,0.666666667,0.731914894,0.731914894,0.7319148936170213,0.75,0.75,0.6363636363636364,0.7634854771784232
116,0,0,0.0,0.70995671,0.660714286,0,0,0.763485477,0.660714286,0,0,0.763485477,0.660714286,0,0,0.763485477,0.666666667,0.666666667,0.0,0.666666667,0.731914894,0.731914894,0.7319148936170213,0.75,0.75,0.6363636363636364,0.7634854771784232
117,0,0,0.0,0.70995671,0.660714286,0,0,0.760330579,0.660714286,0,0,0.760330579,0.660714286,0,0,0.760330579,0.666666667,0.666666667,0.0,0.666666667,0.731914894,0.731914894,0.7319148936170213,0.75,0.75,0.6363636363636364,0.7634854771784232
118,0,0,0.0,0.70995671,0.660714286,0,0,0.763485477,0.660714286,0,0,0.763485477,0.660714286,0,0,0.763485477,0.666666667,0.666666667,0.0,0.666666667,0.731914894,0.731914894,0.7319148936170213,0.75,0.75,0.6363636363636364,0.7634854771784232
119,0,0,0.0,0.698689956,0.660714286,0,0,0.763485477,0.660714286,0,0,0.763485477,0.660714286,0,0,0.763485477,0.666666667,0.666666667,0.0,0.666666667,0.731914894,0.731914894,0.7319148936170213,0.75,0.75,0.6363636363636364,0.7634854771784232
120,0,0,0.0,0.70995671,0.660714286,0,0,0.763485477,0.660714286,0,0,0.763485477,0.660714286,0,0,0.763485477,0.666666667,0.666666667,0.0,0.666666667,0.731914894,0.731914894,0.7319148936170213,0.75,0.75,0.6363636363636364,0.7634854771784232
121,0,0,0.0,0.698689956,0.660714286,0,0,0.763485477,0.660714286,0,0,0.763485477,0.660714286,0,0,0.763485477,0.666666667,0.666666667,0.0,0.666666667,0.731914894,0.731914894,0.7319148936170213,0.75,0.75,0.6363636363636364,0.7634854771784232
122,0,0,0.0,0.70995671,0.660714286,0,0,0.763485477,0.660714286,0,0,0.763485477,0.660714286,0,0,0.763485477,0.666666667,0.666666667,0.0,0.666666667,0.731914894,0.731914894,0.7319148936170213,0.75,0.75,0.6363636363636364,0.7634854771784232
123,0,0,0.0,0.698689956,0.660714286,0,0,0.763485477,0.660714286,0,0,0.763485477,0.660714286,0,0,0.763485477,0.666666667,0.666666667,0.0,0.666666667,0.731914894,0.731914894,0.7319148936170213,0.75,0.75,0.6363636363636364,0.7634854771784232
124,0,0,0.0,0.698689956,0.660714286,0,0,0.763485477,0.660714286,0,0,0.763485477,0.660714286,0,0,0.763485477,0.666666667,0.666666667,0.0,0.666666667,0.731914894,0.731914894,0.7319148936170213,0.75,0.75,0.6363636363636364,0.7634854771784232
125,0,0,0.0,0.698689956,0.660714286,0,0,0.760330579,0.660714286,0,0,0.760330579,0.660714286,0,0,0.760330579,0.666666667,0.666666667,0.0,0.666666667,0.731914894,0.731914894,0.7319148936170213,0.75,0.75,0.6363636363636364,0.7634854771784232
126,0,0,0.0,0.70995671,0.660714286,0,0,0.760330579,0.660714286,0,0,0.760330579,0.660714286,0,0,0.760330579,0.666666667,0.666666667,0.0,0.666666667,0.731914894,0.731914894,0.7319148936170213,0.7447698744769874,0.75,0.6363636363636364,0.7634854771784232
127,0,0,0.0,0.698689956,0.660714286,0,0,0.760330579,0.660714286,0,0,0.760330579,0.660714286,0,0,0.760330579,0.666666667,0.666666667,0.0,0.666666667,0.731914894,0.731914894,0.7319148936170213,0.75,0.75,0.6363636363636364,0.7634854771784232
128,0,0,0.0,0.70995671,0.660714286,0,0,0.763485477,0.660714286,0,0,0.763485477,0.660714286,0,0,0.763485477,0.666666667,0.666666667,0.0,0.666666667,0.731914894,0.731914894,0.7319148936170213,0.75,0.75,0.6363636363636364,0.7634854771784232
129,0,0,0.0,0.70995671,0.660714286,0,0,0.763485477,0.660714286,0,0,0.763485477,0.660714286,0,0,0.763485477,0.666666667,0.666666667,0.0,0.666666667,0.731914894,0.731914894,0.7319148936170213,0.75,0.75,0.6363636363636364,0.7634854771784232
130,0,0,0.0,0.698689956,0.660714286,0,0,0.763485477,0.660714286,0,0,0.763485477,0.660714286,0,0,0.763485477,0.666666667,0.666666667,0.0,0.666666667,0.731914894,0.731914894,0.7319148936170213,0.75,0.75,0.6363636363636364,0.7634854771784232
131,0,0,0.0,0.70995671,0.660714286,0,0,0.763485477,0.660714286,0,0,0.763485477,0.660714286,0,0,0.763485477,0.666666667,0.666666667,0.0,0.666666667,0.731914894,0.731914894,0.7319148936170213,0.75,0.75,0.6363636363636364,0.7634854771784232
132,0,0,0.0,0.70995671,0.660714286,0,0,0.763485477,0.660714286,0,0,0.763485477,0.660714286,0,0,0.763485477,0.666666667,0.666666667,0.0,0.666666667,0.731914894,0.731914894,0.7319148936170213,0.75,0.75,0.6363636363636364,0.7634854771784232
133,0,0,0.0,0.698689956,0.660714286,0,0,0.763485477,0.660714286,0,0,0.763485477,0.660714286,0,0,0.763485477,0.666666667,0.666666667,0.0,0.666666667,0.731914894,0.731914894,0.7319148936170213,0.75,0.75,0.6363636363636364,0.7634854771784232
134,0,0,0.0,0.698689956,0.660714286,0,0,0.763485477,0.660714286,0,0,0.763485477,0.660714286,0,0,0.763485477,0.666666667,0.666666667,0.0,0.666666667,0.731914894,0.731914894,0.7319148936170213,0.75,0.75,0.6363636363636364,0.7634854771784232
135,0,0,0.0,0.70995671,0.660714286,0,0,0.763485477,0.660714286,0,0,0.763485477,0.660714286,0,0,0.763485477,0.666666667,0.666666667,0.0,0.666666667,0.731914894,0.731914894,0.7319148936170213,0.75,0.75,0.6363636363636364,0.7634854771784232
136,0,0,0.0,0.70995671,0.660714286,0,0,0.763485477,0.660714286,0,0,0.763485477,0.660714286,0,0,0.763485477,0.666666667,0.666666667,0.0,0.666666667,0.731914894,0.731914894,0.7319148936170213,0.75,0.75,0.6363636363636364,0.7634854771784232
137,0,0,0.0,0.70995671,0.660714286,0,0,0.763485477,0.660714286,0,0,0.763485477,0.660714286,0,0,0.763485477,0.666666667,0.666666667,0.0,0.666666667,0.731914894,0.731914894,0.7319148936170213,0.75,0.75,0.6363636363636364,0.7634854771784232
138,0,0,0.0,0.645454545,0.660714286,0,0,0.763485477,0.660714286,0,0,0.763485477,0.660714286,0,0,0.763485477,0.666666667,0.666666667,0.0,0.666666667,0.731914894,0.731914894,0.7319148936170213,0.75,0.75,0.6363636363636364,0.7634854771784232
139,0,0,0.0,0.657657658,0.660714286,0,0,0.760330579,0.660714286,0,0,0.760330579,0.660714286,0,0,0.760330579,0.666666667,0.666666667,0.0,0.666666667,0.731914894,0.731914894,0.7319148936170213,0.75,0.75,0.6363636363636364,0.7634854771784232
140,0,0,0.0,0.66367713,0.660714286,0,0,0.763485477,0.660714286,0,0,0.763485477,0.660714286,0,0,0.763485477,0.666666667,0.666666667,0.0,0.666666667,0.731914894,0.731914894,0.7319148936170213,0.75,0.75,0.6363636363636364,0.7634854771784232
141,0,0,0.0,0.66367713,0.660714286,0,0,0.760330579,0.660714286,0,0,0.760330579,0.660714286,0,0,0.760330579,0.666666667,0.666666667,0.0,0.666666667,0.731914894,0.731914894,0.7319148936170213,0.75,0.75,0.6363636363636364,0.7634854771784232
142,0,0,0.0,0.645454545,0.660714286,0,0,0.763485477,0.660714286,0,0,0.763485477,0.660714286,0,0,0.763485477,0.666666667,0.666666667,0.0,0.666666667,0.731914894,0.731914894,0.7319148936170213,0.75,0.75,0.6363636363636364,0.7634854771784232
143,0,0,0.0,0.645454545,0.660714286,0,0,0.763485477,0.660714286,0,0,0.763485477,0.660714286,0,0,0.763485477,0.666666667,0.666666667,0.0,0.666666667,0.731914894,0.731914894,0.7319148936170213,0.75,0.75,0.6363636363636364,0.7634854771784232
144,0,0,0.0,0.645454545,0.660714286,0,0,0.763485477,0.660714286,0,0,0.763485477,0.660714286,0,0,0.763485477,0.666666667,0.666666667,0.0,0.666666667,0.731914894,0.731914894,0.7319148936170213,0.75,0.75,0.6363636363636364,0.7634854771784232
145,0,0,0.0,0.657657658,0.660714286,0,0,0.760330579,0.660714286,0,0,0.760330579,0.660714286,0,0,0.760330579,0.666666667,0.666666667,0.0,0.666666667,0.731914894,0.731914894,0.7319148936170213,0.75,0.75,0.6363636363636364,0.7634854771784232
146,0,0,0.0,0.645454545,0.660714286,0,0,0.763485477,0.660714286,0,0,0.763485477,0.660714286,0,0,0.763485477,0.666666667,0.666666667,0.0,0.666666667,0.731914894,0.731914894,0.7319148936170213,0.75,0.75,0.6363636363636364,0.7634854771784232
147,0,0,0.0,0.639269406,0.660714286,0,0,0.760330579,0.660714286,0,0,0.760330579,0.660714286,0,0,0.760330579,0.666666667,0.666666667,0.0,0.666666667,0.731914894,0.731914894,0.7319148936170213,0.75,0.75,0.6363636363636364,0.7634854771784232
148,0,0,0.0,0.657657658,0.660714286,0,0,0.760330579,0.660714286,0,0,0.760330579,0.660714286,0,0,0.760330579,0.666666667,0.666666667,0.0,0.666666667,0.731914894,0.731914894,0.7319148936170213,0.75,0.75,0.6363636363636364,0.7634854771784232
149,0,0,0.0,0.645454545,0.660714286,0,0,0.760330579,0.660714286,0,0,0.760330579,0.660714286,0,0,0.760330579,0.666666667,0.666666667,0.0,0.666666667,0.731914894,0.731914894,0.7319148936170213,0.7447698744769874,0.75,0.6363636363636364,0.7634854771784232
150,0,0,0.0,0.66367713,0.660714286,0,0,0.763485477,0.660714286,0,0,0.763485477,0.660714286,0,0,0.763485477,0.666666667,0.666666667,0.0,0.666666667,0.731914894,0.731914894,0.7319148936170213,0.75,0.75,0.6363636363636364,0.7634854771784232
151,0,0,0.0,0.645454545,0.660714286,0,0,0.760330579,0.660714286,0,0,0.760330579,0.660714286,0,0,0.760330579,0.666666667,0.666666667,0.0,0.666666667,0.731914894,0.731914894,0.7319148936170213,0.75,0.75,0.6363636363636364,0.7634854771784232
152,0,0,0.310344828,0.65158371,0.660714286,0,0,0.745901639,0.660714286,0,0,0.745901639,0.660714286,0,0,0.745901639,0.666666667,0.666666667,0.0,0.666666667,0.731914894,0.731914894,0.7319148936170213,0.75,0.75,0.6363636363636364,0.7634854771784232
153,0,0,0.310344828,0.657657658,0.660714286,0,0,0.751020408,0.660714286,0,0,0.751020408,0.660714286,0,0,0.751020408,0.666666667,0.666666667,0.0,0.666666667,0.731914894,0.731914894,0.7319148936170213,0.75,0.75,0.6363636363636364,0.7634854771784232
154,0,0,0.310344828,0.669642857,0.660714286,0,0,0.751020408,0.660714286,0,0,0.751020408,0.660714286,0,0,0.751020408,0.666666667,0.666666667,0.0,0.666666667,0.731914894,0.731914894,0.7319148936170213,0.7447698744769874,0.75,0.6363636363636364,0.7634854771784232
155,0,0,0.310344828,0.645454545,0.660714286,0,0,0.756097561,0.660714286,0,0,0.756097561,0.660714286,0,0,0.756097561,0.666666667,0.666666667,0.0,0.666666667,0.731914894,0.731914894,0.7319148936170213,0.75,0.75,0.6363636363636364,0.7634854771784232
156,0,0,0.310344828,0.698689956,0.660714286,0,0,0.756097561,0.660714286,0,0,0.756097561,0.660714286,0,0,0.756097561,0.666666667,0.666666667,0.0,0.666666667,0.731914894,0.731914894,0.7319148936170213,0.75,0.75,0.6363636363636364,0.7583333333333334
157,0,0,0.310344828,0.657657658,0.660714286,0,0,0.756097561,0.660714286,0,0,0.756097561,0.660714286,0,0,0.756097561,0.666666667,0.666666667,0.0,0.666666667,0.731914894,0.731914894,0.7319148936170213,0.75,0.75,0.6363636363636364,0.7583333333333334
158,0,0,0.310344828,0.645454545,0.660714286,0,0,0.748971193,0.660714286,0,0,0.748971193,0.660714286,0,0,0.748971193,0.666666667,0.666666667,0.0,0.666666667,0.731914894,0.731914894,0.7319148936170213,0.75,0.75,0.6363636363636364,0.7583333333333334
159,0,0,0.310344828,0.65158371,0.660714286,0,0,0.748971193,0.660714286,0,0,0.748971193,0.660714286,0,0,0.748971193,0.666666667,0.666666667,0.0,0.666666667,0.731914894,0.731914894,0.7319148936170213,0.75,0.75,0.6363636363636364,0.7583333333333334
160,0,0,0.310344828,0.692982456,0.660714286,0,0,0.754098361,0.660714286,0,0,0.754098361,0.660714286,0,0,0.754098361,0.666666667,0.666666667,0.0,0.666666667,0.731914894,0.731914894,0.7319148936170213,0.75,0.75,0.6363636363636364,0.7634854771784232
161,0,0,0.310344828,0.66367713,0.660714286,0,0,0.754098361,0.660714286,0,0,0.754098361,0.660714286,0,0,0.754098361,0.666666667,0.666666667,0.0,0.666666667,0.731914894,0.731914894,0.7319148936170213,0.75,0.75,0.6363636363636364,0.7634854771784232
162,0,0,0.310344828,0.657657658,0.660714286,0,0,0.754098361,0.660714286,0,0,0.754098361,0.660714286,0,0,0.754098361,0.666666667,0.666666667,0.0,0.666666667,0.731914894,0.731914894,0.7319148936170213,0.7447698744769874,0.75,0.6363636363636364,0.7634854771784232
163,0,0,0.310344828,0.645454545,0.660714286,0,0,0.748971193,0.660714286,0,0,0.748971193,0.660714286,0,0,0.748971193,0.666666667,0.666666667,0.0,0.666666667,0.731914894,0.731914894,0.7319148936170213,0.75,0.75,0.6363636363636364,0.7634854771784232
164,0,0,0.310344828,0.657657658,0.660714286,0,0,0.748971193,0.660714286,0,0,0.748971193,0.660714286,0,0,0.748971193,0.666666667,0.666666667,0.0,0.666666667,0.731914894,0.731914894,0.7319148936170213,0.75,0.75,0.6363636363636364,0.7634854771784232
165,0,0,0.290697674,0.645454545,0.660714286,0,0,0.754098361,0.660714286,0,0,0.754098361,0.660714286,0,0,0.754098361,0.666666667,0.666666667,0.0,0.666666667,0.731914894,0.731914894,0.7319148936170213,0.75,0.75,0.6363636363636364,0.7634854771784232
166,0,0,0.310344828,0.657657658,0.660714286,0,0,0.754098361,0.660714286,0,0,0.754098361,0.660714286,0,0,0.754098361,0.666666667,0.666666667,0.0,0.666666667,0.731914894,0.731914894,0.7319148936170213,0.75,0.75,0.6363636363636364,0.7634854771784232
167,0,0,0.310344828,0.65158371,0.660714286,0,0,0.754098361,0.660714286,0,0,0.754098361,0.660714286,0,0,0.754098361,0.666666667,0.666666667,0.0,0.666666667,0.731914894,0.731914894,0.7319148936170213,0.7447698744769874,0.75,0.6363636363636364,0.7634854771784232
168,0,0,0.310344828,0.607476636,0.660714286,0,0,0.748971193,0.660714286,0,0,0.748971193,0.660714286,0,0,0.748971193,0.666666667,0.666666667,0.0,0.666666667,0.731914894,0.731914894,0.7319148936170213,0.75,0.75,0.6363636363636364,0.7634854771784232
169,0,0,0.310344828,0.600938967,0.660714286,0,0,0.754098361,0.660714286,0,0,0.754098361,0.660714286,0,0,0.754098361,0.666666667,0.666666667,0.0,0.666666667,0.731914894,0.731914894,0.7319148936170213,0.75,0.75,0.6363636363636364,0.7634854771784232
170,0,0,0.310344828,0.613953488,0.660714286,0,0,0.754098361,0.660714286,0,0,0.754098361,0.660714286,0,0,0.754098361,0.666666667,0.666666667,0.0,0.666666667,0.731914894,0.731914894,0.7319148936170213,0.75,0.75,0.6363636363636364,0.7634854771784232
171,0,0,0.310344828,0.639269406,0.660714286,0,0,0.754098361,0.660714286,0,0,0.754098361,0.660714286,0,0,0.754098361,0.666666667,0.666666667,0.0,0.666666667,0.731914894,0.731914894,0.7319148936170213,0.75,0.75,0.6363636363636364,0.7634854771784232
172,0,0,0.338983051,0.607476636,0.660714286,0,0,0.748971193,0.660714286,0,0,0.748971193,0.660714286,0,0,0.748971193,0.666666667,0.666666667,0.0,0.666666667,0.731914894,0.731914894,0.7319148936170213,0.75,0.75,0.6363636363636364,0.7634854771784232
173,0,0,0.338983051,0.62037037,0.660714286,0,0,0.743801653,0.660714286,0,0,0.743801653,0.660714286,0,0,0.743801653,0.666666667,0.666666667,0.0,0.666666667,0.731914894,0.731914894,0.7319148936170213,0.75,0.75,0.6363636363636364,0.7634854771784232
174,0,0,0.338983051,0.62037037,0.660714286,0,0,0.754098361,0.660714286,0,0,0.754098361,0.660714286,0,0,0.754098361,0.666666667,0.666666667,0.0,0.666666667,0.731914894,0.731914894,0.7319148936170213,0.75,0.75,0.6363636363636364,0.7634854771784232
175,0,0,0.338983051,0.633027523,0.660714286,0,0,0.743801653,0.660714286,0,0,0.743801653,0.660714286,0,0,0.743801653,0.666666667,0.666666667,0.0,0.666666667,0.731914894,0.731914894,0.7319148936170213,0.75,0.75,0.6363636363636364,0.7634854771784232
176,0,0,0.338983051,0.626728111,0.660714286,0,0,0.748971193,0.660714286,0,0,0.748971193,0.660714286,0,0,0.748971193,0.666666667,0.666666667,0.0,0.666666667,0.731914894,0.731914894,0.7319148936170213,0.75,0.75,0.6363636363636364,0.7634854771784232
177,0,0,0.338983051,0.62037037,0.660714286,0,0,0.754098361,0.660714286,0,0,0.754098361,0.660714286,0,0,0.754098361,0.666666667,0.666666667,0.0,0.666666667,0.731914894,0.731914894,0.7319148936170213,0.75,0.75,0.6363636363636364,0.7634854771784232
178,0,0,0.078431373,0.62037037,0.660714286,0,0,0.748971193,0.660714286,0,0,0.748971193,0.660714286,0,0,0.748971193,0.666666667,0.666666667,0.0,0.666666667,0.731914894,0.731914894,0.7319148936170213,0.75,0.75,0.6363636363636364,0.7634854771784232
179,0,0,0.357541899,0.639269406,0.660714286,0,0,0.748971193,0.660714286,0,0,0.748971193,0.660714286,0,0,0.748971193,0.666666667,0.666666667,0.0,0.666666667,0.731914894,0.728813559,0.7319148936170213,0.75,0.75,0.6363636363636364,0.7583333333333334
180,0,0,0.338983051,0.62037037,0.660714286,0,0,0.748971193,0.660714286,0,0,0.748971193,0.660714286,0,0,0.748971193,0.666666667,0.666666667,0.0,0.666666667,0.731914894,0.731914894,0.7319148936170213,0.75,0.75,0.6363636363636364,0.7583333333333334
181,0,0,0.338983051,0.626728111,0.660714286,0,0,0.748971193,0.660714286,0,0,0.748971193,0.660714286,0,0,0.748971193,0.666666667,0.666666667,0.0,0.666666667,0.731914894,0.731914894,0.7319148936170213,0.75,0.75,0.6363636363636364,0.7583333333333334
182,0,0,0.348314607,0.62037037,0.660714286,0,0,0.748971193,0.660714286,0,0,0.748971193,0.660714286,0,0,0.748971193,0.666666667,0.666666667,0.0,0.666666667,0.731914894,0.731914894,0.7319148936170213,0.75,0.75,0.6363636363636364,0.7583333333333334
183,0,0,0.348314607,0.626728111,0.660714286,0,0,0.748971193,0.660714286,0,0,0.748971193,0.660714286,0,0,0.748971193,0.666666667,0.666666667,0.0,0.666666667,0.731914894,0.731914894,0.7319148936170213,0.75,0.75,0.6363636363636364,0.7634854771784232
184,0,0,0.338983051,0.607476636,0.660714286,0,0,0.748971193,0.660714286,0,0,0.748971193,0.660714286,0,0,0.748971193,0.666666667,0.666666667,0.0,0.666666667,0.731914894,0.731914894,0.7319148936170213,0.75,0.75,0.6363636363636364,0.7634854771784232
185,0,0,0.052980132,0.62037037,0.660714286,0,0,0.748971193,0.660714286,0,0,0.748971193,0.660714286,0,0,0.748971193,0.666666667,0.666666667,0.0,0.666666667,0.731914894,0.731914894,0.7319148936170213,0.75,0.75,0.6363636363636364,0.7634854771784232
186,0,0,0.052980132,0.633027523,0.660714286,0,0,0.748971193,0.660714286,0,0,0.748971193,0.660714286,0,0,0.748971193,0.666666667,0.666666667,0.0,0.666666667,0.731914894,0.731914894,0.7319148936170213,0.75,0.75,0.6363636363636364,0.7634854771784232
187,0,0,0.052980132,0.633027523,0.660714286,0,0,0.748971193,0.660714286,0,0,0.748971193,0.660714286,0,0,0.748971193,0.666666667,0.666666667,0.0,0.666666667,0.731914894,0.731914894,0.7319148936170213,0.75,0.75,0.6363636363636364,0.7634854771784232
188,0,0,0.338983051,0.633027523,0.660714286,0,0,0.745901639,0.660714286,0,0,0.745901639,0.660714286,0,0,0.745901639,0.666666667,0.666666667,0.0,0.666666667,0.731914894,0.731914894,0.7319148936170213,0.75,0.75,0.6363636363636364,0.7634854771784232
189,0,0,0.338983051,0.70995671,0.660714286,0,0,0.748971193,0.660714286,0,0,0.748971193,0.660714286,0,0,0.748971193,0.666666667,0.666666667,0.0,0.666666667,0.731914894,0.731914894,0.7319148936170213,0.75,0.75,0.6363636363636364,0.7634854771784232
190,0,0,0.357541899,0.633027523,0.660714286,0,0,0.748971193,0.660714286,0,0,0.748971193,0.660714286,0,0,0.748971193,0.666666667,0.666666667,0.0,0.666666667,0.731914894,0.731914894,0.7319148936170213,0.75,0.75,0.6363636363636364,0.7634854771784232
191,0,0,0.348314607,0.633027523,0.660714286,0,0,0.748971193,0.660714286,0,0,0.748971193,0.660714286,0,0,0.748971193,0.666666667,0.666666667,0.185185185,0.666666667,0.731914894,0.731914894,0.7319148936170213,0.75,0.75,0.6363636363636364,0.7634854771784232
192,0,0,0.348314607,0.633027523,0.660714286,0,0,0.743801653,0.660714286,0,0,0.743801653,0.660714286,0,0,0.743801653,0.666666667,0.666666667,0.185185185,0.666666667,0.731914894,0.731914894,0.7319148936170213,0.75,0.75,0.6363636363636364,0.7634854771784232
193,0,0,0.348314607,0.645454545,0.65470852,0,0,0.748971193,0.65470852,0,0,0.748971193,0.65470852,0,0,0.748971193,0.666666667,0.666666667,0.185185185,0.666666667,0.731914894,0.731914894,0.7319148936170213,0.75,0.75,0.6363636363636364,0.7634854771784232
194,0,0,0.338983051,0.65158371,0.65470852,0,0,0.748971193,0.65470852,0,0,0.748971193,0.65470852,0,0,0.748971193,0.666666667,0.666666667,0.185185185,0.666666667,0.731914894,0.731914894,0.7319148936170213,0.75,0.75,0.6363636363636364,0.7634854771784232
195,0,0,0.338983051,0.645454545,0.65470852,0,0,0.748971193,0.65470852,0,0,0.748971193,0.65470852,0,0,0.748971193,0.666666667,0.666666667,0.185185185,0.666666667,0.731914894,0.731914894,0.7319148936170213,0.75,0.75,0.6363636363636364,0.7634854771784232
196,0,0,0.338983051,0.645454545,0.65470852,0,0,0.748971193,0.65470852,0,0,0.748971193,0.65470852,0,0,0.748971193,0.666666667,0.666666667,0.185185185,0.666666667,0.731914894,0.731914894,0.7319148936170213,0.75,0.75,0.6363636363636364,0.7634854771784232
197,0,0,0.338983051,0.669642857,0.65470852,0,0,0.743801653,0.65470852,0,0,0.743801653,0.65470852,0,0,0.743801653,0.666666667,0.666666667,0.185185185,0.666666667,0.731914894,0.731914894,0.7319148936170213,0.75,0.75,0.6363636363636364,0.7634854771784232
198,0,0,0.329545455,0.626728111,0.65470852,0,0,0.748971193,0.65470852,0,0,0.748971193,0.65470852,0,0,0.748971193,0.666666667,0.666666667,0.185185185,0.666666667,0.731914894,0.728813559,0.7319148936170213,0.75,0.75,0.6363636363636364,0.7583333333333334
199,0,0,0.357541899,0.639269406,0.65470852,0,0,0.745901639,0.65470852,0,0,0.745901639,0.65470852,0,0,0.745901639,0.666666667,0.666666667,0.185185185,0.666666667,0.731914894,0.731914894,0.7319148936170213,0.75,0.75,0.6363636363636364,0.7634854771784232
200,0,0,0.04,0.645454545,0.65470852,0,0,0.748971193,0.65470852,0,0,0.748971193,0.65470852,0,0,0.748971193,0.666666667,0.666666667,0.185185185,0.666666667,0.731914894,0.731914894,0.7319148936170213,0.75,0.75,0.6363636363636364,0.7583333333333334
