,Date,Latitude,longitude,Pressure,Salinity,Temperature,Label
0,1.6826339744818346,0.1143959463645634,-2.2947650155486503,-1.188039550167643,2.130701434797836,1.9978203554977176,0.0
1,-1.3445214682489524,-0.902827210189466,0.5805990754741089,0.5198587217334284,-0.6617058315925533,-0.6978552684828037,0.0
2,1.6133391183495434,-0.5180514944494614,-1.9695375120484884,-0.9124222406496098,-0.127627937519314,0.1608402426271263,0.0
3,-1.6449762359462414,-0.61092839135222,0.7589699737115999,0.7908307956977869,-0.6116985381400061,-0.7658066796304571,0.0
4,-0.3739634084883619,1.155944004488361,0.3366784478489864,1.7198779064327308,-0.5916956207589902,-0.9143829794017152,0.0
5,0.873868756251402,-0.3521998928373933,1.1472260631614066,-1.2422339649605147,1.7306430871774308,1.924610799439829,1.0
6,-0.3277689774046877,0.5633009480612308,0.098430392959332,0.9069616845396548,-0.5856947455446839,-0.7725478910538354,0.0
7,0.3654925108292696,-2.859876109211888,-0.1618776670126977,-1.0022301280206545,-0.0496165597333474,0.2068153045345663,0.0
8,1.1742930336342816,-1.3981706603375106,-1.5396825558719152,-0.099506018756534,-0.7177140002594065,-0.4143199160155116,0.0
9,0.0188288692677965,0.7335752590496223,-0.6232469161640912,-0.7575810555271192,-0.3336579865438228,0.0163086697098953,0.0
10,-1.1365678954563097,-0.3920042772242915,0.2755407194778309,-0.940293653971658,0.2004199075294021,0.2686996254011795,0.0
11,0.3192788227049157,-1.6480537400996984,-0.3660902854895452,-1.2375887294068402,1.93667313620194,2.3147921166249663,1.0
12,-0.0736241830351507,0.9060609247261774,-0.0005244869816089,0.5957309024434488,-0.6397026224734257,-0.6613179025680932,0.0
13,0.7121192430627734,1.2200732904450282,1.1510077783183854,0.1714660552078245,-0.8997405484266904,-0.5921530733642316,0.0
14,-1.3214306717206752,-0.8851363726841764,0.5610602138297178,-0.9851975976571804,0.6424843816499507,0.427387742307505,0.0
15,-1.6449762359462414,-0.61092839135222,0.7589699737115999,-0.2543472038790247,-0.5996967877113937,-0.3030899275297695,0.0
16,-1.7143015823929422,-0.3212409272031417,0.7545579726951261,-0.3333162082914949,-0.5376877438302342,-0.2366215828952592,0.0
17,-1.529427572854847,-0.4694016913099204,0.9549888760149928,1.7198779064327308,-0.6056976629256999,-0.9139785067163124,0.0
18,0.6427987108762425,1.65128745463641,0.8856574314703847,-1.093586427242924,0.6464849651261454,0.5937608402364819,0.0
19,1.0125178443914136,0.3819698636320369,-0.4480274472240818,0.674699906855919,-0.6136988298781034,-0.73628017359606,0.0
20,0.2037157168330115,-0.4981493022560123,-0.6598034960148846,1.4101955361877494,-0.5756932868541688,-0.8794635042286155,0.0
21,-0.6744037334051413,2.120094648526526,0.5553876410942497,0.2875969440496924,-0.7677212937119535,-0.606983738495664,0.0
22,0.0881798917687368,0.8574111215866363,-0.7253532254025139,-1.2422339649605147,1.918670510559021,1.95171046936181,1.0
23,1.1511621182712553,-0.9824359789632584,-1.3493362263039903,-0.9851975976571804,0.2944336192202043,0.3025405067465386,0.0
24,0.1806201060445644,-0.7878367664050945,-0.7341772274354659,-0.8737119443689871,0.1424114471244515,0.2014223353958638,0.0
25,0.3423969000408225,-2.545863743493033,-0.3597874268945799,0.2875969440496924,-0.8197288789026121,-0.6413639167548933,0.0
26,1.2667107813626497,-1.3915365962730315,-1.6543945823002686,-0.33176779644027,-0.5636915364255564,-0.2950004738217154,0.0
27,-0.3739634084883619,1.155944004488361,0.3366784478489864,-0.3704780927208926,-0.4376731569251258,-0.1887589817892731,0.0
28,-1.1596699252583167,-0.5313196225784275,0.3322664468325104,1.3327749436265042,-0.5836944538065724,-0.8721829958913669,0.0
29,-1.2752073550759817,-0.4959379475678526,0.5969865078210163,0.9456719808202776,-0.5876950372827813,-0.7923670526385677,0.0
30,-0.0504691963712746,0.7335752590496223,-0.1851982438140676,-1.2267498464482658,1.458603410795568,1.7500134235743308,0.0
31,0.7583088598862777,1.7684892531089371,1.399340406959984,-1.0471340717061766,0.258428367934367,0.3547174831634868,0.0
32,-1.2983190133983282,-0.701593933566819,0.6095922250109448,1.0618028696621455,-0.5896953290208786,-0.8283651216394078,0.0
33,1.0587235087488176,1.138253166983072,-0.7240926536835239,1.4876161287489946,-0.561691244687459,-0.881485867655629,0.0
34,0.873868756251402,-0.3521998928373933,1.1472260631614066,0.1327557589272018,-0.8557341301884495,-0.5707160210378887,0.0
35,1.2667107813626497,-1.3915365962730315,-1.6543945823002686,1.7585882027133537,-0.5896953290208786,-0.919775948540418,0.0
36,1.5440346336969122,-0.8386979242327991,-1.7344408864563134,1.1005131659427685,-0.5676921199017653,-0.805310178571454,0.0
37,1.4747173110171614,-1.5529654885087762,-1.7293985995803447,-1.2298466701507156,0.8865199736983941,2.0330094791277524,0.0
38,-0.2122235238200731,-0.4074837600414173,0.5471939249207971,0.9069616845396548,-0.5876950372827813,-0.7628405466041706,0.0
39,1.1049307778596116,0.5124397902335301,-0.9012029802020228,-1.124554664267422,2.018685097464115,1.3073854815153103,0.0
40,1.590245112314486,-0.7458210273300366,-1.861128344215098,-1.0006817161694297,0.3184371200774292,0.328831231297714,0.0
41,-1.067240944256219,0.6473324262113467,0.5396304946068395,-0.8350016480883645,0.2824318687915919,0.2585878082661119,0.0
42,1.3129244694870037,-1.2035714477793509,-1.690320876291567,-1.0781023087306747,0.806508304174316,0.5808177143035955,0.0
43,-0.512634963175833,-0.2725911240636007,0.7747271201990122,-0.3704780927208926,-0.5536900777350413,-0.2592720532778103,0.0
44,-0.1428949678665924,1.0873920091553713,0.5011830571775567,0.2101763514884471,-0.8057268367359024,-0.5515709805954941,0.0
45,1.3360264992890103,-1.194726029026708,-1.798099758265458,0.8295410919784096,-0.6076979546637973,-0.76675044922973,0.0
46,-0.4895008383060266,-0.263745705310954,0.7747271201990122,-1.0796507205818997,0.5884765047211947,0.4624420417090722,0.0
47,1.1973918539295088,-1.4269182712836064,-1.7476768895057393,0.558569018014051,-0.6997113746164878,-0.6939453658572442,0.0
48,-0.928619136923837,1.0763352357145688,0.0788915313149409,-0.8737119443689871,0.0523983189098582,0.1976472569987719,0.0
49,-0.0273816093497773,0.5102284355453705,-0.3818474319769553,0.6359896105752963,-0.6196997050924097,-0.6854514394637875,0.0
50,0.9894286526165262,0.0347871775907709,-0.2324696832763001,-0.0607957224759114,-0.7777227524024687,-0.4674406620317328,0.0
51,-0.997930040590028,1.2399754826384772,0.3971858903606447,-0.4091883890015153,-0.3376585700200316,-0.1252567701810494,0.0
52,0.527256466798408,0.0016168572683557,0.9171717244452072,-0.2543472038790247,-0.6637061233306505,-0.325605573683853,0.0
53,-1.0903365550446662,0.3576449620622644,0.4230276105999989,-1.2422339649605147,1.658632584605756,1.9703162128903344,1.0
54,-0.928619136923837,1.0763352357145688,0.0788915313149409,-0.9124222406496098,0.0924041536719044,0.2309488414302607,0.0
55,-0.6050671536847108,1.0365308513276703,0.9058265789742708,1.4876161287489946,-0.5796938703303777,-0.8924066301615018,0.0
56,-0.0966909082625784,1.047587624768477,0.1538955485950171,-1.1106189576063978,0.7545007189836573,0.6755991469162945,0.0
57,1.5671125921980698,-0.7878367664050945,-1.810705475455384,1.6037470175908628,-0.5796938703303777,-0.8975299508432694,0.0
58,0.896972390806799,-0.5755467163416451,0.9215837254616808,-1.0331983650451524,0.2824318687915919,0.3460887325415625,0.0
59,0.1575068429688275,-0.5821807804061282,-0.8154841033105052,1.7972984989939762,-0.5996967877113937,-0.9351459105857204,0.0
60,-0.1428949678665924,1.0873920091553713,0.5011830571775567,1.3327749436265042,-0.5676921199017653,-0.8636890694979102,0.0
61,1.4978016885318788,-1.159344354016133,-1.716162596530919,0.2875969440496924,-0.8217291706407095,-0.62437606396798,0.0
62,-0.0736241830351507,0.9060609247261774,-0.0005244869816089,-1.2329434938531654,1.3365856147713462,1.7342389888436254,0.0
63,0.7121192430627734,1.2200732904450282,1.1510077783183854,-1.141587194630896,2.5787667841326765,1.3567311491344396,0.0
64,-0.5819571001157539,0.7954931903181293,0.8774637152969299,0.7134102031365417,-0.6096982464019088,-0.729134489487279,0.0
65,0.3423969000408225,-2.545863743493033,-0.3597874268945799,-1.0177142465329034,0.3664441217918789,0.3362465638634301,0.0
66,-0.1428949678665924,1.0873920091553713,0.5011830571775567,-0.4091883890015153,-0.2936521517817908,-0.0942471976335091,0.0
67,1.128068112236198,-0.3256636365794611,-1.1167607441498044,-1.2019752568286672,2.5287594906801294,2.2129998241319533,0.0
68,-1.529427572854847,-0.4694016913099204,0.9549888760149928,-1.0331983650451524,1.0245401036274229,0.5829749019590765,0.0
69,0.8507474694087154,0.090071044794791,1.3816924028940822,0.5601174298652759,-0.6457034976877318,-0.6849121425499173,0.0
70,-1.5525215788899045,-0.7856254117169348,0.9436437305440564,0.3650175366109378,-0.7417175011166314,-0.6494533704629473,0.0
71,1.0356327122205404,0.8176067371997381,-0.6327012040565382,-0.099506018756534,-0.689709915925987,-0.4031295050527036,0.0
72,-1.3676539883653689,-0.5534331694600363,0.6177859411843973,-0.9867460095084052,0.6904913833644004,0.4221295973972699,0.0
73,-0.5588374180264571,0.4284083120834142,0.8264105606777186,0.5972793142946737,-0.6437032059496346,-0.7032482376215062,0.0
74,0.8507474694087154,0.090071044794791,1.3816924028940822,-1.2375887294068402,1.7566468797727672,1.864344369314827,1.0
75,-1.6680638229677387,-0.4893038835033695,0.748885399959658,0.2488866477690698,-0.8037265449977908,-0.6131856530051719,0.0
76,1.4978016885318788,-1.159344354016133,-1.716162596530919,1.7198779064327308,-0.5896953290208786,-0.918158057798807,0.0
77,-0.5357434119914,-0.0271307536777361,0.7810299787939754,1.4101955361877494,-0.5836944538065724,-0.8866091883373965,0.0
78,-1.3445214682489524,-0.902827210189466,0.5805990754741089,0.7134102031365417,-0.6136988298781034,-0.7454482211318546,0.0
79,0.8276486491134882,0.888370087220888,1.5796021627759644,0.442438129172183,-0.7357166259023251,-0.6722386650739661,0.0
80,-0.720628654803225,1.469956370207212,0.3587384529313619,-0.1382163150371567,-0.7217145837356154,-0.4079831772775361,0.0
81,-0.0736241830351507,0.9060609247261774,-0.0005244869816089,-1.24068555310929,1.3285844478189284,1.7342389888436254,1.0
82,1.4284923896190775,-1.7940031495183175,-1.8970546382063969,0.558569018014051,-0.7037119580926967,-0.701765171108363,0.0
83,0.9663057610204496,-0.3367204100202675,0.0706978151414884,-1.2298466701507156,2.0286865561546303,2.0982644057060544,0.0
84,-0.0042667415206505,0.534553337115139,-0.5331160382561021,-1.2360403175556152,1.6406299589628377,1.771046003215271,1.0
85,0.3192788227049157,-1.6480537400996984,-0.3660902854895452,0.0940454626465792,-0.8037265449977908,-0.5375492608348672,0.0
86,1.0818464003448942,1.0674898169619222,-0.8028783861205789,1.4876161287489946,-0.5656918281636537,-0.8797331526855506,0.0
87,0.0188288692677965,0.7335752590496223,-0.6232469161640912,0.6731514950046941,-0.601697079449491,-0.7180789027529386,0.0
88,-0.1428949678665924,1.0873920091553713,0.5011830571775567,0.0166248700853338,-0.7517189598071464,-0.4352176714279844,0.0
89,-0.9516938859182144,1.1846916154344531,0.1759555536773926,0.2488866477690698,-0.8197288789026121,-0.5695026029816804,0.0
90,1.3360264992890103,-1.194726029026708,-1.798099758265458,-0.4478986852821379,-0.3576614874010476,-0.1426490956533654,0.0
91,0.6196645860064361,1.5517764936691685,0.9285168699161436,-0.5253192778433833,-0.2956524435198881,-0.0811692474721552,0.0
92,1.0818464003448942,1.0674898169619222,-0.8028783861205789,1.448905832468372,-0.561691244687459,-0.8731267654906398,0.0
93,-0.2353207393619103,-0.7745686382761284,0.2938190094032276,-0.1769266113177793,-0.6877096241878754,-0.3698279206212147,0.0
94,1.0125178443914136,0.3819698636320369,-0.4480274472240818,-1.141587194630896,2.294725357322201,1.562472921775946,0.0
95,-1.2752073550759817,-0.4959379475678526,0.5969865078210163,-0.4091883890015153,-0.4836798669014782,-0.1961743143549892,0.0
96,0.2037157168330115,-0.4981493022560123,-0.6598034960148846,-0.6027398704046286,-0.225642232686325,-0.046114948070588,0.0
97,1.1742930336342816,-1.3981706603375106,-1.5396825558719152,-0.8737119443689871,-0.0256130588761225,0.1522114920052021,0.0
98,-0.0504691963712746,0.7335752590496223,-0.1851982438140676,1.2553543510652587,-0.5576906612112502,-0.8356456299766565,0.0
99,0.2268305846621383,-0.0514556552475046,-0.5450914695865334,-1.188039550167643,2.1186996843692234,2.0590305552219927,0.0
100,1.405367893269611,-1.5927698728956745,-1.9720586554864727,-1.2344919057043904,0.0083919006716174,2.1144433131221625,1.0
101,0.7814269372221845,2.206337481364802,1.5556513001150996,-1.2344919057043904,1.9006678849161025,1.7072741431501122,1.0
102,0.7814269372221845,2.206337481364802,1.5556513001150996,-1.2313950820019404,1.8986675931780048,1.7075437916070473,0.0
103,-1.5525215788899045,-0.7856254117169348,0.9436437305440564,-1.2329434938531654,2.334731192084233,1.96222675918228,0.0
104,-1.5525215788899045,-0.7856254117169348,0.9436437305440564,-1.2344919057043904,2.334731192084233,1.96222675918228,1.0
105,1.6826339744818346,0.1143959463645634,-2.2947650155486503,-1.2344919057043904,2.132701726535933,1.9979551797261847,1.0
106,1.382262653960824,-1.5087383947455586,-1.9752100847839569,-1.2329434938531654,0.120408238005324,2.1387116742463244,0.0
107,-0.2815312179794842,-0.6772690319970505,-0.0024153445600983,-1.2344919057043904,-0.1796355227099726,2.155295054347836,1.0
108,-0.6281756025002777,1.4367860498848009,0.8535128526360672,-1.2329434938531654,2.488753655918097,2.1910234748917405,0.0
109,-0.6512888655760145,1.8171390562484784,0.7287162524557719,-1.2344919057043904,2.482752780703791,2.19048417797787,1.0
110,1.382262653960824,-1.5087383947455586,-1.9752100847839569,-1.239137141258065,0.120408238005324,2.139385795388662,1.0
111,1.2205099312654155,-1.7519874104432596,-1.730659171299339,-1.2329434938531654,2.284723898631686,2.382204230858749,0.0
112,1.2205099312654155,-1.7519874104432596,-1.730659171299339,-1.2422339649605147,2.280723315155477,2.3817997581733468,1.0
113,-1.575636446719031,-0.8630228258025676,0.9140202951477256,-1.2344919057043904,2.2747224399411707,1.9310823624062723,1.0
114,-1.3214306717206752,-0.8851363726841764,0.5610602138297178,-1.2329434938531654,2.46675044679897,2.40539399815517,0.0
115,0.8045498288182611,1.803870928119512,1.6747753275599266,-1.2422339649605147,2.218714271274317,1.692713126475615,1.0
116,-1.3676539883653689,-0.5534331694600363,0.6177859411843973,-1.2422339649605147,2.576766492394579,2.313309050111823,1.0
117,1.5440346336969122,-0.8386979242327991,-1.7344408864563134,-1.2344919057043904,0.9465287258414564,1.8594906970899945,1.0
118,1.6826339744818346,0.1143959463645634,-2.2947650155486503,-1.2329434938531654,2.134702018274045,1.9979551797261847,0.0
119,0.8045498288182611,1.803870928119512,1.6747753275599266,-1.2329434938531654,2.210713104321914,1.6937917203033557,0.0
120,0.8045498288182611,1.803870928119512,1.6747753275599266,1.7585882027133537,-0.5856947455446839,-0.9193714758550152,0.0
121,1.0818464003448942,1.0674898169619222,-0.8028783861205789,-1.2344919057043904,2.308727399488911,2.0986688783914573,1.0
122,-1.4600829693674666,0.7291525496733029,0.9335591567921144,-1.2329434938531654,2.440746654203648,2.131431165909076,0.0
123,-1.4600829693674666,0.7291525496733029,0.9335591567921144,-1.2360403175556152,2.438746362465536,2.1308918689952057,1.0
124,0.3654925108292696,-2.859876109211888,-0.1618776670126977,-1.2329434938531654,1.1705614005088694,2.3911026299376084,0.0
125,0.3654925108292696,-2.859876109211888,-0.1618776670126977,-1.2344919057043904,1.166560817032675,2.392181223765349,1.0
126,1.405367893269611,-1.5927698728956745,-1.9720586554864727,-1.2422339649605147,0.0183933593621183,2.112151301238214,1.0
127,-0.997930040590028,1.2399754826384772,0.3971858903606447,-1.2344919057043904,1.0065374779845184,1.8741865379929592,1.0
128,1.705768099351641,0.2824589026647952,-2.386156465175636,1.8731706797039964,-0.5976964959732963,-0.9389209889828124,0.0
129,1.705768099351641,0.2824589026647952,-2.386156465175636,-1.2422339649605147,2.0346874313689365,2.0013257854378748,1.0
130,0.8045498288182611,1.803870928119512,1.6747753275599266,-1.24068555310929,2.214713687798123,1.6932524233894857,1.0
131,-1.3445214682489524,-0.902827210189466,0.5805990754741089,-1.2329434938531654,2.388739069012989,2.351329482539677,0.0
132,-1.3214306717206752,-0.8851363726841764,0.5610602138297178,-1.2422339649605147,2.4587492798465664,2.405933295069041,1.0
133,1.6133391183495434,-0.5180514944494614,-1.9695375120484884,-1.140038782779671,2.6527775784424485,1.2906672771853325,0.0
134,-0.6975105774673183,1.936552209409169,0.4293304691949621,-1.2329434938531654,2.316728566441314,2.137228607733181,0.0
135,1.128068112236198,-0.3256636365794611,-1.1167607441498044,-1.2344919057043904,2.506756281561016,2.228504610405724,1.0
136,-1.575636446719031,-0.8630228258025676,0.9140202951477256,1.8592349730429725,-0.6196997050924097,-0.938381692068942,0.0
137,0.7583088598862777,1.7684892531089371,1.399340406959984,1.8747190915552208,-0.5916956207589902,-0.9315056564170962,0.0
138,-1.7143015823929422,-0.0713578474409537,0.7766179777775016,-1.2360403175556152,1.8986675931780048,1.7803488749795329,1.0
139,0.5965866275052787,1.3638113451754874,0.906456864833768,-1.2344919057043904,0.8825193902221852,2.0590305552219927,1.0
140,1.2205099312654155,-1.7519874104432596,-1.730659171299339,-1.141587194630896,2.644776411490045,1.1824034217258763,0.0
141,-1.5525215788899045,-0.7856254117169348,0.9436437305440564,-1.2019752568286672,2.334731192084233,1.963575001466956,0.0
142,1.705768099351641,0.2824589026647952,-2.386156465175636,1.837557207125824,-0.5956962042351848,-0.9354155590426556,0.0
143,1.4284923896190775,-1.7940031495183175,-1.8970546382063969,-1.2344919057043904,0.6924916751024978,2.119836282260865,1.0
144,1.4284923896190775,-1.7940031495183175,-1.8970546382063969,-1.2329434938531654,0.6924916751024978,2.11902733689006,0.0
145,-0.6744037334051413,2.120094648526526,0.5553876410942497,-1.2360403175556152,2.3947399442272954,2.2121908787611484,1.0
146,-0.2815312179794842,-0.6772690319970505,-0.0024153445600983,-1.2422339649605147,-0.1796355227099726,2.155295054347836,1.0
147,-0.512634963175833,-0.2725911240636007,0.7747271201990122,-1.2329434938531654,2.804799750538201,2.391911575308414,0.0
148,-1.5062886337248709,-0.0580897193119877,0.951207160858014,1.871622267852772,-0.6156991216162008,-0.9398647585820852,0.0
149,-0.512634963175833,-0.2725911240636007,0.7747271201990122,-1.2344919057043904,2.802799458800104,2.3927205206792195,1.0
150,1.6595592254874572,-0.01386262554877,-2.178792417401307,-1.2344919057043904,1.828657382344428,1.91126320082154,1.0
151,-0.6512888655760145,1.8171390562484784,0.7287162524557719,-1.2019752568286672,2.482752780703791,2.1908886506632728,0.0
152,0.7814269372221845,2.206337481364802,1.5556513001150996,-1.2422339649605147,1.9026681766541995,1.706195549322372,1.0
153,1.2205099312654155,-1.7519874104432596,-1.730659171299339,-1.2360403175556152,2.284723898631686,2.382069406630281,1.0
154,0.4810379644138842,-0.2040391287306106,0.976418595237871,-1.2329434938531654,0.9765331019129874,2.2494023658181965,0.0
155,1.705768099351641,0.2824589026647952,-2.386156465175636,0.2875969440496924,-0.8457326714979344,-0.5813671350868264,0.0
156,1.705768099351641,0.2824589026647952,-2.386156465175636,-1.2313950820019404,2.0346874313689365,2.002943676179485,0.0
157,0.7814269372221845,2.206337481364802,1.5556513001150996,1.56503672131024,-0.5656918281636537,-0.890788739419891,0.0
158,-1.575636446719031,-0.8630228258025676,0.9140202951477256,-1.2422339649605147,2.2707218564649763,1.9295992958931287,1.0
159,1.705768099351641,0.2824589026647952,-2.386156465175636,-1.24068555310929,2.032687139630839,2.0022695550371474,1.0
160,1.4284923896190775,-1.7940031495183175,-1.8970546382063969,1.837557207125824,-0.5936959124970874,-0.930831535274758,0.0
161,0.8045498288182611,1.803870928119512,1.6747753275599266,-1.2375887294068402,2.2087128125838165,1.6937917203033557,1.0
162,0.8045498288182611,1.803870928119512,1.6747753275599266,-1.2313950820019404,2.210713104321914,1.6940613687602908,0.0
163,1.5671125921980698,-0.7878367664050945,-1.810705475455384,-1.1090705457551728,2.8908122952765853,1.3518774769096076,0.0
164,1.382262653960824,-1.5087383947455586,-1.9752100847839569,-1.2344919057043904,0.1224085297434355,2.1387116742463244,1.0
165,1.0818464003448942,1.0674898169619222,-0.8028783861205789,-1.2329434938531654,2.31272798296512,2.0982644057060544,0.0
166,-1.3214306717206752,-0.8851363726841764,0.5610602138297178,-1.2298466701507156,2.4647501550608726,2.405798470840573,0.0
167,-1.529427572854847,-0.4694016913099204,0.9549888760149928,-1.2344919057043904,2.348733234250957,2.033818424498558,1.0
168,-1.6218613681171148,-0.7922594757814179,0.8339739909916761,1.8731706797039964,-0.621699996830507,-0.9431005400653067,0.0
169,-1.7143015823929422,-0.0713578474409537,0.7766179777775016,-1.2329434938531654,1.8986675931780048,1.780079226522598,0.0
170,1.705768099351641,0.2824589026647952,-2.386156465175636,0.1327557589272018,-0.833730921069322,-0.5204265838194864,0.0
171,-0.6512888655760145,1.8171390562484784,0.7287162524557719,-1.2422339649605147,2.494754531132404,2.188596638779324,1.0
172,1.1973918539295088,-1.4269182712836064,-1.7476768895057393,-1.2329434938531654,2.280723315155477,2.357396572820717,0.0
173,-0.6975105774673183,1.936552209409169,0.4293304691949621,1.865428620447872,-0.601697079449491,-0.9404040554959556,0.0
174,0.3654925108292696,-2.859876109211888,-0.1618776670126977,-1.24068555310929,1.1505584831278537,2.392585696450752,1.0
175,0.6889770944260172,1.1670007779291638,1.01045403165068,-1.140038782779671,2.700784580156898,1.506386042733438,0.0
176,0.7814269372221845,2.206337481364802,1.5556513001150996,0.0940454626465792,-0.8397317962836282,-0.5251454318158512,0.0
177,1.4515992336812549,-1.798425858894641,-1.7936877572489796,1.832911971572149,-0.5976964959732963,-0.9375727466981366,0.0
178,0.3654925108292696,-2.859876109211888,-0.1618776670126977,1.865428620447872,-0.5996967877113937,-0.9381120436120068,0.0
179,0.7352276918783404,1.4544768873900864,1.277064950217673,1.8731706797039964,-0.5916956207589902,-0.9343369652149148,0.0
180,0.7814269372221845,2.206337481364802,1.5556513001150996,0.2101763514884471,-0.8597347136646584,-0.5678847122400698,0.0
181,1.405367893269611,-1.5927698728956745,-1.9720586554864727,-1.2375887294068402,0.0083919006716174,2.11403884043676,1.0
182,-0.6050671536847108,1.0365308513276703,0.9058265789742708,-1.2344919057043904,2.5287594906801294,2.276232387283242,1.0
183,-0.6050671536847108,1.0365308513276703,0.9058265789742708,-1.2329434938531654,2.526759198942032,2.2770413326540475,0.0
184,1.405367893269611,-1.5927698728956745,-1.9720586554864727,-1.2313950820019404,0.00639160893352,2.1147129615790976,0.0
185,0.7814269372221845,2.206337481364802,1.5556513001150996,-1.239137141258065,1.8966673014398927,1.7074089673785795,1.0
186,-0.6744037334051413,2.120094648526526,0.5553876410942497,-1.2190077871921412,2.3947399442272954,2.213404296817356,0.0
187,0.3654925108292696,-2.859876109211888,-0.1618776670126977,-1.2313950820019404,1.192564609627997,2.3867882546266466,0.0
188,0.4810379644138842,-0.2040391287306106,0.976418595237871,-1.2344919057043904,0.9765331019129874,2.249132717361261,1.0
189,-1.3676539883653689,-0.5534331694600363,0.6177859411843973,-1.2344919057043904,2.582767367608885,2.313174225883355,1.0
190,0.3192788227049157,-1.6480537400996984,-0.3660902854895452,1.8747190915552208,-0.601697079449491,-0.9401344070390204,0.0
191,-0.3970702525505389,1.131619102918589,0.4003373196581262,-1.2422339649605147,1.7366439623917371,2.4032368104996897,1.0
192,1.0587235087488176,1.138253166983072,-0.7240926536835239,-1.2422339649605147,2.290724773845992,2.1087806955265247,1.0
193,-1.575636446719031,-0.8630228258025676,0.9140202951477256,-1.172555431655394,2.26472098125067,1.9285207020653885,0.0
194,-0.2815312179794842,-0.6772690319970505,-0.0024153445600983,-1.2360403175556152,-0.1836361061861815,2.1556995270332378,1.0
195,0.7814269372221845,2.206337481364802,1.5556513001150996,-1.140038782779671,1.9026681766541995,1.709431330805593,0.0
196,1.2205099312654155,-1.7519874104432596,-1.730659171299339,-1.239137141258065,2.27872302341738,2.382204230858749,1.0
197,-1.5525215788899045,-0.7856254117169348,0.9436437305440564,-1.2422339649605147,2.3367314838223447,1.961957110725345,1.0
198,1.5671125921980698,-0.7878367664050945,-1.810705475455384,-1.1261030761186468,2.9788251317530814,1.50018412822393,0.0
199,-1.3676539883653689,-0.5534331694600363,0.6177859411843973,-1.140038782779671,3.1428490542774465,1.5791911261059244,0.0
200,1.6133391183495434,-0.5180514944494614,-1.9695375120484884,-1.2344919057043904,1.3885931999619907,1.8209309677482703,1.0
201,-0.997930040590028,1.2399754826384772,0.3971858903606447,-1.2422339649605147,1.0105380614607131,1.8733775926221536,1.0
202,-1.2983190133983282,-0.701593933566819,0.6095922250109448,-1.2329434938531654,1.9406737196781485,2.4196853663727325,0.0
203,0.873868756251402,-0.3521998928373933,1.1472260631614066,1.8948484456211447,-0.5936959124970874,-0.937437922469669,0.0
204,0.7814269372221845,2.206337481364802,1.5556513001150996,-1.24068555310929,1.9066687601304084,1.7064651977793068,1.0
205,1.6826339744818346,0.1143959463645634,-2.2947650155486503,1.826718324167249,-0.5956962042351848,-0.935280734814188,0.0
206,1.0587235087488176,1.138253166983072,-0.7240926536835239,-1.2329434938531654,2.2727221482030737,2.1110727074104734,0.0
207,-1.575636446719031,-0.8630228258025676,0.9140202951477256,1.837557207125824,-0.6176994133543123,-0.9358200317280584,0.0
208,0.7814269372221845,2.206337481364802,1.5556513001150996,1.7198779064327308,-0.5756932868541688,-0.912225791746234,0.0
209,1.705768099351641,0.2824589026647952,-2.386156465175636,-1.2344919057043904,2.032687139630839,2.002943676179485,1.0
210,1.2205099312654155,-1.7519874104432596,-1.730659171299339,-1.2313950820019404,2.282723606893589,2.382069406630281,0.0
211,0.7814269372221845,2.206337481364802,1.5556513001150996,-1.2282982582994906,1.8986675931780048,1.7075437916070473,0.0
212,1.705768099351641,0.2824589026647952,-2.386156465175636,-1.2298466701507156,2.032687139630839,2.00267402772255,0.0
213,-1.6911963430841552,-0.3212409272031417,0.7545579726951261,-1.2422339649605147,2.150704352178852,1.764844088705763,1.0
214,-1.4600829693674666,0.7291525496733029,0.9335591567921144,-1.1864911383164185,2.4307451955131327,2.1156567311783707,0.0
215,1.405367893269611,-1.5927698728956745,-1.9720586554864727,-1.24068555310929,0.0203936511002298,2.112286125466681,1.0
216,-1.4831930229364234,0.3863925730083563,0.9474254457010352,1.8607833848941973,-0.6136988298781034,-0.9381120436120068,0.0
217,0.8045498288182611,1.803870928119512,1.6747753275599266,-1.239137141258065,2.206712520845705,1.6939265445318232,1.0
218,-1.2983190133983282,-0.701593933566819,0.6095922250109448,-1.2344919057043904,1.9446743031543432,2.4195505421442647,1.0
219,0.8045498288182611,1.803870928119512,1.6747753275599266,0.2101763514884471,-0.8697361723551593,-0.5944450852481803,0.0
220,-0.6744037334051413,2.120094648526526,0.5553876410942497,-1.2298466701507156,2.3967402359653924,2.2129998241319533,0.0
221,-1.4600829693674666,0.7291525496733029,0.9335591567921144,-1.2375887294068402,2.440746654203648,2.1306222205382706,1.0
222,0.5041239466819916,-0.1531779709029099,0.9688551649239155,-1.2329434938531654,1.830657674082539,2.2530426199868203,0.0
223,-1.3214306717206752,-0.8851363726841764,0.5610602138297178,-1.2267498464482658,2.4707510302751787,2.4056636466121057,0.0
224,1.0818464003448942,1.0674898169619222,-0.8028783861205789,-1.157071313143145,2.802799458800104,1.627727848354248,0.0
225,0.3654925108292696,-2.859876109211888,-0.1618776670126977,-1.239137141258065,1.1485581913897562,2.3924508722222844,1.0
226,1.590245112314486,-0.7458210273300366,-1.861128344215098,-1.141587194630896,2.7467912901332503,1.2979477855225807,0.0
227,-0.512634963175833,-0.2725911240636007,0.7747271201990122,-1.2422339649605147,2.748791581871348,2.3970348959901817,1.0
228,0.3654925108292696,-2.859876109211888,-0.1618776670126977,-1.2298466701507156,1.202566068318512,2.387192727312049,0.0
229,1.2205099312654155,-1.7519874104432596,-1.730659171299339,-1.24068555310929,2.282723606893589,2.3817997581733468,1.0
230,-0.3970702525505389,1.131619102918589,0.4003373196581262,-1.2190077871921412,1.7406445458679458,2.404450228555897,0.0
231,-1.3445214682489524,-0.902827210189466,0.5805990754741089,-1.140038782779671,2.588768242823192,1.4060768167535689,0.0
232,1.405367893269611,-1.5927698728956745,-1.9720586554864727,1.857686561191748,-0.5916956207589902,-0.9304270625893556,0.0
233,-0.6512888655760145,1.8171390562484784,0.7287162524557719,1.8592349730429725,-0.5996967877113937,-0.9373030982412014,0.0
234,1.2436023325470826,-1.519795168186365,-1.6884300187130776,-1.172555431655394,2.8068000422763126,1.6244920668710263,0.0
235,0.7583088598862777,1.7684892531089371,1.399340406959984,-1.2344919057043904,1.6286282085342394,1.7732031908707524,1.0
236,1.128068112236198,-0.3256636365794611,-1.1167607441498044,-1.24068555310929,2.4787521972275823,2.231066270746607,1.0
237,1.705768099351641,0.2824589026647952,-2.386156465175636,0.211724763339672,-0.8437323797598371,-0.5426725815166348,0.0
238,-0.2815312179794842,-0.6772690319970505,-0.0024153445600983,-1.239137141258065,-0.1856363979242788,2.1561039997186406,1.0
239,-1.7143015823929422,-0.0713578474409537,0.7766179777775016,-1.2344919057043904,1.9006678849161025,1.7798095780656629,1.0
240,-1.3676539883653689,-0.5534331694600363,0.6177859411843973,1.89949368117482,-0.6176994133543123,-0.9443139581215148,0.0
241,1.705768099351641,0.2824589026647952,-2.386156465175636,-1.239137141258065,2.030686847892728,2.00267402772255,1.0
242,-0.2815312179794842,-0.6772690319970505,-0.0024153445600983,-1.2329434938531654,-0.1796355227099726,2.1561039997186406,0.0
243,0.7814269372221845,2.206337481364802,1.5556513001150996,-1.093586427242924,1.8806649675350864,1.1895491058346574,0.0
244,-0.6744037334051413,2.120094648526526,0.5553876410942497,-1.2375887294068402,2.3967402359653924,2.2120560545326806,1.0
245,1.2436023325470826,-1.519795168186365,-1.6884300187130776,1.865428620447872,-0.5996967877113937,-0.942426418922969,0.0
246,1.590245112314486,-0.7458210273300366,-1.861128344215098,-1.24068555310929,1.2505730700329618,1.7802140507510658,1.0
247,1.2205099312654155,-1.7519874104432596,-1.730659171299339,-1.2282982582994906,2.284723898631686,2.3819345824018137,0.0
248,-1.529427572854847,-0.4694016913099204,0.9549888760149928,-1.2267498464482658,2.3467329425128454,2.0342228971839607,0.0
249,0.4810379644138842,-0.2040391287306106,0.976418595237871,-1.2360403175556152,0.9765331019129874,2.2494023658181965,1.0
250,1.705768099351641,0.2824589026647952,-2.386156465175636,-1.2282982582994906,2.036687723107033,2.002539203494082,0.0
251,0.7583088598862777,1.7684892531089371,1.399340406959984,-1.2329434938531654,1.632628792010434,1.7730683666422846,0.0
252,-0.997930040590028,1.2399754826384772,0.3971858903606447,-1.2360403175556152,1.0065374779845184,1.874051713764492,1.0
253,-1.0441597762482815,0.950288018489395,0.5629510714082072,-1.124554664267422,3.0628373847533683,1.198043032228114,0.0
254,1.0587235087488176,1.138253166983072,-0.7240926536835239,-1.24068555310929,2.2767227316792824,2.110263762039668,1.0
255,-1.5525215788899045,-0.7856254117169348,0.9436437305440564,-1.2375887294068402,2.330730608608038,1.962361583410748,1.0
256,0.4810379644138842,-0.2040391287306106,0.976418595237871,-1.2019752568286672,0.9785333936510848,2.250211311189002,0.0
257,0.7814269372221845,2.206337481364802,1.5556513001150996,0.2488866477690698,-0.867735880617062,-0.5828502015999696,0.0
258,1.705768099351641,0.2824589026647952,-2.386156465175636,1.7585882027133537,-0.5916956207589902,-0.9257082145929908,0.0
259,-0.6744037334051413,2.120094648526526,0.5553876410942497,-1.2313950820019404,2.3947399442272954,2.212325702989616,0.0
260,0.873868756251402,-0.3521998928373933,1.1472260631614066,1.8778159152576712,-0.5936959124970874,-0.9342021409864474,0.0
261,0.7583088598862777,1.7684892531089371,1.399340406959984,-1.2422339649605147,1.622627333319933,1.773607663556155,1.0
262,-1.529427572854847,-0.4694016913099204,0.9549888760149928,-1.2019752568286672,2.3507335259890545,2.025459322333569,0.0
263,1.4515992336812549,-1.798425858894641,-1.7936877572489796,-1.2329434938531654,1.098550897937209,2.051480398427809,0.0
264,0.3654925108292696,-2.859876109211888,-0.1618776670126977,-1.2375887294068402,1.1505584831278537,2.392181223765349,1.0
265,-1.529427572854847,-0.4694016913099204,0.9549888760149928,-1.239137141258065,2.3467329425128454,2.0332791275846875,1.0
266,-0.6975105774673183,1.936552209409169,0.4293304691949621,1.8360087952745987,-0.5996967877113937,-0.936494152870396,0.0
267,-0.512634963175833,-0.2725911240636007,0.7747271201990122,-1.2313950820019404,2.802799458800104,2.392181223765349,0.0
268,1.4515992336812549,-1.798425858894641,-1.7936877572489796,-1.2422339649605147,0.9025223076032012,2.0467615504314445,1.0
269,-0.6744037334051413,2.120094648526526,0.5553876410942497,-1.24068555310929,2.388739069012989,2.2124605272180835,1.0
270,1.2667107813626497,-1.3915365962730315,-1.6543945823002686,-1.2298466701507156,1.622627333319933,2.391911575308414,0.0
271,0.8276486491134882,0.888370087220888,1.5796021627759644,-1.2344919057043904,2.134702018274045,1.7137457061165553,1.0
272,-1.2983190133983282,-0.701593933566819,0.6095922250109448,-1.2360403175556152,1.9406737196781485,2.420089839058136,1.0
273,0.3885993548914466,-2.1058041605490088,0.0064086574728513,1.8623317967454225,-0.5976964959732963,-0.9382468678404744,0.0
274,-1.5525215788899045,-0.7856254117169348,0.9436437305440564,1.8561381493405225,-0.6136988298781034,-0.930292238360888,0.0
275,0.3654925108292696,-2.859876109211888,-0.1618776670126977,0.0166248700853338,-0.8937396732123841,-0.5247409591304485,0.0
276,1.5671125921980698,-0.7878367664050945,-1.810705475455384,1.8731706797039964,-0.5956962042351848,-0.92961811721855,0.0
277,1.382262653960824,-1.5087383947455586,-1.9752100847839569,-1.24068555310929,0.1464120306006462,2.136419662362376,1.0
278,-1.0210272561318652,1.2377641279503135,0.4898379117066204,-1.2344919057043904,1.1145532318420162,1.8392670628198595,1.0
279,0.1575068429688275,-0.5821807804061282,-0.8154841033105052,-1.1090705457551728,3.0728388434438694,1.599684408832994,0.0
280,1.0818464003448942,1.0674898169619222,-0.8028783861205789,-1.2360403175556152,2.308727399488911,2.09853405416299,1.0
281,0.6196645860064361,1.5517764936691685,0.9285168699161436,-1.2329434938531654,1.1345561492230465,2.002943676179485,0.0
282,1.405367893269611,-1.5927698728956745,-1.9720586554864727,-1.2298466701507156,0.0083919006716174,2.1145781373506303,0.0
283,0.3885993548914466,-2.1058041605490088,0.0064086574728513,-1.2190077871921412,1.26257482046156,2.387597199997452,0.0
284,0.1806201060445644,-0.7878367664050945,-0.7341772274354659,1.8747190915552208,-0.6056976629256999,-0.9491676303463472,0.0
285,0.3654925108292696,-2.859876109211888,-0.1618776670126977,-1.2360403175556152,1.158559650080257,2.392181223765349,1.0
286,0.5965866275052787,1.3638113451754874,0.906456864833768,-1.24068555310929,0.8825193902221852,2.05862608253659,1.0
287,1.5671125921980698,-0.7878367664050945,-1.810705475455384,-1.2344919057043904,1.4305993264621342,1.8061003026168383,1.0
288,-1.3214306717206752,-0.8851363726841764,0.5610602138297178,-1.2174593753409162,2.4647501550608726,2.4051243496982355,0.0
289,0.7121192430627734,1.2200732904450282,1.1510077783183854,1.8685254441503216,-0.5876950372827813,-0.927191281106134,0.0
290,0.8045498288182611,1.803870928119512,1.6747753275599266,-1.2267498464482658,2.214713687798123,1.6935220718464203,0.0
291,-1.5987529193015475,-0.81879573203935,0.8951117193628316,-1.2329434938531654,2.228715729964833,1.9327002531478832,0.0
292,0.7814269372221845,2.206337481364802,1.5556513001150996,0.3263072403303151,-0.8637352971408531,-0.6110284653496909,0.0
293,-0.512634963175833,-0.2725911240636007,0.7747271201990122,-1.239137141258065,2.740790414918944,2.39770901713252,1.0
294,-0.4202043774203453,0.9193290528551396,0.4671476207647477,-1.2298466701507156,1.6966381276297051,2.406742240439846,0.0
295,-1.6218613681171148,-0.7922594757814179,0.8339739909916761,1.8360087952745987,-0.6196997050924097,-0.9397299343536176,0.0
296,-0.4202043774203453,0.9193290528551396,0.4671476207647477,-1.2344919057043904,1.6946378358915934,2.4066074162113784,1.0
297,0.1112835263241338,0.5411874011796219,-0.7764063800217275,-1.1106189576063978,2.8007991670620065,1.282173350791875,0.0
298,-1.6911963430841552,-0.3212409272031417,0.7545579726951261,-1.2344919057043904,2.146703768702643,1.7657878583050362,1.0
299,-0.6744037334051413,2.120094648526526,0.5553876410942497,-1.1864911383164185,2.372736735108182,2.1640586291982267,0.0
300,-0.4433015929621824,0.4350423761478972,0.6316522300933203,-1.2329434938531654,1.7766497971537831,2.431280250020944,0.0
301,1.1973918539295088,-1.4269182712836064,-1.7476768895057393,-1.2344919057043904,2.27872302341738,2.3569921001353142,1.0
302,-1.575636446719031,-0.8630228258025676,0.9140202951477256,-1.24068555310929,2.2747224399411707,1.9295992958931287,1.0
303,1.405367893269611,-1.5927698728956745,-1.9720586554864727,-1.2267498464482658,0.0043913171954085,2.1148477858075654,0.0
304,-1.575636446719031,-0.8630228258025676,0.9140202951477256,-1.0641666020696503,1.4406007851526492,0.8110974965261986,0.0
305,0.6196645860064361,1.5517764936691685,0.9285168699161436,-1.24068555310929,1.1305555657468376,2.0024043792656148,1.0
306,-0.512634963175833,-0.2725911240636007,0.7747271201990122,-1.2298466701507156,2.8068000422763126,2.391641926851479,0.0
307,1.705768099351641,0.2824589026647952,-2.386156465175636,0.0553351663659565,-0.823729462378821,-0.4848329875040488,0.0
308,0.0650778619667298,0.9923037575644528,-0.7291349405594927,1.8561381493405225,-0.5996967877113937,-0.9386513405258772,0.0
309,1.6826339744818346,0.1143959463645634,-2.2947650155486503,-1.2422339649605147,2.0926958917739014,1.99822482818312,1.0
310,1.705768099351641,0.2824589026647952,-2.386156465175636,-1.157071313143145,1.9426740114162453,1.8336044452242213,0.0
311,1.6133391183495434,-0.5180514944494614,-1.9695375120484884,-1.2422339649605147,1.384592616485796,1.821065791976738,1.0
312,-1.4600829693674666,0.7291525496733029,0.9335591567921144,-1.2422339649605147,2.438746362465536,2.1299480993959325,1.0
313,1.405367893269611,-1.5927698728956745,-1.9720586554864727,-1.2174593753409162,0.00639160893352,2.1147129615790976,0.0
314,-1.4600829693674666,0.7291525496733029,0.9335591567921144,-1.2313950820019404,2.436746070727439,2.131700814366011,0.0
315,1.1742930336342816,-1.3981706603375106,-1.5396825558719152,1.8607833848941973,-0.5996967877113937,-0.9444487823499824,0.0
316,0.8045498288182611,1.803870928119512,1.6747753275599266,-1.2298466701507156,2.210713104321914,1.6940613687602908,0.0
317,-1.0210272561318652,1.2377641279503135,0.4898379117066204,-1.24068555310929,1.104551773151515,1.8406153051045355,1.0
318,-1.575636446719031,-0.8630228258025676,0.9140202951477256,0.0553351663659565,-0.823729462378821,-0.5228534199319025,0.0
319,1.590245112314486,-0.7458210273300366,-1.861128344215098,-1.2422339649605147,1.246572486556753,1.7804836992080006,1.0
320,1.4284923896190775,-1.7940031495183175,-1.8970546382063969,-1.2422339649605147,0.7024931337930129,2.1174094461484487,1.0
321,0.4810379644138842,-0.2040391287306106,0.976418595237871,-1.24068555310929,0.9785333936510848,2.2484585962189234,1.0
322,-0.6512888655760145,1.8171390562484784,0.7287162524557719,-1.239137141258065,2.476751905489485,2.190753826434805,1.0
323,-1.067240944256219,0.6473324262113467,0.5396304946068395,-1.0951348390941489,2.9748245482768727,1.1206539250877312,0.0
324,0.3423969000408225,-2.545863743493033,-0.3597874268945799,-1.2329434938531654,1.68663666893919,2.2924112946993502,0.0
325,-1.7143015823929422,-0.0713578474409537,0.7766179777775016,1.837557207125824,-0.6156991216162008,-0.925303741907588,0.0
326,1.1973918539295088,-1.4269182712836064,-1.7476768895057393,-1.172555431655394,2.788797416633394,1.7901910436576651,0.0
327,0.7814269372221845,2.206337481364802,1.5556513001150996,1.3327749436265042,-0.5536900777350413,-0.8489932285949455,0.0
328,0.7583088598862777,1.7684892531089371,1.399340406959984,-1.24068555310929,1.6206270415818216,1.7740121362415575,1.0
329,1.1049307778596116,0.5124397902335301,-0.9012029802020228,-1.2344919057043904,2.440746654203648,2.165811344168305,1.0
330,0.5965866275052787,1.3638113451754874,0.906456864833768,-1.2329434938531654,0.8805190984840879,2.059300203678928,0.0
331,-0.512634963175833,-0.2725911240636007,0.7747271201990122,-1.2375887294068402,2.762793624038057,2.395821477933973,1.0
332,-1.2983190133983282,-0.701593933566819,0.6095922250109448,-1.2174593753409162,1.9426740114162453,2.420089839058136,0.0
333,0.7814269372221845,2.206337481364802,1.5556513001150996,-1.0641666020696503,1.068546521865678,0.6865199094221673,0.0
334,-0.0966909082625784,1.047587624768477,0.1538955485950171,-1.2344919057043904,1.206566651794707,1.7719897728145442,1.0
335,-1.575636446719031,-0.8630228258025676,0.9140202951477256,-1.2375887294068402,2.2727221482030737,1.930003768578532,1.0
336,0.8276486491134882,0.888370087220888,1.5796021627759644,1.857686561191748,-0.5916956207589902,-0.933393195615642,0.0
337,0.3654925108292696,-2.859876109211888,-0.1618776670126977,0.1714660552078245,-0.9017408401647876,-0.6203313371139529,0.0
338,1.2667107813626497,-1.3915365962730315,-1.6543945823002686,-1.2422339649605147,1.6206270415818216,2.390967805709141,1.0
339,-1.4600829693674666,0.7291525496733029,0.9335591567921144,-1.2019752568286672,2.4347457789893414,2.1299480993959325,0.0
340,1.2667107813626497,-1.3915365962730315,-1.6543945823002686,-1.2267498464482658,1.6246276250580305,2.3917767510799464,0.0
341,1.705768099351641,0.2824589026647952,-2.386156465175636,0.3650175366109378,-0.8217291706407095,-0.6176348525446017,0.0
342,-1.5987529193015475,-0.81879573203935,0.8951117193628316,1.8360087952745987,-0.6176994133543123,-0.9359548559565256,0.0
343,1.128068112236198,-0.3256636365794611,-1.1167607441498044,-1.2329434938531654,2.50075540634671,2.2251340046940347,0.0
344,-1.6911963430841552,-0.3212409272031417,0.7545579726951261,-1.2375887294068402,2.152704643916949,1.765113737162698,1.0
345,-1.067240944256219,0.6473324262113467,0.5396304946068395,-1.1261030761186468,3.174853722087075,1.2394340703676572,0.0
346,-0.997930040590028,1.2399754826384772,0.3971858903606447,-1.2329434938531654,1.004537186246407,1.8741865379929592,0.0
347,-1.2983190133983282,-0.701593933566819,0.6095922250109448,-1.2422339649605147,1.9466745948924544,2.41874159677346,1.0
348,0.7583088598862777,1.7684892531089371,1.399340406959984,-1.239137141258065,1.612625874629418,1.7733380150992195,1.0
349,-0.997930040590028,1.2399754826384772,0.3971858903606447,-1.24068555310929,1.004537186246407,1.8739168895360243,1.0
350,0.8045498288182611,1.803870928119512,1.6747753275599266,0.1327557589272018,-0.8617350054027557,-0.5615479735020941,0.0
351,-1.7143015823929422,-0.0713578474409537,0.7766179777775016,-1.2313950820019404,1.8986675931780048,1.7804836992080006,0.0
352,1.4284923896190775,-1.7940031495183175,-1.8970546382063969,0.2488866477690698,-0.833730921069322,-0.6137249499190423,0.0
353,1.705768099351641,0.2824589026647952,-2.386156465175636,-1.2360403175556152,2.032687139630839,2.0028088519510177,1.0
354,0.5965866275052787,1.3638113451754874,0.906456864833768,-1.2422339649605147,0.8945211406507977,2.0575474887088494,1.0
355,1.382262653960824,-1.5087383947455586,-1.9752100847839569,-1.2019752568286672,0.1284094049577417,2.139790268074065,0.0
356,1.2205099312654155,-1.7519874104432596,-1.730659171299339,-1.171007019804169,2.502755698084807,1.470118325275663,0.0
357,-0.512634963175833,-0.2725911240636007,0.7747271201990122,-1.2282982582994906,2.8068000422763126,2.391911575308414,0.0
358,-0.9054994548345404,0.7689569340601972,0.0082995150513407,1.8731706797039964,-0.601697079449491,-0.9325842502448366,0.0
359,-1.575636446719031,-0.8630228258025676,0.9140202951477256,0.0940454626465792,-0.8297303375931273,-0.5359313700932565,0.0
360,-0.2584468404647669,-0.9558997227053264,0.1116663960087556,-1.2344919057043904,0.3264382870298327,2.1008260660469382,1.0
361,0.0650778619667298,0.9923037575644528,-0.7291349405594927,-1.1106189576063978,2.5987697015137066,1.3685956812395856,0.0
362,0.8276486491134882,0.888370087220888,1.5796021627759644,-1.2422339649605147,2.1407028934883368,1.7128019365172826,1.0
363,-1.3214306717206752,-0.8851363726841764,0.5610602138297178,-1.2313950820019404,2.468750738537067,2.405259173926704,0.0
364,1.705768099351641,0.2824589026647952,-2.386156465175636,-1.2190077871921412,2.032687139630839,2.002943676179485,0.0
365,-0.6050671536847108,1.0365308513276703,0.9058265789742708,-1.24068555310929,2.530759782418227,2.275693090369372,1.0
366,1.2205099312654155,-1.7519874104432596,-1.730659171299339,1.8251699123160243,-0.5976964959732963,-0.9391906374397474,0.0
367,-0.6975105774673183,1.936552209409169,0.4293304691949621,-1.1864911383164185,2.316728566441314,2.1373634319616484,0.0
368,0.4579214918313674,-0.5467991053955532,0.823259131380237,-1.2422339649605147,0.8685173480554754,2.28796209515992,1.0
369,1.1049307778596116,0.5124397902335301,-0.9012029802020228,-1.2422339649605147,2.440746654203648,2.1641934534266944,1.0
370,-0.3970702525505389,1.131619102918589,0.4003373196581262,-1.2375887294068402,1.7286427954393335,2.404045755870495,1.0
371,0.7814269372221845,2.206337481364802,1.5556513001150996,1.6424573138714855,-0.57169270337796,-0.903192568438907,0.0
372,0.3654925108292696,-2.859876109211888,-0.1618776670126977,-1.2282982582994906,1.256573945247268,2.384496242742698,0.0
373,1.2667107813626497,-1.3915365962730315,-1.6543945823002686,-1.24068555310929,1.618626749843724,2.3911026299376084,1.0
374,-0.3970702525505389,1.131619102918589,0.4003373196581262,1.8747190915552208,-0.6036973711876026,-0.936494152870396,0.0
375,-0.8592969999839162,-0.1863482912253251,0.0681766717035018,-1.124554664267422,2.858807627466957,1.1426302743279442,0.0
376,0.4810379644138842,-0.2040391287306106,0.976418595237871,-1.2298466701507156,0.9785333936510848,2.249132717361261,0.0
377,-0.5588374180264571,0.4284083120834142,0.8264105606777186,-1.2019752568286672,2.8328038348716347,2.2924112946993502,0.0
378,0.1575068429688275,-0.5821807804061282,-0.8154841033105052,-1.093586427242924,2.8308035431335377,1.3251822796730293,0.0
379,-0.6744037334051413,2.120094648526526,0.5553876410942497,-1.239137141258065,2.3947399442272954,2.211921230304213,1.0
380,1.0356327122205404,0.8176067371997381,-0.6327012040565382,-1.2329434938531654,2.144703476964545,2.1977646863151183,0.0
381,-1.6911963430841552,-0.3212409272031417,0.7545579726951261,1.837557207125824,-0.6156991216162008,-0.9317753048740312,0.0
382,-1.575636446719031,-0.8630228258025676,0.9140202951477256,-1.1106189576063978,2.050689765273758,1.2445573910494243,0.0
383,0.7814269372221845,2.206337481364802,1.5556513001150996,0.3650175366109378,-0.8497332549741433,-0.6237019428256422,0.0
384,-1.3676539883653689,-0.5534331694600363,0.6177859411843973,-1.24068555310929,2.5787667841326765,2.313578698568758,1.0
385,0.3885993548914466,-2.1058041605490088,0.0064086574728513,-1.2422339649605147,1.226569569175737,2.385440012341971,1.0
386,0.4810379644138842,-0.2040391287306106,0.976418595237871,-1.2375887294068402,0.9785333936510848,2.249132717361261,1.0
387,-0.0736241830351507,0.9060609247261774,-0.0005244869816089,-1.2344919057043904,1.3325850312951373,1.7345086373005605,1.0
388,1.6595592254874572,-0.01386262554877,-2.178792417401307,1.8360087952745987,-0.5916956207589902,-0.9273261053346016,0.0
389,1.4515992336812549,-1.798425858894641,-1.7936877572489796,-1.24068555310929,0.9325266836747323,2.0517500468847443,1.0
390,0.7814269372221845,2.206337481364802,1.5556513001150996,-1.1864911383164185,1.9006678849161025,1.7087572096632553,0.0
391,0.4579214918313674,-0.5467991053955532,0.823259131380237,-1.2329434938531654,0.8305118050315408,2.2910630524146742,0.0
392,-0.6744037334051413,2.120094648526526,0.5553876410942497,1.7585882027133537,-0.5896953290208786,-0.9150571005440532,0.0
393,-1.2983190133983282,-0.701593933566819,0.6095922250109448,-1.24068555310929,1.9446743031543432,2.4191460694588627,1.0
394,0.3654925108292696,-2.859876109211888,-0.1618776670126977,0.1327557589272018,-0.9097420071172054,-0.6007818239861559,0.0
395,1.1973918539295088,-1.4269182712836064,-1.7476768895057393,-1.2035236686798922,2.334731192084233,2.29295059161322,0.0
396,-1.529427572854847,-0.4694016913099204,0.9549888760149928,0.0568835782171814,-0.8297303375931273,-0.5320214674676971,0.0
397,-0.5588374180264571,0.4284083120834142,0.8264105606777186,-1.2344919057043904,2.704785163633107,2.338521180835257,1.0
398,1.1973918539295088,-1.4269182712836064,-1.7476768895057393,-1.239137141258065,2.2767227316792824,2.3568572759068465,1.0
399,-0.6744037334051413,2.120094648526526,0.5553876410942497,-1.2282982582994906,2.3967402359653924,2.213134648360421,0.0
400,1.6826339744818346,0.1143959463645634,-2.2947650155486503,-1.2360403175556152,2.130701434797836,1.9980900039546527,1.0
401,1.705768099351641,0.2824589026647952,-2.386156465175636,0.0940454626465792,-0.823729462378821,-0.5020904887478973,0.0
402,-0.2584468404647669,-0.9558997227053264,0.1116663960087556,-1.2360403175556152,0.3264382870298327,2.1008260660469382,1.0
403,1.382262653960824,-1.5087383947455586,-1.9752100847839569,-1.2298466701507156,0.1244088214815328,2.1389813227032595,0.0
404,-1.1365678954563097,-0.3920042772242915,0.2755407194778309,-1.157071313143145,3.000828340872209,1.76390031910649,0.0
405,-1.2983190133983282,-0.701593933566819,0.6095922250109448,-1.2298466701507156,1.9426740114162453,2.419955014829668,0.0
406,0.8276486491134882,0.888370087220888,1.5796021627759644,-1.2360403175556152,2.134702018274045,1.7138805303450229,1.0
407,0.8045498288182611,1.803870928119512,1.6747753275599266,-1.124554664267422,2.214713687798123,1.6950051383595637,0.0
408,1.4515992336812549,-1.798425858894641,-1.7936877572489796,-1.2344919057043904,1.10855235662771,2.0513455741993414,1.0
409,1.4515992336812549,-1.798425858894641,-1.7936877572489796,1.7972984989939762,-0.5956962042351848,-0.9346066136718502,0.0
410,1.6133391183495434,-0.5180514944494614,-1.9695375120484884,-1.124554664267422,2.354734109465263,1.0922060128810744,0.0
411,-1.575636446719031,-0.8630228258025676,0.9140202951477256,-1.2360403175556152,2.26472098125067,1.9305430654924016,1.0
412,1.0818464003448942,1.0674898169619222,-0.8028783861205789,-1.2313950820019404,2.308727399488911,2.0988037026199247,0.0
413,0.7814269372221845,2.206337481364802,1.5556513001150996,-0.9387452421204332,0.2264237001247385,0.320067656447322,0.0
414,-0.997930040590028,1.2399754826384772,0.3971858903606447,-1.239137141258065,1.004537186246407,1.874051713764492,1.0
415,1.0818464003448942,1.0674898169619222,-0.8028783861205789,-1.2375887294068402,2.308727399488911,2.098399229934522,1.0
416,-0.512634963175833,-0.2725911240636007,0.7747271201990122,-1.2190077871921412,2.82280237618112,2.388271321139789,0.0
417,0.3654925108292696,-2.859876109211888,-0.1618776670126977,0.0940454626465792,-0.921743757545818,-0.583659146970775,0.0
418,1.705768099351641,0.2824589026647952,-2.386156465175636,0.3263072403303151,-0.8377315045455308,-0.6011862966715587,0.0
419,-1.7143015823929422,-0.0713578474409537,0.7766179777775016,-1.2422339649605147,1.916670218820924,1.7780568630955844,1.0
420,0.7814269372221845,2.206337481364802,1.5556513001150996,0.0553351663659565,-0.8377315045455308,-0.5101799424559513,0.0
421,0.7352276918783404,1.4544768873900864,1.277064950217673,-1.2329434938531654,1.5706197481292743,1.859086224404592,0.0
422,0.1343919751397007,-0.0536670099356682,-0.8035086719800739,-1.1090705457551728,2.882811128324182,1.3536301918796856,0.0
423,-0.6975105774673183,1.936552209409169,0.4293304691949621,1.7972984989939762,-0.5976964959732963,-0.9323146017879016,0.0
424,-1.067240944256219,0.6473324262113467,0.5396304946068395,-1.0781023087306747,2.8388047100859413,1.072117202839407,0.0
425,1.3360264992890103,-1.194726029026708,-1.798099758265458,-1.2329434938531654,1.5966235407245968,2.272322484657683,0.0
426,1.5440346336969122,-0.8386979242327991,-1.7344408864563134,-1.24068555310929,0.9525296010557625,1.858412103262254,1.0
427,-0.4202043774203453,0.9193290528551396,0.4671476207647477,-1.2174593753409162,1.7186413367488185,2.400675150158806,0.0
428,-1.5525215788899045,-0.7856254117169348,0.9436437305440564,1.837557207125824,-0.6136988298781034,-0.9281350507054068,0.0
429,-1.6911963430841552,-0.3212409272031417,0.7545579726951261,-1.2360403175556152,2.144703476964545,1.7657878583050362,1.0
430,0.1575068429688275,-0.5821807804061282,-0.8154841033105052,1.865428620447872,-0.601697079449491,-0.941482649323696,0.0
431,1.405367893269611,-1.5927698728956745,-1.9720586554864727,-1.2019752568286672,0.0083919006716174,2.1144433131221625,0.0
432,-0.6975105774673183,1.936552209409169,0.4293304691949621,-1.2344919057043904,2.314728274703217,2.137498256190116,1.0
433,-1.3445214682489524,-0.902827210189466,0.5805990754741089,-1.2344919057043904,2.388739069012989,2.351194658311209,1.0
434,1.705768099351641,0.2824589026647952,-2.386156465175636,-1.172555431655394,2.026686264416533,1.993640804415223,0.0
435,1.6133391183495434,-0.5180514944494614,-1.9695375120484884,-1.2360403175556152,1.3885931999619907,1.8209309677482703,1.0
436,0.5965866275052787,1.3638113451754874,0.906456864833768,-1.2360403175556152,0.8805190984840879,2.0590305552219927,1.0
437,-0.2815312179794842,-0.6772690319970505,-0.0024153445600983,-1.2313950820019404,-0.18163581444807,2.1561039997186406,0.0
438,-1.4600829693674666,0.7291525496733029,0.9335591567921144,-1.2298466701507156,2.438746362465536,2.1318356385944788,0.0
439,1.705768099351641,0.2824589026647952,-2.386156465175636,-1.1106189576063978,1.2245692774376251,0.914912152446225,0.0
440,0.3654925108292696,-2.859876109211888,-0.1618776670126977,-1.2267498464482658,1.256573945247268,2.3778898555477874,0.0
441,-1.7143015823929422,-0.0713578474409537,0.7766179777775016,0.0568835782171814,-0.8177285871645149,-0.5093709970851459,0.0
442,-1.4600829693674666,0.7291525496733029,0.9335591567921144,-1.24068555310929,2.442746945941745,2.129813275167465,1.0
443,0.7814269372221845,2.206337481364802,1.5556513001150996,1.4876161287489946,-0.561691244687459,-0.8764973712023291,0.0
444,1.128068112236198,-0.3256636365794611,-1.1167607441498044,-1.239137141258065,2.472751322013276,2.231201094975075,1.0
445,-1.5525215788899045,-0.7856254117169348,0.9436437305440564,-1.124554664267422,2.0286865561546303,1.2817688781064729,0.0
446,1.5440346336969122,-0.8386979242327991,-1.7344408864563134,-1.2375887294068402,0.9445284341033447,1.8594906970899945,1.0
447,-0.6512888655760145,1.8171390562484784,0.7287162524557719,-1.2298466701507156,2.4787521972275823,2.1908886506632728,0.0
448,-0.6512888655760145,1.8171390562484784,0.7287162524557719,-1.2375887294068402,2.4787521972275823,2.190753826434805,1.0
449,1.705768099351641,0.2824589026647952,-2.386156465175636,1.1392234622233908,-0.547689202520735,-0.8127255111371702,0.0
450,-1.529427572854847,-0.4694016913099204,0.9549888760149928,1.7972984989939762,-0.6116985381400061,-0.928404699162342,0.0
451,0.8276486491134882,0.888370087220888,1.5796021627759644,-1.24068555310929,2.1367023100121423,1.713610881888088,1.0
452,-1.7143015823929422,-0.0713578474409537,0.7766179777775016,-1.239137141258065,1.894667009701796,1.7802140507510658,1.0
453,0.3423969000408225,-2.545863743493033,-0.3597874268945799,-1.2344919057043904,1.68663666893919,2.2924112946993502,1.0
454,-0.6512888655760145,1.8171390562484784,0.7287162524557719,-1.188039550167643,2.492754239394292,2.072647802297217,0.0
455,1.1742930336342816,-1.3981706603375106,-1.5396825558719152,-1.2174593753409162,2.3507335259890545,2.3099384444001334,0.0
456,1.705768099351641,0.2824589026647952,-2.386156465175636,1.6424573138714855,-0.5776935785922661,-0.9045408107235828,0.0
457,-1.5525215788899045,-0.7856254117169348,0.9436437305440564,-1.24068555310929,2.326730025131829,1.9626312318676824,1.0
458,-1.6218613681171148,-0.7922594757814179,0.8339739909916761,-1.2329434938531654,2.164706394345562,1.9270376355522447,0.0
459,0.7814269372221845,2.206337481364802,1.5556513001150996,1.5263264250296174,-0.5636915364255564,-0.8849912975957857,0.0
460,-1.3907656466877156,0.0104622760209984,0.6990928170594388,1.871622267852772,-0.6136988298781034,-0.9378423951550716,0.0
461,-1.575636446719031,-0.8630228258025676,0.9140202951477256,-1.157071313143145,2.31272798296512,1.8333347967672864,0.0
462,-0.6050671536847108,1.0365308513276703,0.9058265789742708,1.863880208596647,-0.601697079449491,-0.938381692068942,0.0
463,1.1973918539295088,-1.4269182712836064,-1.7476768895057393,-1.2375887294068402,2.2727221482030737,2.357126924363782,1.0
464,1.382262653960824,-1.5087383947455586,-1.9752100847839569,1.8561381493405225,-0.5936959124970874,-0.9332583713871744,0.0
465,1.2667107813626497,-1.3915365962730315,-1.6543945823002686,-1.2282982582994906,1.6266279167961275,2.391641926851479,0.0
466,-0.3970702525505389,1.131619102918589,0.4003373196581262,-1.2360403175556152,1.7386442541298486,2.403101986271222,1.0
467,-0.4433015929621824,0.4350423761478972,0.6316522300933203,-1.2174593753409162,1.854661174939764,2.427909644309254,0.0
468,1.3129244694870037,-1.2035714477793509,-1.690320876291567,1.8685254441503216,-0.5956962042351848,-0.9343369652149148,0.0
469,0.8045498288182611,1.803870928119512,1.6747753275599266,-1.157071313143145,2.2127133960600114,1.695814083730369,0.0
470,1.1049307778596116,0.5124397902335301,-0.9012029802020228,-1.24068555310929,2.438746362465536,2.1645979261120973,1.0
471,0.3885993548914466,-2.1058041605490088,0.0064086574728513,-1.2313950820019404,1.226569569175737,2.385709660798906,0.0
472,0.3885993548914466,-2.1058041605490088,0.0064086574728513,-1.2375887294068402,1.2305701526519317,2.385709660798906,1.0
473,-1.4831930229364234,0.3863925730083563,0.9474254457010352,-1.2344919057043904,2.45274840463226,2.097185811878314,1.0
474,1.590245112314486,-0.7458210273300366,-1.861128344215098,-1.239137141258065,1.246572486556753,1.7806185234364684,1.0
475,-0.9748344298015807,1.2665117388964056,0.2881464366677594,-1.2329434938531654,1.2745765708901724,1.8718945261090107,0.0
476,-0.997930040590028,1.2399754826384772,0.3971858903606447,-1.2375887294068402,1.004537186246407,1.874051713764492,1.0
477,0.6427987108762425,1.65128745463641,0.8856574314703847,-1.2344919057043904,1.212567527009013,1.9509015239910044,1.0
478,1.1049307778596116,0.5124397902335301,-0.9012029802020228,-1.2313950820019404,2.440746654203648,2.1654068714829027,0.0
479,1.2667107813626497,-1.3915365962730315,-1.6543945823002686,-1.239137141258065,1.6286282085342394,2.390428508795271,1.0
480,-0.512634963175833,-0.2725911240636007,0.7747271201990122,-1.2267498464482658,2.810800625752508,2.3913722783945435,0.0
481,-0.0042667415206505,0.534553337115139,-0.5331160382561021,1.8685254441503216,-0.5996967877113937,-0.9391906374397474,0.0
482,-0.9054994548345404,0.7689569340601972,0.0082995150513407,-1.2422339649605147,2.316728566441314,1.8046172361036947,1.0
483,0.1806201060445644,-0.7878367664050945,-0.7341772274354659,-1.1261030761186468,2.892812587014697,1.5278230950597815,0.0
484,-0.8592969999839162,-0.1863482912253251,0.0681766717035018,-1.141587194630896,2.8408050018240383,1.1910321723478008,0.0
485,-1.575636446719031,-0.8630228258025676,0.9140202951477256,1.7972984989939762,-0.6156991216162008,-0.9316404806455636,0.0
486,-1.3676539883653689,-0.5534331694600363,0.6177859411843973,-1.239137141258065,2.5687653254421754,2.3139831712541605,1.0
487,1.2436023325470826,-1.519795168186365,-1.6884300187130776,1.8360087952745987,-0.5996967877113937,-0.9405388797244232,0.0
488,1.405367893269611,-1.5927698728956745,-1.9720586554864727,-1.2282982582994906,0.0083919006716174,2.1147129615790976,0.0
489,-0.6975105774673183,1.936552209409169,0.4293304691949621,-1.172555431655394,2.386738777274892,2.061322567105941,0.0
490,-0.2584468404647669,-0.9558997227053264,0.1116663960087556,-1.2375887294068402,0.3264382870298327,2.100691241818471,1.0
491,1.1973918539295088,-1.4269182712836064,-1.7476768895057393,-1.2313950820019404,2.280723315155477,2.357531397049185,0.0
492,1.6826339744818346,0.1143959463645634,-2.2947650155486503,-1.2375887294068402,2.122700267845432,1.9986293008685228,1.0
493,-0.9748344298015807,1.2665117388964056,0.2881464366677594,1.7972984989939762,-0.5996967877113937,-0.9278654022484718,0.0
494,0.8045498288182611,1.803870928119512,1.6747753275599266,-1.2019752568286672,2.2127133960600114,1.6946006656741608,0.0
495,0.4810379644138842,-0.2040391287306106,0.976418595237871,-1.239137141258065,0.9785333936510848,2.248593420447391,1.0
496,1.4284923896190775,-1.7940031495183175,-1.8970546382063969,-1.239137141258065,0.698492550316804,2.118353215747722,1.0
497,-1.2983190133983282,-0.701593933566819,0.6095922250109448,-1.2267498464482658,1.9426740114162453,2.420224663286603,0.0
498,-1.3445214682489524,-0.902827210189466,0.5805990754741089,-1.2422339649605147,2.3807379020605857,2.350925009854274,1.0
499,1.1049307778596116,0.5124397902335301,-0.9012029802020228,-1.2282982582994906,2.440746654203648,2.162171089999681,0.0
500,-1.3214306717206752,-0.8851363726841764,0.5610602138297178,1.834460383423374,-0.6176994133543123,-0.9439094854361122,0.0
501,1.1049307778596116,0.5124397902335301,-0.9012029802020228,-1.2375887294068402,2.438746362465536,2.165272047254435,1.0
502,0.5965866275052787,1.3638113451754874,0.906456864833768,-1.2375887294068402,0.8845196819602967,2.05862608253659,1.0
503,0.5965866275052787,1.3638113451754874,0.906456864833768,-1.2313950820019404,0.8825193902221852,2.0591653794504605,0.0
504,1.1973918539295088,-1.4269182712836064,-1.7476768895057393,1.8360087952745987,-0.5956962042351848,-0.9406737039528906,0.0
505,1.382262653960824,-1.5087383947455586,-1.9752100847839569,-1.188039550167643,0.7645021776741724,2.152868218235419,0.0
506,0.8045498288182611,1.803870928119512,1.6747753275599266,1.7198779064327308,-0.581694162068475,-0.9135740340309096,0.0
507,-0.6281756025002777,1.4367860498848009,0.8535128526360672,-1.2344919057043904,2.486753364179986,2.1911582991202074,1.0
508,-0.6512888655760145,1.8171390562484784,0.7287162524557719,-1.2190077871921412,2.482752780703791,2.1898100568355323,0.0
509,-0.2584468404647669,-0.9558997227053264,0.1116663960087556,1.837557207125824,-0.6036973711876026,-0.9394602858966824,0.0
510,-1.4831930229364234,0.3863925730083563,0.9474254457010352,-1.2298466701507156,2.4547486963703573,2.097050987649846,0.0
511,0.3885993548914466,-2.1058041605490088,0.0064086574728513,0.1714660552078245,-0.9117422988553028,-0.6160169618029908,0.0
512,1.705768099351641,0.2824589026647952,-2.386156465175636,1.718329494581506,-0.5856947455446839,-0.9180232335703394,0.0
513,-1.6218613681171148,-0.7922594757814179,0.8339739909916761,-1.2344919057043904,2.1627061026074643,1.9266331628668425,1.0
514,-1.7143015823929422,-0.0713578474409537,0.7766179777775016,1.7198779064327308,-0.6076979546637973,-0.9104730767761556,0.0
515,1.2436023325470826,-1.519795168186365,-1.6884300187130776,-1.188039550167643,2.4987551146085982,1.85638973983524,0.0
516,0.7814269372221845,2.206337481364802,1.5556513001150996,0.4037278328915604,-0.8317306293312247,-0.6371843656723988,0.0
517,-0.0736241830351507,0.9060609247261774,-0.0005244869816089,-1.2422339649605147,1.33058473955704,1.7342389888436254,1.0
518,0.8276486491134882,0.888370087220888,1.5796021627759644,-1.2375887294068402,2.132701726535933,1.7138805303450229,1.0
519,1.6826339744818346,0.1143959463645634,-2.2947650155486503,0.1714660552078245,-0.8517335467122407,-0.5641096338429779,0.0
520,-1.4831930229364234,0.3863925730083563,0.9474254457010352,1.8360087952745987,-0.6116985381400061,-0.93406731675798,0.0
521,-1.067240944256219,0.6473324262113467,0.5396304946068395,-1.1106189576063978,3.038833883896144,1.1450571104403604,0.0
522,0.3885993548914466,-2.1058041605490088,0.0064086574728513,-1.2282982582994906,1.2385713196043493,2.386383781941244,0.0
523,1.4747173110171614,-1.5529654885087762,-1.7293985995803447,-1.2422339649605147,0.8785188067459906,2.0319308853000115,1.0
524,-1.575636446719031,-0.8630228258025676,0.9140202951477256,-1.0022301280206545,0.3324391622441389,0.3679302575533081,0.0
525,-0.6975105774673183,1.936552209409169,0.4293304691949621,1.7198779064327308,-0.5936959124970874,-0.9239554996229123,0.0
526,-0.997930040590028,1.2399754826384772,0.3971858903606447,-1.2313950820019404,1.0065374779845184,1.874051713764492,0.0
527,0.8045498288182611,1.803870928119512,1.6747753275599266,-1.141587194630896,2.21671397953622,1.695814083730369,0.0
528,-1.0210272561318652,1.2377641279503135,0.4898379117066204,-1.2375887294068402,1.1005511896753064,1.8411546020184053,1.0
529,1.6826339744818346,0.1143959463645634,-2.2947650155486503,-1.2313950820019404,2.132701726535933,1.99822482818312,0.0
530,-0.5588374180264571,0.4284083120834142,0.8264105606777186,-1.2375887294068402,2.7067854553712043,2.337442587007517,1.0
531,-0.5588374180264571,0.4284083120834142,0.8264105606777186,-1.2329434938531654,2.700784580156898,2.33838635660679,0.0
532,1.1742930336342816,-1.3981706603375106,-1.5396825558719152,-1.2422339649605147,2.2467183556077512,2.3687218080119927,1.0
533,-0.4202043774203453,0.9193290528551396,0.4671476207647477,-1.2360403175556152,1.6926375441534962,2.406877064668314,1.0
534,0.0881798917687368,0.8574111215866363,-0.7253532254025139,1.865428620447872,-0.5996967877113937,-0.9329887229302392,0.0
535,1.705768099351641,0.2824589026647952,-2.386156465175636,1.6811676101521082,-0.5836944538065724,-0.911956143289299,0.0
536,0.6427987108762425,1.65128745463641,0.8856574314703847,-1.2329434938531654,1.212567527009013,1.9507666997625368,0.0
537,1.6826339744818346,0.1143959463645634,-2.2947650155486503,-1.239137141258065,2.0866950165595948,1.998359652411588,1.0
538,-1.5525215788899045,-0.7856254117169348,0.9436437305440564,-1.171007019804169,2.280723315155477,1.886455542783508,0.0
539,0.1343919751397007,-0.0536670099356682,-0.8035086719800739,-1.1261030761186468,2.910815212657616,1.5666524728584406,0.0
540,1.1973918539295088,-1.4269182712836064,-1.7476768895057393,-1.2174593753409162,2.280723315155477,2.3572617485922494,0.0
541,-1.2983190133983282,-0.701593933566819,0.6095922250109448,-1.2282982582994906,1.9446743031543432,2.4198201906012,0.0
542,-1.6680638229677387,-0.4893038835033695,0.748885399959658,-1.2344919057043904,2.218714271274317,1.7833150080058198,1.0
543,0.3885993548914466,-2.1058041605490088,0.0064086574728513,-1.2360403175556152,1.2325704443900432,2.385440012341971,1.0
544,1.405367893269611,-1.5927698728956745,-1.9720586554864727,1.837557207125824,-0.5916956207589902,-0.9280002264769396,0.0
545,0.7814269372221845,2.206337481364802,1.5556513001150996,0.1714660552078245,-0.8557341301884495,-0.5557505316779888,0.0
546,-0.2122235238200731,-0.4074837600414173,0.5471939249207971,1.89949368117482,-0.5996967877113937,-0.9350110863572528,0.0
547,-1.5525215788899045,-0.7856254117169348,0.9436437305440564,0.0568835782171814,-0.8217291706407095,-0.5150336146807837,0.0
548,0.8276486491134882,0.888370087220888,1.5796021627759644,-1.239137141258065,2.130701434797836,1.7138805303450229,1.0
549,0.8045498288182611,1.803870928119512,1.6747753275599266,1.6424573138714855,-0.5776935785922661,-0.9021139746111668,0.0
550,1.6133391183495434,-0.5180514944494614,-1.9695375120484884,-1.24068555310929,1.384592616485796,1.821065791976738,1.0
551,1.2436023325470826,-1.519795168186365,-1.6884300187130776,-1.157071313143145,2.5347603658944355,1.438973928499655,0.0
552,-1.5987529193015475,-0.81879573203935,0.8951117193628316,-1.2422339649605147,2.23071602170293,1.9327002531478832,1.0
553,0.6196645860064361,1.5517764936691685,0.9285168699161436,-1.2360403175556152,1.1325558574849348,2.00267402772255,1.0
554,0.0650778619667298,0.9923037575644528,-0.7291349405594927,-1.1261030761186468,2.5647647419659667,1.549394971614592,0.0
555,-0.6744037334051413,2.120094648526526,0.5553876410942497,-1.2267498464482658,2.3947399442272954,2.213404296817356,0.0
556,-1.4831930229364234,0.3863925730083563,0.9474254457010352,-1.2422339649605147,2.4607495715846635,2.0959723938221058,1.0
557,-1.3676539883653689,-0.5534331694600363,0.6177859411843973,-1.157071313143145,2.8408050018240383,1.7133412334311524,0.0
558,1.382262653960824,-1.5087383947455586,-1.9752100847839569,-1.2282982582994906,0.1224085297434355,2.139250971160195,0.0
559,-1.0210272561318652,1.2377641279503135,0.4898379117066204,-1.2360403175556152,1.1065520648896126,1.840076008190665,1.0
560,1.1742930336342816,-1.3981706603375106,-1.5396825558719152,-1.24068555310929,2.23071602170293,2.3703396987536034,1.0
561,-1.3445214682489524,-0.902827210189466,0.5805990754741089,-1.2360403175556152,2.388739069012989,2.351194658311209,1.0
562,1.4515992336812549,-1.798425858894641,-1.7936877572489796,0.2101763514884471,-0.8397317962836282,-0.5847377407985155,0.0
563,1.1973918539295088,-1.4269182712836064,-1.7476768895057393,-1.2298466701507156,2.27872302341738,2.357666221277652,0.0
564,1.1049307778596116,0.5124397902335301,-0.9012029802020228,-1.2360403175556152,2.4347457789893414,2.165811344168305,1.0
565,1.128068112236198,-0.3256636365794611,-1.1167607441498044,-1.2282982582994906,2.506756281561016,2.2205499809261373,0.0
566,-0.6050671536847108,1.0365308513276703,0.9058265789742708,-1.2298466701507156,2.530759782418227,2.2766368599686446,0.0
567,0.3654925108292696,-2.859876109211888,-0.1618776670126977,1.8360087952745987,-0.5976964959732963,-0.9360896801849934,0.0
568,0.7814269372221845,2.206337481364802,1.5556513001150996,-1.0006817161694297,0.7044934255311103,0.5185289207515799,0.0
569,1.4747173110171614,-1.5529654885087762,-1.7293985995803447,-1.24068555310929,0.8785188067459906,2.031661236843077,1.0
570,1.705768099351641,0.2824589026647952,-2.386156465175636,-1.0177142465329034,0.0163930676240209,0.2612842928354631,0.0
571,1.6364411481515504,-0.2792251881280838,-2.0760558223033847,1.8360087952745987,-0.5976964959732963,-0.9354155590426556,0.0
572,-0.0966909082625784,1.047587624768477,0.1538955485950171,1.871622267852772,-0.5996967877113937,-0.9379772193835392,0.0
573,-0.4433015929621824,0.4350423761478972,0.6316522300933203,-1.2422339649605147,1.7726492136775744,2.431010601564008,1.0
574,-1.4600829693674666,0.7291525496733029,0.9335591567921144,0.2504350596202947,-0.8357312128074335,-0.5940406125627776,0.0
575,-0.6975105774673183,1.936552209409169,0.4293304691949621,1.6424573138714855,-0.5876950372827813,-0.912899912888572,0.0
576,0.8507474694087154,0.090071044794791,1.3816924028940822,1.8592349730429725,-0.5916956207589902,-0.9348762621287852,0.0
577,0.7121192430627734,1.2200732904450282,1.1510077783183854,-1.1106189576063978,2.414742861608312,1.0048399128340917,0.0
578,1.6595592254874572,-0.01386262554877,-2.178792417401307,-1.2422339649605147,1.842659424511152,1.908836364709124,1.0
579,-0.3739634084883619,1.155944004488361,0.3366784478489864,-1.2329434938531654,1.7986530062728965,2.3340719812958284,0.0
580,0.7814269372221845,2.206337481364802,1.5556513001150996,0.0166248700853338,-0.8197288789026121,-0.4910349020135569,0.0
581,0.7352276918783404,1.4544768873900864,1.277064950217673,-1.2422339649605147,1.568619456391177,1.8585469274907216,1.0
582,-1.5525215788899045,-0.7856254117169348,0.9436437305440564,1.6811676101521082,-0.6056976629256999,-0.9130347371170396,0.0
583,1.6826339744818346,0.1143959463645634,-2.2947650155486503,0.0940454626465792,-0.833730921069322,-0.5104495909128864,0.0
584,-0.6050671536847108,1.0365308513276703,0.9058265789742708,-1.2422339649605147,2.526759198942032,2.27582791459784,1.0
585,-1.4600829693674666,0.7291525496733029,0.9335591567921144,-1.2282982582994906,2.436746070727439,2.1318356385944788,0.0
586,-0.5819571001157539,0.7954931903181293,0.8774637152969299,-1.141587194630896,2.958822214372065,1.504902976220295,0.0
587,1.1973918539295088,-1.4269182712836064,-1.7476768895057393,-1.2267498464482658,2.280723315155477,2.35780104550612,0.0
588,-0.4433015929621824,0.4350423761478972,0.6316522300933203,-1.2298466701507156,1.7806503806299778,2.4316847227063465,0.0
589,1.0587235087488176,1.138253166983072,-0.7240926536835239,1.832911971572149,-0.581694162068475,-0.9273261053346016,0.0
590,1.6364411481515504,-0.2792251881280838,-2.0760558223033847,-1.2344919057043904,1.562618581176871,1.8751303075922323,1.0
591,0.7814269372221845,2.206337481364802,1.5556513001150996,-0.9867460095084052,0.624481756007032,0.4836094455784801,0.0
592,-1.6449762359462414,-0.61092839135222,0.7589699737115999,1.8189762649111247,-0.6176994133543123,-0.9367638013273312,0.0
593,0.8276486491134882,0.888370087220888,1.5796021627759644,1.8360087952745987,-0.5916956207589902,-0.9315056564170962,0.0
594,0.2499631047785548,0.1829479416975535,-0.4669360230089757,1.8747190915552208,-0.601697079449491,-0.9429657158368392,0.0
595,-1.529427572854847,-0.4694016913099204,0.9549888760149928,0.0166248700853338,-0.823729462378821,-0.5091013486282108,0.0
596,-1.5525215788899045,-0.7856254117169348,0.9436437305440564,-1.2267498464482658,2.334731192084233,1.9626312318676824,0.0
597,1.6826339744818346,0.1143959463645634,-2.2947650155486503,-1.2282982582994906,2.132701726535933,1.9988989493254583,0.0
598,-1.529427572854847,-0.4694016913099204,0.9549888760149928,-1.2360403175556152,2.3467329425128454,2.033413951813156,1.0
599,1.705768099351641,0.2824589026647952,-2.386156465175636,0.5198587217334284,-0.7477183763309376,-0.6601044845118851,0.0
