,Knn_light_kappa,Knn_light_F1,Knn_gradient_kappa,Knn_gradient_F1,Knn_catboost_kappa,Knn_catboost_F1,light_gradient_kappa,light_gradient_F1,light_catboost_kappa,light_catboost_F1,gradient_catboost_kappa,gradient_catboost_F1,lg_gb_cb_kappa,lg_gb_cb_F1,Knn_gb_cb_kappa,Knn_gb_cb_F1,Knn_lg_cb_kappa,Knn_lg_cb_F1,Knn_lg_gb_kappa,Knn_lg_gb_F1,Knn_lg_gb_cb_kappa,Knn_lg_gb_cb_F1
0,0.2900949313305763,0.2906976744186046,0.2900949313305763,0.2906976744186046,0.2900949313305763,0.2906976744186046,0.0,0.0,0.0,0.0,0.2068368003285683,0.2073170731707317,0.0,0.0,0.21768328787089,0.2181818181818182,0.21768328787089,0.2181818181818182,0.0,0.0,0.20683680032856833,0.20731707317073172
1,0.2900949313305763,0.2906976744186046,0.2900949313305763,0.2906976744186046,0.4680216743194133,0.4687499999999999,0.0,0.0,0.2494519642297922,0.25,0.566565167941764,0.5673076923076923,0.0,0.0,0.3750048078328443,0.3756906077348066,0.4186427810993769,0.4193548387096774,0.0,0.0,0.42709163346613543,0.42780748663101603
2,0.3750048078328443,0.3756906077348066,0.3750048078328443,0.3756906077348066,0.4680216743194133,0.4687499999999999,0.0,0.0,0.2999634689381369,0.3005780346820809,0.7093392994409188,0.7099567099567099,0.184744233990465,0.1851851851851852,0.3383279454446778,0.3389830508474576,0.3193638560657528,0.32,0.0,0.0,0.7313271892352935,0.7319148936170213
3,0.3688238134229752,0.3695652173913044,0.3688238134229752,0.3695652173913044,0.5365861772154005,0.5373134328358209,0.0,0.0,0.372921942300189,0.3736263736263736,0.7204272644284896,0.721030042918455,0.2494519642297922,0.25,0.3927448035317267,0.3934426229508196,0.5581022777092612,0.5588235294117647,0.2883926171850483,0.2890173410404624,0.7282148387988437,0.728813559322034
4,0.5286424295565453,0.5294117647058824,0.3688238134229752,0.3695652173913044,0.5260459635450291,0.526829268292683,0.0,0.0,0.5802167385191879,0.580952380952381,0.7313271892352935,0.7319148936170213,0.4813054540104027,0.482051282051282,0.4186427810993769,0.4193548387096774,0.6323280308967181,0.6330275229357798,0.2883926171850483,0.2890173410404624,0.7282148387988437,0.728813559322034
5,0.5286424295565453,0.5294117647058824,0.3776316205438393,0.3783783783783783,0.5558082218790049,0.5566037735849056,0.0,0.0,0.7204272644284896,0.721030042918455,0.7313271892352935,0.7319148936170213,0.7204272644284896,0.721030042918455,0.4600063291046942,0.4607329842931937,0.6659902853808732,0.6666666666666667,0.4890497462304094,0.4897959183673469,0.7251286575503602,0.7257383966244726
6,0.641833377262621,0.6425339366515836,0.3776316205438393,0.3783783783783783,0.6630506626027195,0.6637554585152838,0.0,0.0,0.7313271892352935,0.7319148936170213,0.7313271892352935,0.7319148936170213,0.7313271892352935,0.7319148936170213,0.5925954565877345,0.5933014354066986,0.7494328260422584,0.75,0.4163830658673715,0.4171122994652406,0.7313271892352935,0.7319148936170213
7,0.665973477888256,0.6666666666666667,0.3776316205438393,0.3783783783783783,0.665973477888256,0.6666666666666667,0.0,0.0,0.7313271892352935,0.7319148936170213,0.7313271892352935,0.7319148936170213,0.7313271892352935,0.7319148936170213,0.6718964098908378,0.672566371681416,0.7494328260422584,0.75,0.4163830658673715,0.4171122994652406,0.6444913920978109,0.6451612903225806
8,0.665973477888256,0.6666666666666667,0.3776316205438393,0.3783783783783783,0.665973477888256,0.6666666666666667,0.0,0.0,0.7313271892352935,0.7319148936170213,0.7313271892352935,0.7319148936170213,0.7313271892352935,0.7319148936170213,0.6950092533453236,0.6956521739130435,0.7494328260422584,0.75,0.4528339002617587,0.4536082474226804,0.7629453703692992,0.7634854771784232
9,0.665973477888256,0.6666666666666667,0.3776316205438393,0.3783783783783783,0.665973477888256,0.6666666666666667,0.0,0.0,0.7313271892352935,0.7319148936170213,0.7313271892352935,0.7319148936170213,0.7313271892352935,0.7319148936170213,0.7118250264109046,0.7124463519313305,0.7494328260422584,0.75,0.5774503731505901,0.5781990521327014,0.7629453703692992,0.7634854771784232
10,0.665973477888256,0.6666666666666667,0.3776316205438393,0.3783783783783783,0.665973477888256,0.6666666666666667,0.0,0.0,0.7313271892352935,0.7319148936170213,0.7313271892352935,0.7319148936170213,0.7313271892352935,0.7319148936170213,0.6950092533453236,0.6956521739130435,0.7494328260422584,0.75,0.5841608885675791,0.5849056603773585,0.759779722233423,0.7603305785123967
11,0.665973477888256,0.6666666666666667,0.3755792834030345,0.3763440860215054,0.665973477888256,0.6666666666666667,0.0,0.0,0.7313271892352935,0.7319148936170213,0.7313271892352935,0.7319148936170213,0.7313271892352935,0.7319148936170213,0.6950092533453236,0.6956521739130435,0.7494328260422584,0.75,0.6294253066647324,0.6301369863013699,0.7577850651741831,0.7583333333333334
12,0.665973477888256,0.6666666666666667,0.3776316205438393,0.3783783783783783,0.665973477888256,0.6666666666666667,0.0,0.0,0.7313271892352935,0.7319148936170213,0.7313271892352935,0.7319148936170213,0.7313271892352935,0.7319148936170213,0.7389126612541423,0.7394957983193278,0.7494328260422584,0.75,0.641833377262621,0.6425339366515836,0.7577850651741831,0.7583333333333334
13,0.665973477888256,0.6666666666666667,0.3776316205438393,0.3783783783783783,0.665973477888256,0.6666666666666667,0.0,0.0,0.7313271892352935,0.7319148936170213,0.7313271892352935,0.7319148936170213,0.7313271892352935,0.7319148936170213,0.7494328260422584,0.75,0.7494328260422584,0.75,0.6659902853808732,0.6666666666666667,0.7629453703692992,0.7634854771784232
14,0.665973477888256,0.6666666666666667,0.3776316205438393,0.3783783783783783,0.665973477888256,0.6666666666666667,0.0,0.0,0.7313271892352935,0.7319148936170213,0.7313271892352935,0.7319148936170213,0.7313271892352935,0.7319148936170213,0.7494328260422584,0.75,0.7494328260422584,0.75,0.6659902853808732,0.6666666666666667,0.7629453703692992,0.7634854771784232
15,0.665973477888256,0.6666666666666667,0.4240686190318804,0.4248704663212435,0.665973477888256,0.6666666666666667,0.0,0.0,0.7313271892352935,0.7319148936170213,0.7313271892352935,0.7319148936170213,0.7313271892352935,0.7319148936170213,0.7494328260422584,0.75,0.7494328260422584,0.75,0.6659902853808732,0.6666666666666667,0.7629453703692992,0.7634854771784232
16,0.665973477888256,0.6666666666666667,0.4240686190318804,0.4248704663212435,0.665973477888256,0.6666666666666667,0.0,0.0,0.7313271892352935,0.7319148936170213,0.7313271892352935,0.7319148936170213,0.7313271892352935,0.7319148936170213,0.7494328260422584,0.75,0.7494328260422584,0.75,0.6835538211572951,0.6842105263157895,0.7629453703692992,0.7634854771784232
17,0.665973477888256,0.6666666666666667,0.4240686190318804,0.4248704663212435,0.665973477888256,0.6666666666666667,0.0,0.0,0.7313271892352935,0.7319148936170213,0.7313271892352935,0.7319148936170213,0.7313271892352935,0.7319148936170213,0.7494328260422584,0.75,0.7494328260422584,0.75,0.6659902853808732,0.6666666666666667,0.7629453703692992,0.7634854771784232
18,0.665973477888256,0.6666666666666667,0.4240686190318804,0.4248704663212435,0.665973477888256,0.6666666666666667,0.0,0.0,0.7313271892352935,0.7319148936170213,0.7313271892352935,0.7319148936170213,0.7313271892352935,0.7319148936170213,0.7494328260422584,0.75,0.7494328260422584,0.75,0.6659902853808732,0.6666666666666667,0.7629453703692992,0.7634854771784232
19,0.665973477888256,0.6666666666666667,0.4240686190318804,0.4248704663212435,0.665973477888256,0.6666666666666667,0.0,0.0,0.7313271892352935,0.7319148936170213,0.7313271892352935,0.7319148936170213,0.7313271892352935,0.7319148936170213,0.7494328260422584,0.75,0.7494328260422584,0.75,0.6659902853808732,0.6666666666666667,0.7629453703692992,0.7634854771784232
20,0.665973477888256,0.6666666666666667,0.4240686190318804,0.4248704663212435,0.665973477888256,0.6666666666666667,0.0,0.0,0.7313271892352935,0.7319148936170213,0.7313271892352935,0.7319148936170213,0.7313271892352935,0.7319148936170213,0.7494328260422584,0.75,0.7494328260422584,0.75,0.6659902853808732,0.6666666666666667,0.7629453703692992,0.7634854771784232
21,0.665973477888256,0.6666666666666667,0.4240686190318804,0.4248704663212435,0.665973477888256,0.6666666666666667,0.0,0.0,0.7313271892352935,0.7319148936170213,0.7313271892352935,0.7319148936170213,0.7313271892352935,0.7319148936170213,0.7494328260422584,0.75,0.7494328260422584,0.75,0.6659902853808732,0.6666666666666667,0.7629453703692992,0.7634854771784232
22,0.665973477888256,0.6666666666666667,0.5652591107751963,0.5660377358490566,0.665973477888256,0.6666666666666667,0.0,0.0,0.7313271892352935,0.7319148936170213,0.7313271892352935,0.7319148936170213,0.7313271892352935,0.7319148936170213,0.7494328260422584,0.75,0.7494328260422584,0.75,0.6659902853808732,0.6666666666666667,0.7629453703692992,0.7634854771784232
23,0.665973477888256,0.6666666666666667,0.5652591107751963,0.5660377358490566,0.665973477888256,0.6666666666666667,0.0,0.0,0.7313271892352935,0.7319148936170213,0.7313271892352935,0.7319148936170213,0.7313271892352935,0.7319148936170213,0.7494328260422584,0.75,0.7494328260422584,0.75,0.6659902853808732,0.6666666666666667,0.7629453703692992,0.7634854771784232
24,0.665973477888256,0.6666666666666667,0.6718025934442073,0.6724890829694324,0.665973477888256,0.6666666666666667,0.0,0.0,0.7313271892352935,0.7319148936170213,0.7313271892352935,0.7319148936170213,0.7313271892352935,0.7319148936170213,0.7494328260422584,0.75,0.7494328260422584,0.75,0.6835538211572951,0.6842105263157895,0.7629453703692992,0.7634854771784232
25,0.665973477888256,0.6666666666666667,0.6718025934442073,0.6724890829694324,0.665973477888256,0.6666666666666667,0.0,0.0,0.7313271892352935,0.7319148936170213,0.7313271892352935,0.7319148936170213,0.7313271892352935,0.7319148936170213,0.7494328260422584,0.75,0.7494328260422584,0.75,0.6659902853808732,0.6666666666666667,0.7629453703692992,0.7634854771784232
26,0.665973477888256,0.6666666666666667,0.6718025934442073,0.6724890829694324,0.665973477888256,0.6666666666666667,0.0,0.0,0.7313271892352935,0.7319148936170213,0.7313271892352935,0.7319148936170213,0.7313271892352935,0.7319148936170213,0.7494328260422584,0.75,0.7494328260422584,0.75,0.6659902853808732,0.6666666666666667,0.7629453703692992,0.7634854771784232
27,0.665973477888256,0.6666666666666667,0.6718025934442073,0.6724890829694324,0.665973477888256,0.6666666666666667,0.0,0.0,0.7313271892352935,0.7319148936170213,0.7313271892352935,0.7319148936170213,0.7313271892352935,0.7319148936170213,0.7494328260422584,0.75,0.7494328260422584,0.75,0.7118250264109046,0.7124463519313305,0.7629453703692992,0.7634854771784232
28,0.665973477888256,0.6666666666666667,0.6718025934442073,0.6724890829694324,0.665973477888256,0.6666666666666667,0.0,0.0,0.7313271892352935,0.7319148936170213,0.7313271892352935,0.7319148936170213,0.7313271892352935,0.7319148936170213,0.7494328260422584,0.75,0.7494328260422584,0.75,0.7118250264109046,0.7124463519313305,0.7629453703692992,0.7634854771784232
29,0.665973477888256,0.6666666666666667,0.6718025934442073,0.6724890829694324,0.665973477888256,0.6666666666666667,0.0,0.0,0.7313271892352935,0.7319148936170213,0.7313271892352935,0.7319148936170213,0.7313271892352935,0.7319148936170213,0.7494328260422584,0.75,0.7494328260422584,0.75,0.6659902853808732,0.6666666666666667,0.7629453703692992,0.7634854771784232
30,0.665973477888256,0.6666666666666667,0.6718025934442073,0.6724890829694324,0.665973477888256,0.6666666666666667,0.0,0.0,0.7313271892352935,0.7319148936170213,0.7313271892352935,0.7319148936170213,0.7313271892352935,0.7319148936170213,0.7494328260422584,0.75,0.7494328260422584,0.75,0.7118250264109046,0.7124463519313305,0.7629453703692992,0.7634854771784232
31,0.665973477888256,0.6666666666666667,0.6718025934442073,0.6724890829694324,0.665973477888256,0.6666666666666667,0.0,0.0,0.7313271892352935,0.7319148936170213,0.7313271892352935,0.7319148936170213,0.7313271892352935,0.7319148936170213,0.7494328260422584,0.75,0.7494328260422584,0.75,0.6835538211572951,0.6842105263157895,0.7629453703692992,0.7634854771784232
32,0.665973477888256,0.6666666666666667,0.6718025934442073,0.6724890829694324,0.665973477888256,0.6666666666666667,0.0,0.0,0.7313271892352935,0.7319148936170213,0.7313271892352935,0.7319148936170213,0.7313271892352935,0.7319148936170213,0.7494328260422584,0.75,0.7494328260422584,0.75,0.6835538211572951,0.6842105263157895,0.7629453703692992,0.7634854771784232
33,0.665973477888256,0.6666666666666667,0.6718025934442073,0.6724890829694324,0.665973477888256,0.6666666666666667,0.0,0.0,0.7313271892352935,0.7319148936170213,0.7313271892352935,0.7319148936170213,0.7313271892352935,0.7319148936170213,0.7494328260422584,0.75,0.7494328260422584,0.75,0.6835538211572951,0.6842105263157895,0.7629453703692992,0.7634854771784232
34,0.665973477888256,0.6666666666666667,0.6718025934442073,0.6724890829694324,0.665973477888256,0.6666666666666667,0.0,0.0,0.7313271892352935,0.7319148936170213,0.7313271892352935,0.7319148936170213,0.7313271892352935,0.7319148936170213,0.7494328260422584,0.75,0.7494328260422584,0.75,0.6950092533453236,0.6956521739130435,0.7629453703692992,0.7634854771784232
35,0.665973477888256,0.6666666666666667,0.6718025934442073,0.6724890829694324,0.665973477888256,0.6666666666666667,0.0,0.0,0.7313271892352935,0.7319148936170213,0.7313271892352935,0.7319148936170213,0.7313271892352935,0.7319148936170213,0.7494328260422584,0.75,0.7494328260422584,0.75,0.7118250264109046,0.7124463519313305,0.7629453703692992,0.7634854771784232
36,0.665973477888256,0.6666666666666667,0.6718025934442073,0.6724890829694324,0.665973477888256,0.6666666666666667,0.0,0.0,0.7313271892352935,0.7319148936170213,0.7313271892352935,0.7319148936170213,0.7313271892352935,0.7319148936170213,0.7494328260422584,0.75,0.7494328260422584,0.75,0.6659902853808732,0.6666666666666667,0.7629453703692992,0.7634854771784232
37,0.665973477888256,0.6666666666666667,0.6718025934442073,0.6724890829694324,0.665973477888256,0.6666666666666667,0.0,0.0,0.7313271892352935,0.7319148936170213,0.7313271892352935,0.7319148936170213,0.7313271892352935,0.7319148936170213,0.7494328260422584,0.75,0.7494328260422584,0.75,0.6835538211572951,0.6842105263157895,0.7629453703692992,0.7634854771784232
38,0.665973477888256,0.6666666666666667,0.6718025934442073,0.6724890829694324,0.665973477888256,0.6666666666666667,0.0,0.0,0.7313271892352935,0.7319148936170213,0.7313271892352935,0.7319148936170213,0.7313271892352935,0.7319148936170213,0.7494328260422584,0.75,0.7494328260422584,0.75,0.7118250264109046,0.7124463519313305,0.7629453703692992,0.7634854771784232
39,0.665973477888256,0.6666666666666667,0.6718025934442073,0.6724890829694324,0.665973477888256,0.6666666666666667,0.0,0.0,0.7313271892352935,0.7319148936170213,0.7313271892352935,0.7319148936170213,0.7313271892352935,0.7319148936170213,0.7494328260422584,0.75,0.7494328260422584,0.75,0.7118250264109046,0.7124463519313305,0.7629453703692992,0.7634854771784232
40,0.665973477888256,0.6666666666666667,0.6718025934442073,0.6724890829694324,0.665973477888256,0.6666666666666667,0.0,0.0,0.7313271892352935,0.7319148936170213,0.7313271892352935,0.7319148936170213,0.7313271892352935,0.7319148936170213,0.7494328260422584,0.75,0.7494328260422584,0.75,0.6835538211572951,0.6842105263157895,0.7629453703692992,0.7634854771784232
41,0.665973477888256,0.6666666666666667,0.6718025934442073,0.6724890829694324,0.665973477888256,0.6666666666666667,0.0,0.0,0.7313271892352935,0.7319148936170213,0.7313271892352935,0.7319148936170213,0.7313271892352935,0.7319148936170213,0.7494328260422584,0.75,0.7494328260422584,0.75,0.6659902853808732,0.6666666666666667,0.7629453703692992,0.7634854771784232
42,0.665973477888256,0.6666666666666667,0.6718025934442073,0.6724890829694324,0.665973477888256,0.6666666666666667,0.0,0.0,0.7313271892352935,0.7319148936170213,0.7313271892352935,0.7319148936170213,0.7313271892352935,0.7319148936170213,0.7494328260422584,0.75,0.7494328260422584,0.75,0.6950092533453236,0.6956521739130435,0.7577850651741831,0.7583333333333334
43,0.665973477888256,0.6666666666666667,0.6718025934442073,0.6724890829694324,0.665973477888256,0.6666666666666667,0.0,0.0,0.7313271892352935,0.7319148936170213,0.7313271892352935,0.7319148936170213,0.7313271892352935,0.7319148936170213,0.7494328260422584,0.75,0.7494328260422584,0.75,0.6835538211572951,0.6842105263157895,0.7629453703692992,0.7634854771784232
44,0.665973477888256,0.6666666666666667,0.6718025934442073,0.6724890829694324,0.665973477888256,0.6666666666666667,0.0,0.0,0.7313271892352935,0.7319148936170213,0.7313271892352935,0.7319148936170213,0.7313271892352935,0.7319148936170213,0.7494328260422584,0.75,0.7494328260422584,0.75,0.6835538211572951,0.6842105263157895,0.7629453703692992,0.7634854771784232
45,0.665973477888256,0.6666666666666667,0.6718025934442073,0.6724890829694324,0.665973477888256,0.6666666666666667,0.0,0.0,0.7313271892352935,0.7319148936170213,0.7313271892352935,0.7319148936170213,0.7313271892352935,0.7319148936170213,0.7494328260422584,0.75,0.7494328260422584,0.75,0.6835538211572951,0.6842105263157895,0.7629453703692992,0.7634854771784232
46,0.665973477888256,0.6666666666666667,0.6718025934442073,0.6724890829694324,0.665973477888256,0.6666666666666667,0.0,0.0,0.7313271892352935,0.7319148936170213,0.7313271892352935,0.7319148936170213,0.7313271892352935,0.7319148936170213,0.7494328260422584,0.75,0.7494328260422584,0.75,0.6950092533453236,0.6956521739130435,0.7629453703692992,0.7634854771784232
47,0.665973477888256,0.6666666666666667,0.6718025934442073,0.6724890829694324,0.665973477888256,0.6666666666666667,0.0,0.0,0.7313271892352935,0.7319148936170213,0.7313271892352935,0.7319148936170213,0.7313271892352935,0.7319148936170213,0.7494328260422584,0.75,0.7494328260422584,0.75,0.6659902853808732,0.6666666666666667,0.7577850651741831,0.7583333333333334
48,0.665973477888256,0.6666666666666667,0.6718025934442073,0.6724890829694324,0.665973477888256,0.6666666666666667,0.0,0.0,0.7313271892352935,0.7319148936170213,0.7313271892352935,0.7319148936170213,0.7313271892352935,0.7319148936170213,0.7494328260422584,0.75,0.7494328260422584,0.75,0.6835538211572951,0.6842105263157895,0.7629453703692992,0.7634854771784232
49,0.665973477888256,0.6666666666666667,0.6718025934442073,0.6724890829694324,0.665973477888256,0.6666666666666667,0.0,0.0,0.7313271892352935,0.7319148936170213,0.7313271892352935,0.7319148936170213,0.7313271892352935,0.7319148936170213,0.7494328260422584,0.75,0.7494328260422584,0.75,0.6835538211572951,0.6842105263157895,0.7629453703692992,0.7634854771784232
50,0.665973477888256,0.6666666666666667,0.6718025934442073,0.6724890829694324,0.665973477888256,0.6666666666666667,0.0,0.0,0.7313271892352935,0.7319148936170213,0.7313271892352935,0.7319148936170213,0.7313271892352935,0.7319148936170213,0.7494328260422584,0.75,0.7494328260422584,0.75,0.6950092533453236,0.6956521739130435,0.7629453703692992,0.7634854771784232
51,0.665973477888256,0.6666666666666667,0.6718025934442073,0.6724890829694324,0.665973477888256,0.6666666666666667,0.0,0.0,0.7313271892352935,0.7319148936170213,0.7313271892352935,0.7319148936170213,0.7313271892352935,0.7319148936170213,0.7494328260422584,0.75,0.7494328260422584,0.75,0.7118250264109046,0.7124463519313305,0.7629453703692992,0.7634854771784232
52,0.665973477888256,0.6666666666666667,0.6718025934442073,0.6724890829694324,0.665973477888256,0.6666666666666667,0.0,0.0,0.7313271892352935,0.7319148936170213,0.7313271892352935,0.7319148936170213,0.7313271892352935,0.7319148936170213,0.7494328260422584,0.75,0.7494328260422584,0.75,0.6659902853808732,0.6666666666666667,0.7577850651741831,0.7583333333333334
53,0.665973477888256,0.6666666666666667,0.6718025934442073,0.6724890829694324,0.665973477888256,0.6666666666666667,0.0,0.0,0.7313271892352935,0.7319148936170213,0.7313271892352935,0.7319148936170213,0.7313271892352935,0.7319148936170213,0.7494328260422584,0.75,0.7494328260422584,0.75,0.6950092533453236,0.6956521739130435,0.7629453703692992,0.7634854771784232
54,0.665973477888256,0.6666666666666667,0.6718025934442073,0.6724890829694324,0.665973477888256,0.6666666666666667,0.0,0.0,0.7313271892352935,0.7319148936170213,0.7313271892352935,0.7319148936170213,0.7313271892352935,0.7319148936170213,0.7494328260422584,0.75,0.7494328260422584,0.75,0.6835538211572951,0.6842105263157895,0.7577850651741831,0.7583333333333334
55,0.665973477888256,0.6666666666666667,0.6718025934442073,0.6724890829694324,0.665973477888256,0.6666666666666667,0.0,0.0,0.7313271892352935,0.7319148936170213,0.7313271892352935,0.7319148936170213,0.7313271892352935,0.7319148936170213,0.7494328260422584,0.75,0.7494328260422584,0.75,0.6835538211572951,0.6842105263157895,0.7629453703692992,0.7634854771784232
56,0.665973477888256,0.6666666666666667,0.6718025934442073,0.6724890829694324,0.665973477888256,0.6666666666666667,0.0,0.0,0.7313271892352935,0.7319148936170213,0.7313271892352935,0.7319148936170213,0.7313271892352935,0.7319148936170213,0.7494328260422584,0.75,0.7494328260422584,0.75,0.6835538211572951,0.6842105263157895,0.7629453703692992,0.7634854771784232
57,0.665973477888256,0.6666666666666667,0.6718025934442073,0.6724890829694324,0.665973477888256,0.6666666666666667,0.0,0.0,0.7313271892352935,0.7319148936170213,0.7313271892352935,0.7319148936170213,0.7313271892352935,0.7319148936170213,0.7494328260422584,0.75,0.7494328260422584,0.75,0.6659902853808732,0.6666666666666667,0.7629453703692992,0.7634854771784232
58,0.665973477888256,0.6666666666666667,0.6718025934442073,0.6724890829694324,0.665973477888256,0.6666666666666667,0.0,0.0,0.7313271892352935,0.7319148936170213,0.7313271892352935,0.7319148936170213,0.7313271892352935,0.7319148936170213,0.7494328260422584,0.75,0.7494328260422584,0.75,0.6659902853808732,0.6666666666666667,0.7577850651741831,0.7583333333333334
59,0.665973477888256,0.6666666666666667,0.6718025934442073,0.6724890829694324,0.665973477888256,0.6666666666666667,0.0,0.0,0.7313271892352935,0.7319148936170213,0.7313271892352935,0.7319148936170213,0.7313271892352935,0.7319148936170213,0.7494328260422584,0.75,0.7494328260422584,0.75,0.6659902853808732,0.6666666666666667,0.7629453703692992,0.7634854771784232
60,0.665973477888256,0.6666666666666667,0.6718025934442073,0.6724890829694324,0.665973477888256,0.6666666666666667,0.0,0.0,0.7313271892352935,0.7319148936170213,0.7313271892352935,0.7319148936170213,0.7313271892352935,0.7319148936170213,0.7494328260422584,0.75,0.7494328260422584,0.75,0.6659902853808732,0.6666666666666667,0.7629453703692992,0.7634854771784232
61,0.665973477888256,0.6666666666666667,0.6718025934442073,0.6724890829694324,0.665973477888256,0.6666666666666667,0.0,0.0,0.7313271892352935,0.7319148936170213,0.7313271892352935,0.7319148936170213,0.7313271892352935,0.7319148936170213,0.7494328260422584,0.75,0.7494328260422584,0.75,0.6659902853808732,0.6666666666666667,0.7629453703692992,0.7634854771784232
62,0.665973477888256,0.6666666666666667,0.6718025934442073,0.6724890829694324,0.665973477888256,0.6666666666666667,0.0,0.0,0.7313271892352935,0.7319148936170213,0.7313271892352935,0.7319148936170213,0.7313271892352935,0.7319148936170213,0.7494328260422584,0.75,0.7494328260422584,0.75,0.6659902853808732,0.6666666666666667,0.7525817330068718,0.7531380753138075
63,0.665973477888256,0.6666666666666667,0.6718025934442073,0.6724890829694324,0.665973477888256,0.6666666666666667,0.0,0.0,0.7313271892352935,0.7319148936170213,0.7313271892352935,0.7319148936170213,0.7313271892352935,0.7319148936170213,0.7494328260422584,0.75,0.7494328260422584,0.75,0.6659902853808732,0.6666666666666667,0.7577850651741831,0.7583333333333334
64,0.665973477888256,0.6666666666666667,0.6718025934442073,0.6724890829694324,0.665973477888256,0.6666666666666667,0.0,0.0,0.7313271892352935,0.7319148936170213,0.7313271892352935,0.7319148936170213,0.7313271892352935,0.7319148936170213,0.7494328260422584,0.75,0.7494328260422584,0.75,0.6659902853808732,0.6666666666666667,0.7577850651741831,0.7583333333333334
65,0.665973477888256,0.6666666666666667,0.6718025934442073,0.6724890829694324,0.665973477888256,0.6666666666666667,0.0,0.0,0.7313271892352935,0.7319148936170213,0.7313271892352935,0.7319148936170213,0.7313271892352935,0.7319148936170213,0.7494328260422584,0.75,0.7494328260422584,0.75,0.6659902853808732,0.6666666666666667,0.7629453703692992,0.7634854771784232
66,0.665973477888256,0.6666666666666667,0.6718025934442073,0.6724890829694324,0.665973477888256,0.6666666666666667,0.0,0.0,0.7313271892352935,0.7319148936170213,0.7313271892352935,0.7319148936170213,0.7313271892352935,0.7319148936170213,0.7494328260422584,0.75,0.7494328260422584,0.75,0.6659902853808732,0.6666666666666667,0.7629453703692992,0.7634854771784232
67,0.665973477888256,0.6666666666666667,0.6718025934442073,0.6724890829694324,0.665973477888256,0.6666666666666667,0.0,0.0,0.7313271892352935,0.7319148936170213,0.7313271892352935,0.7319148936170213,0.7313271892352935,0.7319148936170213,0.7494328260422584,0.75,0.7494328260422584,0.75,0.6659902853808732,0.6666666666666667,0.7629453703692992,0.7634854771784232
68,0.665973477888256,0.6666666666666667,0.6718025934442073,0.6724890829694324,0.665973477888256,0.6666666666666667,0.0,0.0,0.7313271892352935,0.7319148936170213,0.7313271892352935,0.7319148936170213,0.7313271892352935,0.7319148936170213,0.7494328260422584,0.75,0.7494328260422584,0.75,0.6659902853808732,0.6666666666666667,0.7525817330068718,0.7531380753138075
69,0.665973477888256,0.6666666666666667,0.6718025934442073,0.6724890829694324,0.665973477888256,0.6666666666666667,0.0,0.0,0.7313271892352935,0.7319148936170213,0.7313271892352935,0.7319148936170213,0.7313271892352935,0.7319148936170213,0.7494328260422584,0.75,0.7494328260422584,0.75,0.6659902853808732,0.6666666666666667,0.7577850651741831,0.7583333333333334
70,0.665973477888256,0.6666666666666667,0.6718025934442073,0.6724890829694324,0.665973477888256,0.6666666666666667,0.0,0.0,0.7313271892352935,0.7319148936170213,0.7313271892352935,0.7319148936170213,0.7313271892352935,0.7319148936170213,0.7494328260422584,0.75,0.7494328260422584,0.75,0.6659902853808732,0.6666666666666667,0.7577850651741831,0.7583333333333334
71,0.665973477888256,0.6666666666666667,0.6718025934442073,0.6724890829694324,0.665973477888256,0.6666666666666667,0.0,0.0,0.7313271892352935,0.7319148936170213,0.7313271892352935,0.7319148936170213,0.7313271892352935,0.7319148936170213,0.7494328260422584,0.75,0.7494328260422584,0.75,0.6659902853808732,0.6666666666666667,0.7525817330068718,0.7531380753138075
72,0.665973477888256,0.6666666666666667,0.6718025934442073,0.6724890829694324,0.665973477888256,0.6666666666666667,0.0,0.0,0.7313271892352935,0.7319148936170213,0.7313271892352935,0.7319148936170213,0.7313271892352935,0.7319148936170213,0.7494328260422584,0.75,0.7494328260422584,0.75,0.6659902853808732,0.6666666666666667,0.7577850651741831,0.7583333333333334
73,0.665973477888256,0.6666666666666667,0.6718025934442073,0.6724890829694324,0.665973477888256,0.6666666666666667,0.0,0.0,0.7313271892352935,0.7319148936170213,0.7313271892352935,0.7319148936170213,0.7313271892352935,0.7319148936170213,0.7494328260422584,0.75,0.7494328260422584,0.75,0.6659902853808732,0.6666666666666667,0.7525817330068718,0.7531380753138075
74,0.665973477888256,0.6666666666666667,0.6718025934442073,0.6724890829694324,0.665973477888256,0.6666666666666667,0.0,0.0,0.7313271892352935,0.7319148936170213,0.7313271892352935,0.7319148936170213,0.7313271892352935,0.7319148936170213,0.7494328260422584,0.75,0.7494328260422584,0.75,0.6659902853808732,0.6666666666666667,0.7577850651741831,0.7583333333333334
75,0.665973477888256,0.6666666666666667,0.6718025934442073,0.6724890829694324,0.665973477888256,0.6666666666666667,0.0,0.0,0.7313271892352935,0.7319148936170213,0.7313271892352935,0.7319148936170213,0.7313271892352935,0.7319148936170213,0.7494328260422584,0.75,0.7494328260422584,0.75,0.6659902853808732,0.6666666666666667,0.7577850651741831,0.7583333333333334
76,0.665973477888256,0.6666666666666667,0.6718025934442073,0.6724890829694324,0.665973477888256,0.6666666666666667,0.0,0.0,0.7313271892352935,0.7319148936170213,0.7313271892352935,0.7319148936170213,0.7313271892352935,0.7319148936170213,0.7494328260422584,0.75,0.7494328260422584,0.75,0.6659902853808732,0.6666666666666667,0.7577850651741831,0.7583333333333334
77,0.665973477888256,0.6666666666666667,0.6718025934442073,0.6724890829694324,0.665973477888256,0.6666666666666667,0.0,0.0,0.7313271892352935,0.7319148936170213,0.7313271892352935,0.7319148936170213,0.7313271892352935,0.7319148936170213,0.7494328260422584,0.75,0.7494328260422584,0.75,0.6659902853808732,0.6666666666666667,0.7629453703692992,0.7634854771784232
78,0.665973477888256,0.6666666666666667,0.6718025934442073,0.6724890829694324,0.665973477888256,0.6666666666666667,0.0,0.0,0.7313271892352935,0.7319148936170213,0.7313271892352935,0.7319148936170213,0.7313271892352935,0.7319148936170213,0.7494328260422584,0.75,0.7494328260422584,0.75,0.6659902853808732,0.6666666666666667,0.7629453703692992,0.7634854771784232
79,0.665973477888256,0.6666666666666667,0.6718025934442073,0.6724890829694324,0.665973477888256,0.6666666666666667,0.0,0.0,0.7313271892352935,0.7319148936170213,0.7313271892352935,0.7319148936170213,0.7313271892352935,0.7319148936170213,0.7494328260422584,0.75,0.7494328260422584,0.75,0.6659902853808732,0.6666666666666667,0.7577850651741831,0.7583333333333334
80,0.665973477888256,0.6666666666666667,0.6718025934442073,0.6724890829694324,0.665973477888256,0.6666666666666667,0.0,0.0,0.7313271892352935,0.7319148936170213,0.7313271892352935,0.7319148936170213,0.7313271892352935,0.7319148936170213,0.7494328260422584,0.75,0.7494328260422584,0.75,0.6659902853808732,0.6666666666666667,0.7629453703692992,0.7634854771784232
81,0.665973477888256,0.6666666666666667,0.6718025934442073,0.6724890829694324,0.665973477888256,0.6666666666666667,0.0,0.0,0.7313271892352935,0.7319148936170213,0.7313271892352935,0.7319148936170213,0.7313271892352935,0.7319148936170213,0.7494328260422584,0.75,0.7494328260422584,0.75,0.6659902853808732,0.6666666666666667,0.7629453703692992,0.7634854771784232
82,0.665973477888256,0.6666666666666667,0.6718025934442073,0.6724890829694324,0.665973477888256,0.6666666666666667,0.0,0.0,0.7313271892352935,0.7319148936170213,0.7313271892352935,0.7319148936170213,0.7313271892352935,0.7319148936170213,0.7494328260422584,0.75,0.7494328260422584,0.75,0.6659902853808732,0.6666666666666667,0.7629453703692992,0.7634854771784232
83,0.665973477888256,0.6666666666666667,0.6718025934442073,0.6724890829694324,0.665973477888256,0.6666666666666667,0.0,0.0,0.7313271892352935,0.7319148936170213,0.7313271892352935,0.7319148936170213,0.7313271892352935,0.7319148936170213,0.7494328260422584,0.75,0.7494328260422584,0.75,0.6659902853808732,0.6666666666666667,0.7629453703692992,0.7634854771784232
84,0.665973477888256,0.6666666666666667,0.6718025934442073,0.6724890829694324,0.665973477888256,0.6666666666666667,0.0,0.0,0.7313271892352935,0.7319148936170213,0.7313271892352935,0.7319148936170213,0.7313271892352935,0.7319148936170213,0.7494328260422584,0.75,0.7494328260422584,0.75,0.6659902853808732,0.6666666666666667,0.7629453703692992,0.7634854771784232
85,0.665973477888256,0.6666666666666667,0.6718025934442073,0.6724890829694324,0.665973477888256,0.6666666666666667,0.0,0.0,0.7313271892352935,0.7319148936170213,0.7313271892352935,0.7319148936170213,0.7313271892352935,0.7319148936170213,0.7494328260422584,0.75,0.7494328260422584,0.75,0.6659902853808732,0.6666666666666667,0.7577850651741831,0.7583333333333334
86,0.665973477888256,0.6666666666666667,0.6718025934442073,0.6724890829694324,0.665973477888256,0.6666666666666667,0.0,0.0,0.7313271892352935,0.7319148936170213,0.7313271892352935,0.7319148936170213,0.7313271892352935,0.7319148936170213,0.7494328260422584,0.75,0.7494328260422584,0.75,0.6659902853808732,0.6666666666666667,0.7577850651741831,0.7583333333333334
87,0.665973477888256,0.6666666666666667,0.6718025934442073,0.6724890829694324,0.665973477888256,0.6666666666666667,0.0,0.0,0.7313271892352935,0.7319148936170213,0.7313271892352935,0.7319148936170213,0.7313271892352935,0.7319148936170213,0.7494328260422584,0.75,0.7494328260422584,0.75,0.6659902853808732,0.6666666666666667,0.7629453703692992,0.7634854771784232
88,0.665973477888256,0.6666666666666667,0.6718025934442073,0.6724890829694324,0.665973477888256,0.6666666666666667,0.0,0.0,0.7313271892352935,0.7319148936170213,0.7313271892352935,0.7319148936170213,0.7313271892352935,0.7319148936170213,0.7494328260422584,0.75,0.7494328260422584,0.75,0.6659902853808732,0.6666666666666667,0.7577850651741831,0.7583333333333334
89,0.665973477888256,0.6666666666666667,0.6718025934442073,0.6724890829694324,0.665973477888256,0.6666666666666667,0.0,0.0,0.7313271892352935,0.7319148936170213,0.7313271892352935,0.7319148936170213,0.7313271892352935,0.7319148936170213,0.7494328260422584,0.75,0.7494328260422584,0.75,0.6659902853808732,0.6666666666666667,0.7629453703692992,0.7634854771784232
90,0.665973477888256,0.6666666666666667,0.6718025934442073,0.6724890829694324,0.665973477888256,0.6666666666666667,0.0,0.0,0.7313271892352935,0.7319148936170213,0.7313271892352935,0.7319148936170213,0.7313271892352935,0.7319148936170213,0.7494328260422584,0.75,0.7494328260422584,0.75,0.6659902853808732,0.6666666666666667,0.7629453703692992,0.7634854771784232
91,0.665973477888256,0.6666666666666667,0.6718025934442073,0.6724890829694324,0.665973477888256,0.6666666666666667,0.0,0.0,0.7313271892352935,0.7319148936170213,0.7313271892352935,0.7319148936170213,0.7313271892352935,0.7319148936170213,0.7494328260422584,0.75,0.7494328260422584,0.75,0.6659902853808732,0.6666666666666667,0.7629453703692992,0.7634854771784232
92,0.665973477888256,0.6666666666666667,0.6718025934442073,0.6724890829694324,0.665973477888256,0.6666666666666667,0.0,0.0,0.7313271892352935,0.7319148936170213,0.7313271892352935,0.7319148936170213,0.7313271892352935,0.7319148936170213,0.7494328260422584,0.75,0.7494328260422584,0.75,0.6659902853808732,0.6666666666666667,0.7629453703692992,0.7634854771784232
93,0.665973477888256,0.6666666666666667,0.6718025934442073,0.6724890829694324,0.665973477888256,0.6666666666666667,0.0,0.0,0.7313271892352935,0.7319148936170213,0.7313271892352935,0.7319148936170213,0.7313271892352935,0.7319148936170213,0.7494328260422584,0.75,0.7494328260422584,0.75,0.6659902853808732,0.6666666666666667,0.7629453703692992,0.7634854771784232
94,0.665973477888256,0.6666666666666667,0.6718025934442073,0.6724890829694324,0.665973477888256,0.6666666666666667,0.0,0.0,0.7313271892352935,0.7319148936170213,0.7313271892352935,0.7319148936170213,0.7313271892352935,0.7319148936170213,0.7494328260422584,0.75,0.7494328260422584,0.75,0.6659902853808732,0.6666666666666667,0.7629453703692992,0.7634854771784232
95,0.665973477888256,0.6666666666666667,0.6718025934442073,0.6724890829694324,0.665973477888256,0.6666666666666667,0.0,0.0,0.7313271892352935,0.7319148936170213,0.7313271892352935,0.7319148936170213,0.7313271892352935,0.7319148936170213,0.7494328260422584,0.75,0.7494328260422584,0.75,0.6659902853808732,0.6666666666666667,0.7629453703692992,0.7634854771784232
96,0.665973477888256,0.6666666666666667,0.6718025934442073,0.6724890829694324,0.665973477888256,0.6666666666666667,0.0,0.0,0.7313271892352935,0.7319148936170213,0.7313271892352935,0.7319148936170213,0.7313271892352935,0.7319148936170213,0.7494328260422584,0.75,0.7494328260422584,0.75,0.6659902853808732,0.6666666666666667,0.7577850651741831,0.7583333333333334
97,0.665973477888256,0.6666666666666667,0.6718025934442073,0.6724890829694324,0.665973477888256,0.6666666666666667,0.0,0.0,0.7313271892352935,0.7319148936170213,0.7313271892352935,0.7319148936170213,0.7313271892352935,0.7319148936170213,0.7494328260422584,0.75,0.7494328260422584,0.75,0.7118250264109046,0.7124463519313305,0.7629453703692992,0.7634854771784232
98,0.665973477888256,0.6666666666666667,0.6718025934442073,0.6724890829694324,0.665973477888256,0.6666666666666667,0.0,0.0,0.7313271892352935,0.7319148936170213,0.7313271892352935,0.7319148936170213,0.7313271892352935,0.7319148936170213,0.7494328260422584,0.75,0.7494328260422584,0.75,0.689306455127183,0.6899563318777294,0.7629453703692992,0.7634854771784232
99,0.665973477888256,0.6666666666666667,0.6718025934442073,0.6724890829694324,0.665973477888256,0.6666666666666667,0.0,0.0,0.7313271892352935,0.7319148936170213,0.7313271892352935,0.7319148936170213,0.7313271892352935,0.7319148936170213,0.7494328260422584,0.75,0.7494328260422584,0.75,0.6659902853808732,0.6666666666666667,0.7629453703692992,0.7634854771784232
100,0.665973477888256,0.6666666666666667,0.6718025934442073,0.6724890829694324,0.665973477888256,0.6666666666666667,0.0,0.0,0.7313271892352935,0.7319148936170213,0.7313271892352935,0.7319148936170213,0.7313271892352935,0.7319148936170213,0.7494328260422584,0.75,0.7494328260422584,0.75,0.6659902853808732,0.6666666666666667,0.7577850651741831,0.7583333333333334
101,0.665973477888256,0.6666666666666667,0.6718025934442073,0.6724890829694324,0.665973477888256,0.6666666666666667,0.0,0.0,0.7313271892352935,0.7319148936170213,0.7313271892352935,0.7319148936170213,0.7313271892352935,0.7319148936170213,0.7494328260422584,0.75,0.7494328260422584,0.75,0.6659902853808732,0.6666666666666667,0.7577850651741831,0.7583333333333334
102,0.665973477888256,0.6666666666666667,0.6718025934442073,0.6724890829694324,0.665973477888256,0.6666666666666667,0.0,0.0,0.7313271892352935,0.7319148936170213,0.7313271892352935,0.7319148936170213,0.7313271892352935,0.7319148936170213,0.7494328260422584,0.75,0.7494328260422584,0.75,0.6659902853808732,0.6666666666666667,0.7577850651741831,0.7583333333333334
103,0.665973477888256,0.6666666666666667,0.6718025934442073,0.6724890829694324,0.665973477888256,0.6666666666666667,0.0,0.0,0.7313271892352935,0.7319148936170213,0.7313271892352935,0.7319148936170213,0.7313271892352935,0.7319148936170213,0.7494328260422584,0.75,0.7494328260422584,0.75,0.6659902853808732,0.6666666666666667,0.7629453703692992,0.7634854771784232
104,0.665973477888256,0.6666666666666667,0.6718025934442073,0.6724890829694324,0.665973477888256,0.6666666666666667,0.0,0.0,0.7313271892352935,0.7319148936170213,0.7313271892352935,0.7319148936170213,0.7313271892352935,0.7319148936170213,0.7494328260422584,0.75,0.7494328260422584,0.75,0.6659902853808732,0.6666666666666667,0.7629453703692992,0.7634854771784232
105,0.665973477888256,0.6666666666666667,0.6718025934442073,0.6724890829694324,0.665973477888256,0.6666666666666667,0.0,0.0,0.7313271892352935,0.7319148936170213,0.7313271892352935,0.7319148936170213,0.7313271892352935,0.7319148936170213,0.7494328260422584,0.75,0.7494328260422584,0.75,0.6659902853808732,0.6666666666666667,0.7629453703692992,0.7634854771784232
106,0.665973477888256,0.6666666666666667,0.6718025934442073,0.6724890829694324,0.665973477888256,0.6666666666666667,0.0,0.0,0.7313271892352935,0.7319148936170213,0.7313271892352935,0.7319148936170213,0.7313271892352935,0.7319148936170213,0.7494328260422584,0.75,0.7494328260422584,0.75,0.6659902853808732,0.6666666666666667,0.7629453703692992,0.7634854771784232
107,0.665973477888256,0.6666666666666667,0.6718025934442073,0.6724890829694324,0.665973477888256,0.6666666666666667,0.0,0.0,0.7313271892352935,0.7319148936170213,0.7313271892352935,0.7319148936170213,0.7313271892352935,0.7319148936170213,0.7494328260422584,0.75,0.7494328260422584,0.75,0.6659902853808732,0.6666666666666667,0.7629453703692992,0.7634854771784232
108,0.665973477888256,0.6666666666666667,0.6718025934442073,0.6724890829694324,0.665973477888256,0.6666666666666667,0.0,0.0,0.7313271892352935,0.7319148936170213,0.7313271892352935,0.7319148936170213,0.7313271892352935,0.7319148936170213,0.7494328260422584,0.75,0.7494328260422584,0.75,0.6659902853808732,0.6666666666666667,0.7629453703692992,0.7634854771784232
109,0.665973477888256,0.6666666666666667,0.6718025934442073,0.6724890829694324,0.665973477888256,0.6666666666666667,0.0,0.0,0.7313271892352935,0.7319148936170213,0.7313271892352935,0.7319148936170213,0.7313271892352935,0.7319148936170213,0.7494328260422584,0.75,0.7494328260422584,0.75,0.6659902853808732,0.6666666666666667,0.7629453703692992,0.7634854771784232
110,0.665973477888256,0.6666666666666667,0.6718025934442073,0.6724890829694324,0.665973477888256,0.6666666666666667,0.0,0.0,0.7313271892352935,0.7319148936170213,0.7313271892352935,0.7319148936170213,0.7313271892352935,0.7319148936170213,0.7494328260422584,0.75,0.7494328260422584,0.75,0.6659902853808732,0.6666666666666667,0.7629453703692992,0.7634854771784232
111,0.665973477888256,0.6666666666666667,0.6718025934442073,0.6724890829694324,0.665973477888256,0.6666666666666667,0.0,0.0,0.7313271892352935,0.7319148936170213,0.7313271892352935,0.7319148936170213,0.7313271892352935,0.7319148936170213,0.7494328260422584,0.75,0.7494328260422584,0.75,0.6659902853808732,0.6666666666666667,0.7629453703692992,0.7634854771784232
112,0.665973477888256,0.6666666666666667,0.6718025934442073,0.6724890829694324,0.665973477888256,0.6666666666666667,0.0,0.0,0.7313271892352935,0.7319148936170213,0.7313271892352935,0.7319148936170213,0.7313271892352935,0.7319148936170213,0.7494328260422584,0.75,0.7494328260422584,0.75,0.6659902853808732,0.6666666666666667,0.7629453703692992,0.7634854771784232
113,0.665973477888256,0.6666666666666667,0.6718025934442073,0.6724890829694324,0.665973477888256,0.6666666666666667,0.0,0.0,0.7313271892352935,0.7319148936170213,0.7313271892352935,0.7319148936170213,0.7313271892352935,0.7319148936170213,0.7494328260422584,0.75,0.7494328260422584,0.75,0.6659902853808732,0.6666666666666667,0.7629453703692992,0.7634854771784232
114,0.665973477888256,0.6666666666666667,0.6718025934442073,0.6724890829694324,0.665973477888256,0.6666666666666667,0.0,0.0,0.7313271892352935,0.7319148936170213,0.7313271892352935,0.7319148936170213,0.7313271892352935,0.7319148936170213,0.7494328260422584,0.75,0.7494328260422584,0.75,0.6659902853808732,0.6666666666666667,0.7629453703692992,0.7634854771784232
115,0.665973477888256,0.6666666666666667,0.6718025934442073,0.6724890829694324,0.665973477888256,0.6666666666666667,0.0,0.0,0.7313271892352935,0.7319148936170213,0.7313271892352935,0.7319148936170213,0.7313271892352935,0.7319148936170213,0.7494328260422584,0.75,0.7494328260422584,0.75,0.6835538211572951,0.6842105263157895,0.7629453703692992,0.7634854771784232
116,0.665973477888256,0.6666666666666667,0.6718025934442073,0.6724890829694324,0.665973477888256,0.6666666666666667,0.0,0.0,0.7313271892352935,0.7319148936170213,0.7313271892352935,0.7319148936170213,0.7313271892352935,0.7319148936170213,0.7494328260422584,0.75,0.7494328260422584,0.75,0.6777506953099579,0.6784140969162995,0.7629453703692992,0.7634854771784232
117,0.665973477888256,0.6666666666666667,0.6718025934442073,0.6724890829694324,0.665973477888256,0.6666666666666667,0.0,0.0,0.7313271892352935,0.7319148936170213,0.7313271892352935,0.7319148936170213,0.7313271892352935,0.7319148936170213,0.7494328260422584,0.75,0.7494328260422584,0.75,0.6659902853808732,0.6666666666666667,0.7629453703692992,0.7634854771784232
118,0.665973477888256,0.6666666666666667,0.6718025934442073,0.6724890829694324,0.665973477888256,0.6666666666666667,0.0,0.0,0.7313271892352935,0.7319148936170213,0.7313271892352935,0.7319148936170213,0.7313271892352935,0.7319148936170213,0.7494328260422584,0.75,0.7494328260422584,0.75,0.6659902853808732,0.6666666666666667,0.7629453703692992,0.7634854771784232
119,0.665973477888256,0.6666666666666667,0.6718025934442073,0.6724890829694324,0.665973477888256,0.6666666666666667,0.0,0.0,0.7313271892352935,0.7319148936170213,0.7313271892352935,0.7319148936170213,0.7313271892352935,0.7319148936170213,0.7494328260422584,0.75,0.7494328260422584,0.75,0.6659902853808732,0.6666666666666667,0.7629453703692992,0.7634854771784232
120,0.665973477888256,0.6666666666666667,0.6718025934442073,0.6724890829694324,0.665973477888256,0.6666666666666667,0.0,0.0,0.7313271892352935,0.7319148936170213,0.7313271892352935,0.7319148936170213,0.7313271892352935,0.7319148936170213,0.7494328260422584,0.75,0.7494328260422584,0.75,0.6659902853808732,0.6666666666666667,0.7629453703692992,0.7634854771784232
121,0.665973477888256,0.6666666666666667,0.6718025934442073,0.6724890829694324,0.665973477888256,0.6666666666666667,0.0,0.0,0.7313271892352935,0.7319148936170213,0.7313271892352935,0.7319148936170213,0.7313271892352935,0.7319148936170213,0.7494328260422584,0.75,0.7494328260422584,0.75,0.6659902853808732,0.6666666666666667,0.7629453703692992,0.7634854771784232
122,0.665973477888256,0.6666666666666667,0.6718025934442073,0.6724890829694324,0.665973477888256,0.6666666666666667,0.0,0.0,0.7313271892352935,0.7319148936170213,0.7313271892352935,0.7319148936170213,0.7313271892352935,0.7319148936170213,0.7494328260422584,0.75,0.7494328260422584,0.75,0.6659902853808732,0.6666666666666667,0.7629453703692992,0.7634854771784232
123,0.665973477888256,0.6666666666666667,0.6718025934442073,0.6724890829694324,0.665973477888256,0.6666666666666667,0.0,0.0,0.7313271892352935,0.7319148936170213,0.7313271892352935,0.7319148936170213,0.7313271892352935,0.7319148936170213,0.7494328260422584,0.75,0.7494328260422584,0.75,0.6659902853808732,0.6666666666666667,0.7629453703692992,0.7634854771784232
124,0.665973477888256,0.6666666666666667,0.6718025934442073,0.6724890829694324,0.665973477888256,0.6666666666666667,0.0,0.0,0.7313271892352935,0.7319148936170213,0.7313271892352935,0.7319148936170213,0.7313271892352935,0.7319148936170213,0.7494328260422584,0.75,0.7494328260422584,0.75,0.6659902853808732,0.6666666666666667,0.7629453703692992,0.7634854771784232
125,0.665973477888256,0.6666666666666667,0.6718025934442073,0.6724890829694324,0.665973477888256,0.6666666666666667,0.0,0.0,0.7313271892352935,0.7319148936170213,0.7313271892352935,0.7319148936170213,0.7313271892352935,0.7319148936170213,0.7494328260422584,0.75,0.7494328260422584,0.75,0.6659902853808732,0.6666666666666667,0.7577850651741831,0.7583333333333334
126,0.665973477888256,0.6666666666666667,0.6718025934442073,0.6724890829694324,0.665973477888256,0.6666666666666667,0.0,0.0,0.7313271892352935,0.7319148936170213,0.7313271892352935,0.7319148936170213,0.7313271892352935,0.7319148936170213,0.7494328260422584,0.75,0.7494328260422584,0.75,0.6777506953099579,0.6784140969162995,0.7629453703692992,0.7634854771784232
127,0.665973477888256,0.6666666666666667,0.6718025934442073,0.6724890829694324,0.665973477888256,0.6666666666666667,0.0,0.0,0.7313271892352935,0.7319148936170213,0.7313271892352935,0.7319148936170213,0.7313271892352935,0.7319148936170213,0.7494328260422584,0.75,0.7494328260422584,0.75,0.6659902853808732,0.6666666666666667,0.7629453703692992,0.7634854771784232
128,0.665973477888256,0.6666666666666667,0.6718025934442073,0.6724890829694324,0.665973477888256,0.6666666666666667,0.0,0.0,0.7313271892352935,0.7319148936170213,0.7313271892352935,0.7319148936170213,0.7313271892352935,0.7319148936170213,0.7494328260422584,0.75,0.7494328260422584,0.75,0.6777506953099579,0.6784140969162995,0.7629453703692992,0.7634854771784232
129,0.665973477888256,0.6666666666666667,0.6718025934442073,0.6724890829694324,0.665973477888256,0.6666666666666667,0.0,0.0,0.7313271892352935,0.7319148936170213,0.7313271892352935,0.7319148936170213,0.7313271892352935,0.7319148936170213,0.7494328260422584,0.75,0.7494328260422584,0.75,0.6659902853808732,0.6666666666666667,0.7577850651741831,0.7583333333333334
130,0.665973477888256,0.6666666666666667,0.6718025934442073,0.6724890829694324,0.665973477888256,0.6666666666666667,0.0,0.0,0.7313271892352935,0.7319148936170213,0.7313271892352935,0.7319148936170213,0.7313271892352935,0.7319148936170213,0.7494328260422584,0.75,0.7494328260422584,0.75,0.6659902853808732,0.6666666666666667,0.7629453703692992,0.7634854771784232
131,0.665973477888256,0.6666666666666667,0.6718025934442073,0.6724890829694324,0.665973477888256,0.6666666666666667,0.0,0.0,0.7313271892352935,0.7319148936170213,0.7313271892352935,0.7319148936170213,0.7313271892352935,0.7319148936170213,0.7494328260422584,0.75,0.7494328260422584,0.75,0.6659902853808732,0.6666666666666667,0.7629453703692992,0.7634854771784232
132,0.665973477888256,0.6666666666666667,0.6718025934442073,0.6724890829694324,0.665973477888256,0.6666666666666667,0.0,0.0,0.7313271892352935,0.7319148936170213,0.7313271892352935,0.7319148936170213,0.7313271892352935,0.7319148936170213,0.7494328260422584,0.75,0.7494328260422584,0.75,0.6659902853808732,0.6666666666666667,0.7629453703692992,0.7634854771784232
133,0.665973477888256,0.6666666666666667,0.6718025934442073,0.6724890829694324,0.665973477888256,0.6666666666666667,0.0,0.0,0.7313271892352935,0.7319148936170213,0.7313271892352935,0.7319148936170213,0.7313271892352935,0.7319148936170213,0.7494328260422584,0.75,0.7494328260422584,0.75,0.7118250264109046,0.7124463519313305,0.7629453703692992,0.7634854771784232
134,0.665973477888256,0.6666666666666667,0.6718025934442073,0.6724890829694324,0.665973477888256,0.6666666666666667,0.0,0.0,0.7313271892352935,0.7319148936170213,0.7313271892352935,0.7319148936170213,0.7313271892352935,0.7319148936170213,0.7494328260422584,0.75,0.7494328260422584,0.75,0.6659902853808732,0.6666666666666667,0.7629453703692992,0.7634854771784232
135,0.665973477888256,0.6666666666666667,0.6718025934442073,0.6724890829694324,0.665973477888256,0.6666666666666667,0.0,0.0,0.7313271892352935,0.7319148936170213,0.7313271892352935,0.7319148936170213,0.7313271892352935,0.7319148936170213,0.7494328260422584,0.75,0.7494328260422584,0.75,0.6659902853808732,0.6666666666666667,0.7629453703692992,0.7634854771784232
136,0.665973477888256,0.6666666666666667,0.6718025934442073,0.6724890829694324,0.665973477888256,0.6666666666666667,0.0,0.0,0.7313271892352935,0.7319148936170213,0.7313271892352935,0.7319148936170213,0.7313271892352935,0.7319148936170213,0.7494328260422584,0.75,0.7494328260422584,0.75,0.6659902853808732,0.6666666666666667,0.7577850651741831,0.7583333333333334
137,0.665973477888256,0.6666666666666667,0.6718025934442073,0.6724890829694324,0.665973477888256,0.6666666666666667,0.0,0.0,0.7313271892352935,0.7319148936170213,0.7313271892352935,0.7319148936170213,0.7313271892352935,0.7319148936170213,0.7494328260422584,0.75,0.7494328260422584,0.75,0.6659902853808732,0.6666666666666667,0.7629453703692992,0.7634854771784232
138,0.665973477888256,0.6666666666666667,0.6718025934442073,0.6724890829694324,0.665973477888256,0.6666666666666667,0.0,0.0,0.7313271892352935,0.7319148936170213,0.7313271892352935,0.7319148936170213,0.7313271892352935,0.7319148936170213,0.7494328260422584,0.75,0.7494328260422584,0.75,0.6659902853808732,0.6666666666666667,0.7629453703692992,0.7634854771784232
139,0.665973477888256,0.6666666666666667,0.6718025934442073,0.6724890829694324,0.665973477888256,0.6666666666666667,0.0,0.0,0.7313271892352935,0.7319148936170213,0.7313271892352935,0.7319148936170213,0.7313271892352935,0.7319148936170213,0.7494328260422584,0.75,0.7494328260422584,0.75,0.6659902853808732,0.6666666666666667,0.7629453703692992,0.7634854771784232
140,0.665973477888256,0.6666666666666667,0.6718025934442073,0.6724890829694324,0.665973477888256,0.6666666666666667,0.0,0.0,0.7313271892352935,0.7319148936170213,0.7313271892352935,0.7319148936170213,0.7313271892352935,0.7319148936170213,0.7494328260422584,0.75,0.7494328260422584,0.75,0.7118250264109046,0.7124463519313305,0.7629453703692992,0.7634854771784232
141,0.665973477888256,0.6666666666666667,0.6718025934442073,0.6724890829694324,0.665973477888256,0.6666666666666667,0.0,0.0,0.7313271892352935,0.7319148936170213,0.7313271892352935,0.7319148936170213,0.7313271892352935,0.7319148936170213,0.7494328260422584,0.75,0.7494328260422584,0.75,0.6777506953099579,0.6784140969162995,0.7577850651741831,0.7583333333333334
142,0.665973477888256,0.6666666666666667,0.6718025934442073,0.6724890829694324,0.665973477888256,0.6666666666666667,0.0,0.0,0.7313271892352935,0.7319148936170213,0.7313271892352935,0.7319148936170213,0.7313271892352935,0.7319148936170213,0.7494328260422584,0.75,0.7494328260422584,0.75,0.6659902853808732,0.6666666666666667,0.7629453703692992,0.7634854771784232
143,0.665973477888256,0.6666666666666667,0.6718025934442073,0.6724890829694324,0.665973477888256,0.6666666666666667,0.0,0.0,0.7313271892352935,0.7319148936170213,0.7313271892352935,0.7319148936170213,0.7313271892352935,0.7319148936170213,0.7494328260422584,0.75,0.7494328260422584,0.75,0.7118250264109046,0.7124463519313305,0.7629453703692992,0.7634854771784232
144,0.665973477888256,0.6666666666666667,0.6718025934442073,0.6724890829694324,0.665973477888256,0.6666666666666667,0.0,0.0,0.7313271892352935,0.7319148936170213,0.7313271892352935,0.7319148936170213,0.7313271892352935,0.7319148936170213,0.7494328260422584,0.75,0.7494328260422584,0.75,0.7118250264109046,0.7124463519313305,0.7629453703692992,0.7634854771784232
145,0.665973477888256,0.6666666666666667,0.6718025934442073,0.6724890829694324,0.665973477888256,0.6666666666666667,0.0,0.0,0.7313271892352935,0.7319148936170213,0.7313271892352935,0.7319148936170213,0.7313271892352935,0.7319148936170213,0.7494328260422584,0.75,0.7494328260422584,0.75,0.7118250264109046,0.7124463519313305,0.7629453703692992,0.7634854771784232
146,0.665973477888256,0.6666666666666667,0.6718025934442073,0.6724890829694324,0.665973477888256,0.6666666666666667,0.0,0.0,0.7313271892352935,0.7319148936170213,0.7313271892352935,0.7319148936170213,0.7313271892352935,0.7319148936170213,0.7494328260422584,0.75,0.7494328260422584,0.75,0.7118250264109046,0.7124463519313305,0.7629453703692992,0.7634854771784232
147,0.665973477888256,0.6666666666666667,0.6718025934442073,0.6724890829694324,0.665973477888256,0.6666666666666667,0.0,0.0,0.7313271892352935,0.7319148936170213,0.7313271892352935,0.7319148936170213,0.7313271892352935,0.7319148936170213,0.7494328260422584,0.75,0.7494328260422584,0.75,0.6777506953099579,0.6784140969162995,0.7577850651741831,0.7583333333333334
148,0.665973477888256,0.6666666666666667,0.6718025934442073,0.6724890829694324,0.665973477888256,0.6666666666666667,0.0,0.0,0.7313271892352935,0.7319148936170213,0.7313271892352935,0.7319148936170213,0.7313271892352935,0.7319148936170213,0.7494328260422584,0.75,0.7494328260422584,0.75,0.6777506953099579,0.6784140969162995,0.7577850651741831,0.7583333333333334
149,0.665973477888256,0.6666666666666667,0.6718025934442073,0.6724890829694324,0.665973477888256,0.6666666666666667,0.0,0.0,0.7313271892352935,0.7319148936170213,0.7313271892352935,0.7319148936170213,0.7313271892352935,0.7319148936170213,0.7494328260422584,0.75,0.7494328260422584,0.75,0.7118250264109046,0.7124463519313305,0.7577850651741831,0.7583333333333334
150,0.665973477888256,0.6666666666666667,0.6718025934442073,0.6724890829694324,0.665973477888256,0.6666666666666667,0.0,0.0,0.7313271892352935,0.7319148936170213,0.7313271892352935,0.7319148936170213,0.7313271892352935,0.7319148936170213,0.7494328260422584,0.75,0.7494328260422584,0.75,0.7118250264109046,0.7124463519313305,0.7577850651741831,0.7583333333333334
151,0.665973477888256,0.6666666666666667,0.6718025934442073,0.6724890829694324,0.665973477888256,0.6666666666666667,0.0,0.0,0.7313271892352935,0.7319148936170213,0.7313271892352935,0.7319148936170213,0.7313271892352935,0.7319148936170213,0.7494328260422584,0.75,0.7494328260422584,0.75,0.6777506953099579,0.6784140969162995,0.7629453703692992,0.7634854771784232
152,0.665973477888256,0.6666666666666667,0.6718025934442073,0.6724890829694324,0.665973477888256,0.6666666666666667,0.0,0.0,0.7313271892352935,0.7319148936170213,0.7313271892352935,0.7319148936170213,0.7313271892352935,0.7319148936170213,0.7494328260422584,0.75,0.7494328260422584,0.75,0.6777506953099579,0.6784140969162995,0.7629453703692992,0.7634854771784232
153,0.665973477888256,0.6666666666666667,0.6718025934442073,0.6724890829694324,0.665973477888256,0.6666666666666667,0.0,0.0,0.7313271892352935,0.7319148936170213,0.7313271892352935,0.7319148936170213,0.7313271892352935,0.7319148936170213,0.7494328260422584,0.75,0.7494328260422584,0.75,0.6777506953099579,0.6784140969162995,0.7629453703692992,0.7634854771784232
154,0.665973477888256,0.6666666666666667,0.6718025934442073,0.6724890829694324,0.665973477888256,0.6666666666666667,0.0,0.0,0.7313271892352935,0.7319148936170213,0.7313271892352935,0.7319148936170213,0.7313271892352935,0.7319148936170213,0.7494328260422584,0.75,0.7494328260422584,0.75,0.7118250264109046,0.7124463519313305,0.7629453703692992,0.7634854771784232
155,0.665973477888256,0.6666666666666667,0.6718025934442073,0.6724890829694324,0.665973477888256,0.6666666666666667,0.0,0.0,0.7313271892352935,0.7319148936170213,0.7313271892352935,0.7319148936170213,0.7313271892352935,0.7319148936170213,0.7494328260422584,0.75,0.7494328260422584,0.75,0.6777506953099579,0.6784140969162995,0.7629453703692992,0.7634854771784232
156,0.665973477888256,0.6666666666666667,0.6718025934442073,0.6724890829694324,0.665973477888256,0.6666666666666667,0.0,0.0,0.7313271892352935,0.7319148936170213,0.7313271892352935,0.7319148936170213,0.7313271892352935,0.7319148936170213,0.7494328260422584,0.75,0.7494328260422584,0.75,0.6777506953099579,0.6784140969162995,0.7629453703692992,0.7634854771784232
157,0.665973477888256,0.6666666666666667,0.6718025934442073,0.6724890829694324,0.665973477888256,0.6666666666666667,0.0,0.0,0.7313271892352935,0.7319148936170213,0.7313271892352935,0.7319148936170213,0.7313271892352935,0.7319148936170213,0.7494328260422584,0.75,0.7494328260422584,0.75,0.6777506953099579,0.6784140969162995,0.7577850651741831,0.7583333333333334
158,0.665973477888256,0.6666666666666667,0.6718025934442073,0.6724890829694324,0.665973477888256,0.6666666666666667,0.0,0.0,0.7313271892352935,0.7319148936170213,0.7313271892352935,0.7319148936170213,0.7313271892352935,0.7319148936170213,0.7494328260422584,0.75,0.7494328260422584,0.75,0.6777506953099579,0.6784140969162995,0.7629453703692992,0.7634854771784232
159,0.665973477888256,0.6666666666666667,0.6718025934442073,0.6724890829694324,0.665973477888256,0.6666666666666667,0.0,0.0,0.7313271892352935,0.7319148936170213,0.7313271892352935,0.7319148936170213,0.7313271892352935,0.7319148936170213,0.7494328260422584,0.75,0.7494328260422584,0.75,0.6777506953099579,0.6784140969162995,0.7629453703692992,0.7634854771784232
160,0.665973477888256,0.6666666666666667,0.6718025934442073,0.6724890829694324,0.665973477888256,0.6666666666666667,0.0,0.0,0.7313271892352935,0.7319148936170213,0.7313271892352935,0.7319148936170213,0.7313271892352935,0.7319148936170213,0.7494328260422584,0.75,0.7494328260422584,0.75,0.6777506953099579,0.6784140969162995,0.7629453703692992,0.7634854771784232
161,0.665973477888256,0.6666666666666667,0.6718025934442073,0.6724890829694324,0.665973477888256,0.6666666666666667,0.0,0.0,0.7313271892352935,0.7319148936170213,0.7313271892352935,0.7319148936170213,0.7313271892352935,0.7319148936170213,0.7494328260422584,0.75,0.7494328260422584,0.75,0.7118250264109046,0.7124463519313305,0.7629453703692992,0.7634854771784232
162,0.665973477888256,0.6666666666666667,0.6718025934442073,0.6724890829694324,0.665973477888256,0.6666666666666667,0.0,0.0,0.7313271892352935,0.7319148936170213,0.7313271892352935,0.7319148936170213,0.7313271892352935,0.7319148936170213,0.7494328260422584,0.75,0.7494328260422584,0.75,0.7118250264109046,0.7124463519313305,0.7629453703692992,0.7634854771784232
163,0.665973477888256,0.6666666666666667,0.6718025934442073,0.6724890829694324,0.665973477888256,0.6666666666666667,0.0,0.0,0.7313271892352935,0.7319148936170213,0.7313271892352935,0.7319148936170213,0.7313271892352935,0.7319148936170213,0.7494328260422584,0.75,0.7494328260422584,0.75,0.7118250264109046,0.7124463519313305,0.7629453703692992,0.7634854771784232
164,0.665973477888256,0.6666666666666667,0.6718025934442073,0.6724890829694324,0.665973477888256,0.6666666666666667,0.0,0.0,0.7313271892352935,0.7319148936170213,0.7313271892352935,0.7319148936170213,0.7313271892352935,0.7319148936170213,0.7494328260422584,0.75,0.7494328260422584,0.75,0.7118250264109046,0.7124463519313305,0.7629453703692992,0.7634854771784232
165,0.665973477888256,0.6666666666666667,0.6718025934442073,0.6724890829694324,0.665973477888256,0.6666666666666667,0.0,0.0,0.7313271892352935,0.7319148936170213,0.7313271892352935,0.7319148936170213,0.7313271892352935,0.7319148936170213,0.7494328260422584,0.75,0.7494328260422584,0.75,0.6777506953099579,0.6784140969162995,0.7629453703692992,0.7634854771784232
166,0.665973477888256,0.6666666666666667,0.6718025934442073,0.6724890829694324,0.665973477888256,0.6666666666666667,0.0,0.0,0.7313271892352935,0.7319148936170213,0.7313271892352935,0.7319148936170213,0.7313271892352935,0.7319148936170213,0.7494328260422584,0.75,0.7494328260422584,0.75,0.6777506953099579,0.6784140969162995,0.7629453703692992,0.7634854771784232
167,0.665973477888256,0.6666666666666667,0.6718025934442073,0.6724890829694324,0.665973477888256,0.6666666666666667,0.0,0.0,0.7313271892352935,0.7319148936170213,0.7313271892352935,0.7319148936170213,0.7313271892352935,0.7319148936170213,0.7494328260422584,0.75,0.7494328260422584,0.75,0.7118250264109046,0.7124463519313305,0.7629453703692992,0.7634854771784232
168,0.665973477888256,0.6666666666666667,0.6718025934442073,0.6724890829694324,0.665973477888256,0.6666666666666667,0.0,0.0,0.7313271892352935,0.7319148936170213,0.7313271892352935,0.7319148936170213,0.7313271892352935,0.7319148936170213,0.7494328260422584,0.75,0.7494328260422584,0.75,0.7118250264109046,0.7124463519313305,0.7629453703692992,0.7634854771784232
169,0.665973477888256,0.6666666666666667,0.6718025934442073,0.6724890829694324,0.665973477888256,0.6666666666666667,0.0,0.0,0.7313271892352935,0.7319148936170213,0.7313271892352935,0.7319148936170213,0.7313271892352935,0.7319148936170213,0.7494328260422584,0.75,0.7494328260422584,0.75,0.7118250264109046,0.7124463519313305,0.7629453703692992,0.7634854771784232
170,0.665973477888256,0.6666666666666667,0.6718025934442073,0.6724890829694324,0.665973477888256,0.6666666666666667,0.0,0.0,0.7313271892352935,0.7319148936170213,0.7313271892352935,0.7319148936170213,0.7313271892352935,0.7319148936170213,0.7494328260422584,0.75,0.7494328260422584,0.75,0.7118250264109046,0.7124463519313305,0.7629453703692992,0.7634854771784232
171,0.665973477888256,0.6666666666666667,0.6718025934442073,0.6724890829694324,0.665973477888256,0.6666666666666667,0.0,0.0,0.7313271892352935,0.7319148936170213,0.7313271892352935,0.7319148936170213,0.7313271892352935,0.7319148936170213,0.7494328260422584,0.75,0.7494328260422584,0.75,0.7118250264109046,0.7124463519313305,0.7629453703692992,0.7634854771784232
172,0.665973477888256,0.6666666666666667,0.6718025934442073,0.6724890829694324,0.665973477888256,0.6666666666666667,0.0,0.0,0.7313271892352935,0.7319148936170213,0.7313271892352935,0.7319148936170213,0.7313271892352935,0.7319148936170213,0.7494328260422584,0.75,0.7494328260422584,0.75,0.7118250264109046,0.7124463519313305,0.7629453703692992,0.7634854771784232
173,0.665973477888256,0.6666666666666667,0.6718025934442073,0.6724890829694324,0.665973477888256,0.6666666666666667,0.0,0.0,0.7313271892352935,0.7319148936170213,0.7313271892352935,0.7319148936170213,0.7313271892352935,0.7319148936170213,0.7494328260422584,0.75,0.7494328260422584,0.75,0.7118250264109046,0.7124463519313305,0.7629453703692992,0.7634854771784232
174,0.665973477888256,0.6666666666666667,0.6718025934442073,0.6724890829694324,0.665973477888256,0.6666666666666667,0.0,0.0,0.7313271892352935,0.7319148936170213,0.7313271892352935,0.7319148936170213,0.7313271892352935,0.7319148936170213,0.7494328260422584,0.75,0.7494328260422584,0.75,0.7118250264109046,0.7124463519313305,0.7629453703692992,0.7634854771784232
175,0.665973477888256,0.6666666666666667,0.6718025934442073,0.6724890829694324,0.665973477888256,0.6666666666666667,0.0,0.0,0.7313271892352935,0.7319148936170213,0.7313271892352935,0.7319148936170213,0.7313271892352935,0.7319148936170213,0.7494328260422584,0.75,0.7494328260422584,0.75,0.7118250264109046,0.7124463519313305,0.7629453703692992,0.7634854771784232
176,0.665973477888256,0.6666666666666667,0.6718025934442073,0.6724890829694324,0.665973477888256,0.6666666666666667,0.0,0.0,0.7313271892352935,0.7319148936170213,0.7313271892352935,0.7319148936170213,0.7313271892352935,0.7319148936170213,0.7494328260422584,0.75,0.7494328260422584,0.75,0.6777506953099579,0.6784140969162995,0.7629453703692992,0.7634854771784232
177,0.665973477888256,0.6666666666666667,0.6718025934442073,0.6724890829694324,0.665973477888256,0.6666666666666667,0.0,0.0,0.7313271892352935,0.7319148936170213,0.7313271892352935,0.7319148936170213,0.7313271892352935,0.7319148936170213,0.7494328260422584,0.75,0.7494328260422584,0.75,0.6777506953099579,0.6784140969162995,0.7629453703692992,0.7634854771784232
178,0.665973477888256,0.6666666666666667,0.6718025934442073,0.6724890829694324,0.665973477888256,0.6666666666666667,0.0,0.0,0.7313271892352935,0.7319148936170213,0.7313271892352935,0.7319148936170213,0.7313271892352935,0.7319148936170213,0.7494328260422584,0.75,0.7494328260422584,0.75,0.7118250264109046,0.7124463519313305,0.7629453703692992,0.7634854771784232
179,0.665973477888256,0.6666666666666667,0.6718025934442073,0.6724890829694324,0.665973477888256,0.6666666666666667,0.0,0.0,0.7313271892352935,0.7319148936170213,0.7313271892352935,0.7319148936170213,0.7313271892352935,0.7319148936170213,0.7494328260422584,0.75,0.7494328260422584,0.75,0.7118250264109046,0.7124463519313305,0.7629453703692992,0.7634854771784232
180,0.665973477888256,0.6666666666666667,0.6718025934442073,0.6724890829694324,0.665973477888256,0.6666666666666667,0.0,0.0,0.7313271892352935,0.7319148936170213,0.7313271892352935,0.7319148936170213,0.7313271892352935,0.7319148936170213,0.7494328260422584,0.75,0.7494328260422584,0.75,0.7118250264109046,0.7124463519313305,0.7577850651741831,0.7583333333333334
181,0.665973477888256,0.6666666666666667,0.6718025934442073,0.6724890829694324,0.665973477888256,0.6666666666666667,0.0,0.0,0.7313271892352935,0.7319148936170213,0.7313271892352935,0.7319148936170213,0.7313271892352935,0.7319148936170213,0.7494328260422584,0.75,0.7494328260422584,0.75,0.7118250264109046,0.7124463519313305,0.7577850651741831,0.7583333333333334
182,0.665973477888256,0.6666666666666667,0.6718025934442073,0.6724890829694324,0.665973477888256,0.6666666666666667,0.0,0.0,0.7313271892352935,0.7319148936170213,0.7313271892352935,0.7319148936170213,0.7313271892352935,0.7319148936170213,0.7494328260422584,0.75,0.7494328260422584,0.75,0.7118250264109046,0.7124463519313305,0.7629453703692992,0.7634854771784232
183,0.665973477888256,0.6666666666666667,0.6718025934442073,0.6724890829694324,0.665973477888256,0.6666666666666667,0.0,0.0,0.7313271892352935,0.7319148936170213,0.7313271892352935,0.7319148936170213,0.7313271892352935,0.7319148936170213,0.7494328260422584,0.75,0.7494328260422584,0.75,0.6777506953099579,0.6784140969162995,0.7577850651741831,0.7583333333333334
184,0.665973477888256,0.6666666666666667,0.6718025934442073,0.6724890829694324,0.665973477888256,0.6666666666666667,0.0,0.0,0.7313271892352935,0.7319148936170213,0.7313271892352935,0.7319148936170213,0.7313271892352935,0.7319148936170213,0.7494328260422584,0.75,0.7494328260422584,0.75,0.7118250264109046,0.7124463519313305,0.7577850651741831,0.7583333333333334
185,0.665973477888256,0.6666666666666667,0.6718025934442073,0.6724890829694324,0.665973477888256,0.6666666666666667,0.0,0.0,0.7313271892352935,0.7319148936170213,0.7313271892352935,0.7319148936170213,0.7313271892352935,0.7319148936170213,0.7494328260422584,0.75,0.7494328260422584,0.75,0.6777506953099579,0.6784140969162995,0.7577850651741831,0.7583333333333334
186,0.665973477888256,0.6666666666666667,0.6718025934442073,0.6724890829694324,0.665973477888256,0.6666666666666667,0.0,0.0,0.7313271892352935,0.7319148936170213,0.7313271892352935,0.7319148936170213,0.7313271892352935,0.7319148936170213,0.7494328260422584,0.75,0.7494328260422584,0.75,0.6777506953099579,0.6784140969162995,0.7577850651741831,0.7583333333333334
187,0.665973477888256,0.6666666666666667,0.6718025934442073,0.6724890829694324,0.665973477888256,0.6666666666666667,0.0,0.0,0.7313271892352935,0.7319148936170213,0.7313271892352935,0.7319148936170213,0.7313271892352935,0.7319148936170213,0.7494328260422584,0.75,0.7494328260422584,0.75,0.6777506953099579,0.6784140969162995,0.7629453703692992,0.7634854771784232
188,0.665973477888256,0.6666666666666667,0.6718025934442073,0.6724890829694324,0.665973477888256,0.6666666666666667,0.0,0.0,0.7313271892352935,0.7319148936170213,0.7313271892352935,0.7319148936170213,0.7313271892352935,0.7319148936170213,0.7494328260422584,0.75,0.7494328260422584,0.75,0.7118250264109046,0.7124463519313305,0.7629453703692992,0.7634854771784232
189,0.665973477888256,0.6666666666666667,0.6718025934442073,0.6724890829694324,0.665973477888256,0.6666666666666667,0.0,0.0,0.7313271892352935,0.7319148936170213,0.7313271892352935,0.7319148936170213,0.7313271892352935,0.7319148936170213,0.7494328260422584,0.75,0.7494328260422584,0.75,0.7118250264109046,0.7124463519313305,0.7577850651741831,0.7583333333333334
190,0.665973477888256,0.6666666666666667,0.6718025934442073,0.6724890829694324,0.665973477888256,0.6666666666666667,0.0,0.0,0.7313271892352935,0.7319148936170213,0.7313271892352935,0.7319148936170213,0.7313271892352935,0.7319148936170213,0.7494328260422584,0.75,0.7494328260422584,0.75,0.7118250264109046,0.7124463519313305,0.7629453703692992,0.7634854771784232
191,0.665973477888256,0.6666666666666667,0.6718025934442073,0.6724890829694324,0.665973477888256,0.6666666666666667,0.0,0.0,0.7313271892352935,0.7319148936170213,0.7313271892352935,0.7319148936170213,0.7313271892352935,0.7319148936170213,0.7494328260422584,0.75,0.7494328260422584,0.75,0.7118250264109046,0.7124463519313305,0.7629453703692992,0.7634854771784232
192,0.665973477888256,0.6666666666666667,0.6718025934442073,0.6724890829694324,0.665973477888256,0.6666666666666667,0.0,0.0,0.7313271892352935,0.7319148936170213,0.7313271892352935,0.7319148936170213,0.7313271892352935,0.7319148936170213,0.7494328260422584,0.75,0.7494328260422584,0.75,0.7118250264109046,0.7124463519313305,0.7629453703692992,0.7634854771784232
193,0.665973477888256,0.6666666666666667,0.6718025934442073,0.6724890829694324,0.665973477888256,0.6666666666666667,0.0,0.0,0.7313271892352935,0.7319148936170213,0.7313271892352935,0.7319148936170213,0.7313271892352935,0.7319148936170213,0.7494328260422584,0.75,0.7494328260422584,0.75,0.7118250264109046,0.7124463519313305,0.7629453703692992,0.7634854771784232
194,0.665973477888256,0.6666666666666667,0.6718025934442073,0.6724890829694324,0.665973477888256,0.6666666666666667,0.0,0.0,0.7313271892352935,0.7319148936170213,0.7313271892352935,0.7319148936170213,0.7313271892352935,0.7319148936170213,0.7494328260422584,0.75,0.7494328260422584,0.75,0.7118250264109046,0.7124463519313305,0.7629453703692992,0.7634854771784232
195,0.665973477888256,0.6666666666666667,0.6718025934442073,0.6724890829694324,0.665973477888256,0.6666666666666667,0.0,0.0,0.7313271892352935,0.7319148936170213,0.7313271892352935,0.7319148936170213,0.7313271892352935,0.7319148936170213,0.7494328260422584,0.75,0.7494328260422584,0.75,0.7118250264109046,0.7124463519313305,0.7629453703692992,0.7634854771784232
196,0.665973477888256,0.6666666666666667,0.6718025934442073,0.6724890829694324,0.665973477888256,0.6666666666666667,0.0,0.0,0.7313271892352935,0.7319148936170213,0.7313271892352935,0.7319148936170213,0.7313271892352935,0.7319148936170213,0.7494328260422584,0.75,0.7494328260422584,0.75,0.7118250264109046,0.7124463519313305,0.7629453703692992,0.7634854771784232
197,0.665973477888256,0.6666666666666667,0.6718025934442073,0.6724890829694324,0.665973477888256,0.6666666666666667,0.0,0.0,0.7313271892352935,0.7319148936170213,0.7313271892352935,0.7319148936170213,0.7313271892352935,0.7319148936170213,0.7494328260422584,0.75,0.7494328260422584,0.75,0.7118250264109046,0.7124463519313305,0.7629453703692992,0.7634854771784232
198,0.665973477888256,0.6666666666666667,0.6718025934442073,0.6724890829694324,0.665973477888256,0.6666666666666667,0.0,0.0,0.7313271892352935,0.7319148936170213,0.7313271892352935,0.7319148936170213,0.7313271892352935,0.7319148936170213,0.7494328260422584,0.75,0.7494328260422584,0.75,0.7118250264109046,0.7124463519313305,0.7577850651741831,0.7583333333333334
199,0.665973477888256,0.6666666666666667,0.6718025934442073,0.6724890829694324,0.665973477888256,0.6666666666666667,0.0,0.0,0.7313271892352935,0.7319148936170213,0.7313271892352935,0.7319148936170213,0.7313271892352935,0.7319148936170213,0.7494328260422584,0.75,0.7494328260422584,0.75,0.7118250264109046,0.7124463519313305,0.7629453703692992,0.7634854771784232
200,0.665973477888256,0.6666666666666667,0.6718025934442073,0.6724890829694324,0.665973477888256,0.6666666666666667,0.0,0.0,0.7313271892352935,0.7319148936170213,0.7313271892352935,0.7319148936170213,0.7313271892352935,0.7319148936170213,0.7494328260422584,0.75,0.7494328260422584,0.75,0.7118250264109046,0.7124463519313305,0.7629453703692992,0.7634854771784232
