,Knn_light,Knn_gradient,light_gradient,Knn_catboost,light_catboost,gradient_catboost,lg_gb_cb,Knn_gb_cb,Knn_lg_cb,Knn_lg_gb,Knn_lg_gb_cb
0,0.290697674,0.290697674,0.0,0.290697674,0.0,0.0,0.2603550295857988,0.2181818181818182,0.2181818181818182,0.0,0.12738853503184713
1,0.290697674,0.290697674,0.0,0.46875,0.0,0.460732984,0.6576576576576576,0.3666666666666666,0.3756906077348066,0.0,0.35754189944134074
2,0.375690608,0.375690608,0.0,0.46875,0.0,0.482051282,0.728813559322034,0.32,0.3389830508474576,0.0,0.65158371040724
3,0.537313433,0.369565217,0.0,0.537313433,0.0,0.436170213,0.7319148936170213,0.3756906077348066,0.3934426229508196,0.0,0.7319148936170213
4,0.537313433,0.369565217,0.0,0.526829268,0.0,0.587677725,0.7319148936170213,0.4108108108108108,0.4193548387096774,0.0,0.7319148936170213
5,0.529411765,0.529411765,0.0,0.556603774,0.0,0.715517241,0.7319148936170213,0.427807486631016,0.4607329842931937,0.0,0.728813559322034
6,0.559241706,0.529411765,0.0,0.663755459,0.026845638,0.712446352,0.7319148936170213,0.5797101449275363,0.5933014354066986,0.1684981684981684,0.7319148936170213
7,0.666666667,0.642533937,0.0,0.666666667,0.185185185,0.721030043,0.7319148936170213,0.5933014354066986,0.5971563981042654,0.1684981684981684,0.7572016460905351
8,0.666666667,0.666666667,0.0,0.666666667,0.427807487,0.722689076,0.7319148936170213,0.5933014354066986,0.5971563981042654,0.1684981684981684,0.7572016460905351
9,0.666666667,0.666666667,0.0,0.666666667,0.53,0.731914894,0.7319148936170213,0.6203703703703703,0.6784140969162995,0.1684981684981684,0.7572016460905351
10,0.666666667,0.666666667,0.0,0.666666667,0.558823529,0.731914894,0.728813559322034,0.6267281105990784,0.6842105263157895,0.1684981684981684,0.7572016460905351
11,0.666666667,0.666666667,0.0,0.666666667,0.613953488,0.731914894,0.7319148936170213,0.6267281105990784,0.728813559322034,0.1684981684981684,0.7572016460905351
12,0.666666667,0.666666667,0.0,0.666666667,0.613953488,0.731914894,0.7319148936170213,0.6814159292035398,0.7012987012987012,0.1684981684981684,0.7520661157024794
13,0.666666667,0.666666667,0.0,0.666666667,0.626728111,0.731914894,0.7319148936170213,0.6784140969162995,0.75,0.1684981684981684,0.7520661157024794
14,0.666666667,0.666666667,0.0,0.666666667,0.626728111,0.731914894,0.7319148936170213,0.6784140969162995,0.75,0.1684981684981684,0.75
15,0.666666667,0.666666667,0.0,0.666666667,0.626728111,0.731914894,0.7319148936170213,0.6784140969162995,0.75,0.1684981684981684,0.7583333333333334
16,0.666666667,0.666666667,0.0,0.666666667,0.626728111,0.731914894,0.7319148936170213,0.6784140969162995,0.75,0.0,0.7634854771784232
17,0.666666667,0.666666667,0.185185185,0.666666667,0.633027523,0.731914894,0.7319148936170213,0.6784140969162995,0.75,0.0,0.7634854771784232
18,0.666666667,0.666666667,0.0,0.666666667,0.698689956,0.731914894,0.7319148936170213,0.6784140969162995,0.75,0.0,0.7634854771784232
19,0.666666667,0.666666667,0.0,0.666666667,0.731914894,0.731914894,0.7319148936170213,0.6784140969162995,0.75,0.0,0.7634854771784232
20,0.666666667,0.666666667,0.0,0.666666667,0.731914894,0.731914894,0.7319148936170213,0.6784140969162995,0.75,0.0,0.7634854771784232
21,0.666666667,0.666666667,0.0,0.666666667,0.731914894,0.731914894,0.7319148936170213,0.6784140969162995,0.75,0.0,0.7634854771784232
22,0.666666667,0.666666667,0.0,0.666666667,0.731914894,0.731914894,0.7319148936170213,0.7012987012987012,0.75,0.0,0.7634854771784232
23,0.666666667,0.666666667,0.0,0.666666667,0.731914894,0.731914894,0.7319148936170213,0.7012987012987012,0.75,0.4742268041237114,0.7634854771784232
24,0.666666667,0.666666667,0.0,0.666666667,0.731914894,0.731914894,0.7319148936170213,0.7012987012987012,0.75,0.5560975609756098,0.7634854771784232
25,0.666666667,0.666666667,0.0,0.666666667,0.731914894,0.731914894,0.7319148936170213,0.7012987012987012,0.75,0.5904761904761904,0.7634854771784232
26,0.666666667,0.666666667,0.0,0.666666667,0.731914894,0.731914894,0.7319148936170213,0.7447698744769874,0.75,0.5904761904761904,0.7634854771784232
27,0.666666667,0.666666667,0.0,0.666666667,0.731914894,0.731914894,0.7319148936170213,0.7447698744769874,0.75,0.5904761904761904,0.7634854771784232
28,0.666666667,0.666666667,0.0,0.666666667,0.731914894,0.731914894,0.7319148936170213,0.7447698744769874,0.75,0.5904761904761904,0.7634854771784232
29,0.666666667,0.666666667,0.0,0.666666667,0.731914894,0.731914894,0.7319148936170213,0.7447698744769874,0.75,0.5904761904761904,0.7634854771784232
30,0.666666667,0.666666667,0.0,0.666666667,0.731914894,0.731914894,0.7319148936170213,0.7447698744769874,0.75,0.5971563981042654,0.7634854771784232
31,0.666666667,0.666666667,0.0,0.666666667,0.731914894,0.731914894,0.7319148936170213,0.7447698744769874,0.75,0.5971563981042654,0.7634854771784232
32,0.666666667,0.666666667,0.0,0.666666667,0.731914894,0.731914894,0.7319148936170213,0.7447698744769874,0.75,0.5971563981042654,0.7634854771784232
33,0.666666667,0.666666667,0.0,0.666666667,0.731914894,0.731914894,0.7319148936170213,0.7447698744769874,0.75,0.5971563981042654,0.7634854771784232
34,0.666666667,0.666666667,0.0,0.666666667,0.731914894,0.731914894,0.7319148936170213,0.7447698744769874,0.75,0.6175115207373272,0.7634854771784232
35,0.666666667,0.666666667,0.0,0.666666667,0.731914894,0.731914894,0.7319148936170213,0.7447698744769874,0.75,0.6363636363636364,0.7634854771784232
36,0.666666667,0.666666667,0.0,0.666666667,0.731914894,0.731914894,0.7319148936170213,0.7447698744769874,0.75,0.6363636363636364,0.7634854771784232
37,0.666666667,0.666666667,0.0,0.666666667,0.731914894,0.731914894,0.7319148936170213,0.7447698744769874,0.75,0.6363636363636364,0.7583333333333334
38,0.666666667,0.666666667,0.0,0.666666667,0.731914894,0.731914894,0.7319148936170213,0.7447698744769874,0.75,0.6363636363636364,0.7531380753138075
39,0.666666667,0.666666667,0.0,0.666666667,0.731914894,0.731914894,0.7319148936170213,0.7447698744769874,0.75,0.6363636363636364,0.7583333333333334
40,0.666666667,0.666666667,0.0,0.666666667,0.731914894,0.731914894,0.7319148936170213,0.7447698744769874,0.75,0.6363636363636364,0.7531380753138075
41,0.666666667,0.666666667,0.0,0.666666667,0.731914894,0.731914894,0.7319148936170213,0.7447698744769874,0.75,0.6363636363636364,0.7531380753138075
42,0.666666667,0.666666667,0.0,0.666666667,0.731914894,0.731914894,0.7319148936170213,0.7447698744769874,0.75,0.6363636363636364,0.7531380753138075
43,0.666666667,0.666666667,0.0,0.666666667,0.731914894,0.731914894,0.7319148936170213,0.7447698744769874,0.75,0.6363636363636364,0.7634854771784232
44,0.666666667,0.666666667,0.0,0.666666667,0.731914894,0.731914894,0.7319148936170213,0.7447698744769874,0.75,0.6363636363636364,0.7634854771784232
45,0.666666667,0.666666667,0.0,0.666666667,0.731914894,0.731914894,0.7319148936170213,0.7447698744769874,0.75,0.6363636363636364,0.7634854771784232
46,0.666666667,0.666666667,0.0,0.666666667,0.731914894,0.731914894,0.7319148936170213,0.7447698744769874,0.75,0.6363636363636364,0.7634854771784232
47,0.666666667,0.666666667,0.0,0.666666667,0.731914894,0.731914894,0.7319148936170213,0.7447698744769874,0.75,0.6363636363636364,0.7634854771784232
48,0.666666667,0.666666667,0.0,0.666666667,0.731914894,0.731914894,0.7319148936170213,0.7447698744769874,0.75,0.6363636363636364,0.7634854771784232
49,0.666666667,0.666666667,0.0,0.666666667,0.731914894,0.731914894,0.7319148936170213,0.7447698744769874,0.75,0.6363636363636364,0.7634854771784232
50,0.666666667,0.666666667,0.0,0.666666667,0.731914894,0.731914894,0.7319148936170213,0.7447698744769874,0.75,0.6363636363636364,0.7634854771784232
51,0.666666667,0.666666667,0.0,0.666666667,0.731914894,0.731914894,0.7319148936170213,0.7447698744769874,0.75,0.6363636363636364,0.7634854771784232
52,0.666666667,0.666666667,0.0,0.666666667,0.731914894,0.731914894,0.7319148936170213,0.7447698744769874,0.75,0.6363636363636364,0.7634854771784232
53,0.666666667,0.666666667,0.0,0.666666667,0.731914894,0.731914894,0.7319148936170213,0.7447698744769874,0.75,0.6363636363636364,0.7634854771784232
54,0.666666667,0.666666667,0.0,0.666666667,0.731914894,0.731914894,0.7319148936170213,0.7447698744769874,0.75,0.6363636363636364,0.7634854771784232
55,0.666666667,0.666666667,0.0,0.666666667,0.731914894,0.731914894,0.7319148936170213,0.7447698744769874,0.75,0.6363636363636364,0.7634854771784232
56,0.666666667,0.666666667,0.0,0.666666667,0.731914894,0.731914894,0.7319148936170213,0.7447698744769874,0.75,0.6363636363636364,0.7634854771784232
57,0.666666667,0.666666667,0.0,0.666666667,0.731914894,0.731914894,0.7319148936170213,0.7447698744769874,0.75,0.6363636363636364,0.7634854771784232
58,0.666666667,0.666666667,0.0,0.666666667,0.731914894,0.731914894,0.7319148936170213,0.7447698744769874,0.75,0.6363636363636364,0.7634854771784232
59,0.666666667,0.666666667,0.0,0.666666667,0.731914894,0.731914894,0.7319148936170213,0.7447698744769874,0.75,0.6363636363636364,0.7634854771784232
60,0.666666667,0.666666667,0.0,0.666666667,0.731914894,0.731914894,0.7319148936170213,0.7447698744769874,0.75,0.6363636363636364,0.7634854771784232
61,0.666666667,0.666666667,0.0,0.666666667,0.731914894,0.731914894,0.7319148936170213,0.7447698744769874,0.75,0.6363636363636364,0.7634854771784232
62,0.666666667,0.666666667,0.0,0.666666667,0.731914894,0.731914894,0.7319148936170213,0.7447698744769874,0.75,0.6363636363636364,0.7634854771784232
63,0.666666667,0.666666667,0.0,0.666666667,0.731914894,0.731914894,0.7319148936170213,0.7447698744769874,0.75,0.6363636363636364,0.7634854771784232
64,0.666666667,0.666666667,0.0,0.666666667,0.731914894,0.731914894,0.7319148936170213,0.7447698744769874,0.75,0.6363636363636364,0.7634854771784232
65,0.666666667,0.666666667,0.0,0.666666667,0.731914894,0.731914894,0.7319148936170213,0.7447698744769874,0.75,0.6363636363636364,0.7634854771784232
66,0.666666667,0.666666667,0.0,0.666666667,0.731914894,0.731914894,0.7319148936170213,0.7447698744769874,0.75,0.6363636363636364,0.7634854771784232
67,0.666666667,0.666666667,0.0,0.666666667,0.731914894,0.731914894,0.7319148936170213,0.7447698744769874,0.75,0.6363636363636364,0.7583333333333334
68,0.666666667,0.666666667,0.0,0.666666667,0.731914894,0.731914894,0.7319148936170213,0.7447698744769874,0.75,0.6363636363636364,0.7583333333333334
69,0.666666667,0.666666667,0.0,0.666666667,0.731914894,0.731914894,0.7319148936170213,0.7447698744769874,0.75,0.6363636363636364,0.7583333333333334
70,0.666666667,0.666666667,0.0,0.666666667,0.731914894,0.731914894,0.7319148936170213,0.7447698744769874,0.75,0.6363636363636364,0.7634854771784232
71,0.666666667,0.666666667,0.0,0.666666667,0.731914894,0.731914894,0.7319148936170213,0.7447698744769874,0.75,0.6363636363636364,0.7583333333333334
72,0.666666667,0.666666667,0.0,0.666666667,0.731914894,0.731914894,0.7319148936170213,0.7447698744769874,0.75,0.6363636363636364,0.7583333333333334
73,0.666666667,0.666666667,0.0,0.666666667,0.731914894,0.731914894,0.7319148936170213,0.7447698744769874,0.75,0.6363636363636364,0.7634854771784232
74,0.666666667,0.666666667,0.0,0.666666667,0.731914894,0.731914894,0.7319148936170213,0.7447698744769874,0.75,0.6363636363636364,0.7531380753138075
75,0.666666667,0.666666667,0.0,0.666666667,0.731914894,0.731914894,0.7319148936170213,0.7447698744769874,0.75,0.6363636363636364,0.7583333333333334
76,0.666666667,0.666666667,0.0,0.666666667,0.731914894,0.731914894,0.7319148936170213,0.7447698744769874,0.75,0.6363636363636364,0.7634854771784232
77,0.666666667,0.666666667,0.0,0.666666667,0.731914894,0.731914894,0.7319148936170213,0.7447698744769874,0.75,0.6363636363636364,0.7634854771784232
78,0.666666667,0.666666667,0.0,0.666666667,0.731914894,0.731914894,0.7319148936170213,0.7447698744769874,0.75,0.6363636363636364,0.7634854771784232
79,0.666666667,0.666666667,0.0,0.666666667,0.731914894,0.731914894,0.7319148936170213,0.7447698744769874,0.75,0.6363636363636364,0.7634854771784232
80,0.666666667,0.666666667,0.0,0.666666667,0.731914894,0.731914894,0.7319148936170213,0.7447698744769874,0.75,0.6363636363636364,0.7634854771784232
81,0.666666667,0.666666667,0.0,0.666666667,0.731914894,0.731914894,0.7319148936170213,0.7447698744769874,0.75,0.6363636363636364,0.7634854771784232
82,0.666666667,0.666666667,0.0,0.666666667,0.731914894,0.731914894,0.7319148936170213,0.7447698744769874,0.75,0.6363636363636364,0.7634854771784232
83,0.666666667,0.666666667,0.0,0.666666667,0.731914894,0.731914894,0.7319148936170213,0.7447698744769874,0.75,0.6363636363636364,0.7634854771784232
84,0.666666667,0.666666667,0.0,0.666666667,0.731914894,0.731914894,0.7319148936170213,0.7447698744769874,0.75,0.6363636363636364,0.7634854771784232
85,0.666666667,0.666666667,0.0,0.666666667,0.731914894,0.731914894,0.7319148936170213,0.7447698744769874,0.75,0.6363636363636364,0.7634854771784232
86,0.666666667,0.666666667,0.0,0.666666667,0.731914894,0.731914894,0.7319148936170213,0.7447698744769874,0.75,0.6363636363636364,0.7634854771784232
87,0.666666667,0.666666667,0.0,0.666666667,0.731914894,0.731914894,0.7319148936170213,0.7447698744769874,0.75,0.6363636363636364,0.7634854771784232
88,0.666666667,0.666666667,0.0,0.666666667,0.731914894,0.731914894,0.7319148936170213,0.7447698744769874,0.75,0.6363636363636364,0.7634854771784232
89,0.666666667,0.666666667,0.0,0.666666667,0.731914894,0.731914894,0.7319148936170213,0.7447698744769874,0.75,0.6363636363636364,0.7634854771784232
90,0.666666667,0.666666667,0.0,0.666666667,0.731914894,0.731914894,0.7319148936170213,0.7447698744769874,0.75,0.6363636363636364,0.7634854771784232
91,0.666666667,0.666666667,0.0,0.666666667,0.731914894,0.731914894,0.7319148936170213,0.7447698744769874,0.75,0.6363636363636364,0.7634854771784232
92,0.666666667,0.666666667,0.0,0.666666667,0.731914894,0.731914894,0.7319148936170213,0.7447698744769874,0.75,0.6363636363636364,0.7634854771784232
93,0.666666667,0.666666667,0.0,0.666666667,0.731914894,0.731914894,0.7319148936170213,0.7447698744769874,0.75,0.6363636363636364,0.7634854771784232
94,0.666666667,0.666666667,0.0,0.666666667,0.731914894,0.731914894,0.7319148936170213,0.7447698744769874,0.75,0.6363636363636364,0.7634854771784232
95,0.666666667,0.666666667,0.0,0.666666667,0.731914894,0.731914894,0.7319148936170213,0.7447698744769874,0.75,0.6363636363636364,0.7634854771784232
96,0.666666667,0.666666667,0.0,0.666666667,0.731914894,0.731914894,0.7319148936170213,0.7447698744769874,0.75,0.6363636363636364,0.7634854771784232
97,0.666666667,0.666666667,0.0,0.666666667,0.731914894,0.731914894,0.7319148936170213,0.7447698744769874,0.75,0.6363636363636364,0.7634854771784232
98,0.666666667,0.666666667,0.0,0.666666667,0.731914894,0.731914894,0.7319148936170213,0.7447698744769874,0.75,0.6363636363636364,0.7634854771784232
99,0.666666667,0.666666667,0.0,0.666666667,0.731914894,0.731914894,0.7319148936170213,0.7447698744769874,0.75,0.6363636363636364,0.7634854771784232
100,0.666666667,0.666666667,0.0,0.666666667,0.731914894,0.731914894,0.7319148936170213,0.7447698744769874,0.75,0.6363636363636364,0.7634854771784232
101,0.666666667,0.666666667,0.0,0.666666667,0.731914894,0.731914894,0.7319148936170213,0.7447698744769874,0.75,0.6363636363636364,0.7634854771784232
102,0.666666667,0.666666667,0.0,0.666666667,0.731914894,0.731914894,0.7319148936170213,0.7447698744769874,0.75,0.6363636363636364,0.7634854771784232
103,0.666666667,0.666666667,0.0,0.666666667,0.731914894,0.731914894,0.7319148936170213,0.7447698744769874,0.75,0.6363636363636364,0.7634854771784232
104,0.666666667,0.666666667,0.0,0.666666667,0.731914894,0.731914894,0.7319148936170213,0.7447698744769874,0.75,0.6363636363636364,0.7634854771784232
105,0.666666667,0.666666667,0.0,0.666666667,0.731914894,0.731914894,0.7319148936170213,0.7447698744769874,0.75,0.6363636363636364,0.7634854771784232
106,0.666666667,0.666666667,0.0,0.666666667,0.731914894,0.731914894,0.7319148936170213,0.7447698744769874,0.75,0.6363636363636364,0.7634854771784232
107,0.666666667,0.666666667,0.0,0.666666667,0.731914894,0.731914894,0.7319148936170213,0.7447698744769874,0.75,0.6363636363636364,0.7634854771784232
108,0.666666667,0.666666667,0.0,0.666666667,0.731914894,0.731914894,0.7319148936170213,0.7447698744769874,0.75,0.6363636363636364,0.7634854771784232
109,0.666666667,0.666666667,0.0,0.666666667,0.731914894,0.731914894,0.7319148936170213,0.7447698744769874,0.75,0.6363636363636364,0.7634854771784232
110,0.666666667,0.666666667,0.0,0.666666667,0.731914894,0.731914894,0.7319148936170213,0.7447698744769874,0.75,0.6363636363636364,0.7634854771784232
111,0.666666667,0.666666667,0.0,0.666666667,0.731914894,0.731914894,0.7319148936170213,0.7510204081632654,0.75,0.6363636363636364,0.7634854771784232
112,0.666666667,0.666666667,0.0,0.666666667,0.731914894,0.731914894,0.7319148936170213,0.7551867219917012,0.75,0.6363636363636364,0.7634854771784232
113,0.666666667,0.666666667,0.0,0.666666667,0.731914894,0.731914894,0.7319148936170213,0.75,0.75,0.6363636363636364,0.7634854771784232
114,0.666666667,0.666666667,0.0,0.666666667,0.731914894,0.731914894,0.7319148936170213,0.75,0.75,0.6363636363636364,0.7634854771784232
115,0.666666667,0.666666667,0.0,0.666666667,0.731914894,0.731914894,0.7319148936170213,0.75,0.75,0.6363636363636364,0.7634854771784232
116,0.666666667,0.666666667,0.0,0.666666667,0.731914894,0.731914894,0.7319148936170213,0.75,0.75,0.6363636363636364,0.7634854771784232
117,0.666666667,0.666666667,0.0,0.666666667,0.731914894,0.731914894,0.7319148936170213,0.75,0.75,0.6363636363636364,0.7634854771784232
118,0.666666667,0.666666667,0.0,0.666666667,0.731914894,0.731914894,0.7319148936170213,0.75,0.75,0.6363636363636364,0.7634854771784232
119,0.666666667,0.666666667,0.0,0.666666667,0.731914894,0.731914894,0.7319148936170213,0.75,0.75,0.6363636363636364,0.7634854771784232
120,0.666666667,0.666666667,0.0,0.666666667,0.731914894,0.731914894,0.7319148936170213,0.75,0.75,0.6363636363636364,0.7634854771784232
121,0.666666667,0.666666667,0.0,0.666666667,0.731914894,0.731914894,0.7319148936170213,0.75,0.75,0.6363636363636364,0.7634854771784232
122,0.666666667,0.666666667,0.0,0.666666667,0.731914894,0.731914894,0.7319148936170213,0.75,0.75,0.6363636363636364,0.7634854771784232
123,0.666666667,0.666666667,0.0,0.666666667,0.731914894,0.731914894,0.7319148936170213,0.75,0.75,0.6363636363636364,0.7634854771784232
124,0.666666667,0.666666667,0.0,0.666666667,0.731914894,0.731914894,0.7319148936170213,0.75,0.75,0.6363636363636364,0.7634854771784232
125,0.666666667,0.666666667,0.0,0.666666667,0.731914894,0.731914894,0.7319148936170213,0.75,0.75,0.6363636363636364,0.7634854771784232
126,0.666666667,0.666666667,0.0,0.666666667,0.731914894,0.731914894,0.7319148936170213,0.7447698744769874,0.75,0.6363636363636364,0.7634854771784232
127,0.666666667,0.666666667,0.0,0.666666667,0.731914894,0.731914894,0.7319148936170213,0.75,0.75,0.6363636363636364,0.7634854771784232
128,0.666666667,0.666666667,0.0,0.666666667,0.731914894,0.731914894,0.7319148936170213,0.75,0.75,0.6363636363636364,0.7634854771784232
129,0.666666667,0.666666667,0.0,0.666666667,0.731914894,0.731914894,0.7319148936170213,0.75,0.75,0.6363636363636364,0.7634854771784232
130,0.666666667,0.666666667,0.0,0.666666667,0.731914894,0.731914894,0.7319148936170213,0.75,0.75,0.6363636363636364,0.7634854771784232
131,0.666666667,0.666666667,0.0,0.666666667,0.731914894,0.731914894,0.7319148936170213,0.75,0.75,0.6363636363636364,0.7634854771784232
132,0.666666667,0.666666667,0.0,0.666666667,0.731914894,0.731914894,0.7319148936170213,0.75,0.75,0.6363636363636364,0.7634854771784232
133,0.666666667,0.666666667,0.0,0.666666667,0.731914894,0.731914894,0.7319148936170213,0.75,0.75,0.6363636363636364,0.7634854771784232
134,0.666666667,0.666666667,0.0,0.666666667,0.731914894,0.731914894,0.7319148936170213,0.75,0.75,0.6363636363636364,0.7634854771784232
135,0.666666667,0.666666667,0.0,0.666666667,0.731914894,0.731914894,0.7319148936170213,0.75,0.75,0.6363636363636364,0.7634854771784232
136,0.666666667,0.666666667,0.0,0.666666667,0.731914894,0.731914894,0.7319148936170213,0.75,0.75,0.6363636363636364,0.7634854771784232
137,0.666666667,0.666666667,0.0,0.666666667,0.731914894,0.731914894,0.7319148936170213,0.75,0.75,0.6363636363636364,0.7634854771784232
138,0.666666667,0.666666667,0.0,0.666666667,0.731914894,0.731914894,0.7319148936170213,0.75,0.75,0.6363636363636364,0.7634854771784232
139,0.666666667,0.666666667,0.0,0.666666667,0.731914894,0.731914894,0.7319148936170213,0.75,0.75,0.6363636363636364,0.7634854771784232
140,0.666666667,0.666666667,0.0,0.666666667,0.731914894,0.731914894,0.7319148936170213,0.75,0.75,0.6363636363636364,0.7634854771784232
141,0.666666667,0.666666667,0.0,0.666666667,0.731914894,0.731914894,0.7319148936170213,0.75,0.75,0.6363636363636364,0.7634854771784232
142,0.666666667,0.666666667,0.0,0.666666667,0.731914894,0.731914894,0.7319148936170213,0.75,0.75,0.6363636363636364,0.7634854771784232
143,0.666666667,0.666666667,0.0,0.666666667,0.731914894,0.731914894,0.7319148936170213,0.75,0.75,0.6363636363636364,0.7634854771784232
144,0.666666667,0.666666667,0.0,0.666666667,0.731914894,0.731914894,0.7319148936170213,0.75,0.75,0.6363636363636364,0.7634854771784232
145,0.666666667,0.666666667,0.0,0.666666667,0.731914894,0.731914894,0.7319148936170213,0.75,0.75,0.6363636363636364,0.7634854771784232
146,0.666666667,0.666666667,0.0,0.666666667,0.731914894,0.731914894,0.7319148936170213,0.75,0.75,0.6363636363636364,0.7634854771784232
147,0.666666667,0.666666667,0.0,0.666666667,0.731914894,0.731914894,0.7319148936170213,0.75,0.75,0.6363636363636364,0.7634854771784232
148,0.666666667,0.666666667,0.0,0.666666667,0.731914894,0.731914894,0.7319148936170213,0.75,0.75,0.6363636363636364,0.7634854771784232
149,0.666666667,0.666666667,0.0,0.666666667,0.731914894,0.731914894,0.7319148936170213,0.7447698744769874,0.75,0.6363636363636364,0.7634854771784232
150,0.666666667,0.666666667,0.0,0.666666667,0.731914894,0.731914894,0.7319148936170213,0.75,0.75,0.6363636363636364,0.7634854771784232
151,0.666666667,0.666666667,0.0,0.666666667,0.731914894,0.731914894,0.7319148936170213,0.75,0.75,0.6363636363636364,0.7634854771784232
152,0.666666667,0.666666667,0.0,0.666666667,0.731914894,0.731914894,0.7319148936170213,0.75,0.75,0.6363636363636364,0.7634854771784232
153,0.666666667,0.666666667,0.0,0.666666667,0.731914894,0.731914894,0.7319148936170213,0.75,0.75,0.6363636363636364,0.7634854771784232
154,0.666666667,0.666666667,0.0,0.666666667,0.731914894,0.731914894,0.7319148936170213,0.7447698744769874,0.75,0.6363636363636364,0.7634854771784232
155,0.666666667,0.666666667,0.0,0.666666667,0.731914894,0.731914894,0.7319148936170213,0.75,0.75,0.6363636363636364,0.7634854771784232
156,0.666666667,0.666666667,0.0,0.666666667,0.731914894,0.731914894,0.7319148936170213,0.75,0.75,0.6363636363636364,0.7583333333333334
157,0.666666667,0.666666667,0.0,0.666666667,0.731914894,0.731914894,0.7319148936170213,0.75,0.75,0.6363636363636364,0.7583333333333334
158,0.666666667,0.666666667,0.0,0.666666667,0.731914894,0.731914894,0.7319148936170213,0.75,0.75,0.6363636363636364,0.7583333333333334
159,0.666666667,0.666666667,0.0,0.666666667,0.731914894,0.731914894,0.7319148936170213,0.75,0.75,0.6363636363636364,0.7583333333333334
160,0.666666667,0.666666667,0.0,0.666666667,0.731914894,0.731914894,0.7319148936170213,0.75,0.75,0.6363636363636364,0.7634854771784232
161,0.666666667,0.666666667,0.0,0.666666667,0.731914894,0.731914894,0.7319148936170213,0.75,0.75,0.6363636363636364,0.7634854771784232
162,0.666666667,0.666666667,0.0,0.666666667,0.731914894,0.731914894,0.7319148936170213,0.7447698744769874,0.75,0.6363636363636364,0.7634854771784232
163,0.666666667,0.666666667,0.0,0.666666667,0.731914894,0.731914894,0.7319148936170213,0.75,0.75,0.6363636363636364,0.7634854771784232
164,0.666666667,0.666666667,0.0,0.666666667,0.731914894,0.731914894,0.7319148936170213,0.75,0.75,0.6363636363636364,0.7634854771784232
165,0.666666667,0.666666667,0.0,0.666666667,0.731914894,0.731914894,0.7319148936170213,0.75,0.75,0.6363636363636364,0.7634854771784232
166,0.666666667,0.666666667,0.0,0.666666667,0.731914894,0.731914894,0.7319148936170213,0.75,0.75,0.6363636363636364,0.7634854771784232
167,0.666666667,0.666666667,0.0,0.666666667,0.731914894,0.731914894,0.7319148936170213,0.7447698744769874,0.75,0.6363636363636364,0.7634854771784232
168,0.666666667,0.666666667,0.0,0.666666667,0.731914894,0.731914894,0.7319148936170213,0.75,0.75,0.6363636363636364,0.7634854771784232
169,0.666666667,0.666666667,0.0,0.666666667,0.731914894,0.731914894,0.7319148936170213,0.75,0.75,0.6363636363636364,0.7634854771784232
170,0.666666667,0.666666667,0.0,0.666666667,0.731914894,0.731914894,0.7319148936170213,0.75,0.75,0.6363636363636364,0.7634854771784232
171,0.666666667,0.666666667,0.0,0.666666667,0.731914894,0.731914894,0.7319148936170213,0.75,0.75,0.6363636363636364,0.7634854771784232
172,0.666666667,0.666666667,0.0,0.666666667,0.731914894,0.731914894,0.7319148936170213,0.75,0.75,0.6363636363636364,0.7634854771784232
173,0.666666667,0.666666667,0.0,0.666666667,0.731914894,0.731914894,0.7319148936170213,0.75,0.75,0.6363636363636364,0.7634854771784232
174,0.666666667,0.666666667,0.0,0.666666667,0.731914894,0.731914894,0.7319148936170213,0.75,0.75,0.6363636363636364,0.7634854771784232
175,0.666666667,0.666666667,0.0,0.666666667,0.731914894,0.731914894,0.7319148936170213,0.75,0.75,0.6363636363636364,0.7634854771784232
176,0.666666667,0.666666667,0.0,0.666666667,0.731914894,0.731914894,0.7319148936170213,0.75,0.75,0.6363636363636364,0.7634854771784232
177,0.666666667,0.666666667,0.0,0.666666667,0.731914894,0.731914894,0.7319148936170213,0.75,0.75,0.6363636363636364,0.7634854771784232
178,0.666666667,0.666666667,0.0,0.666666667,0.731914894,0.731914894,0.7319148936170213,0.75,0.75,0.6363636363636364,0.7634854771784232
179,0.666666667,0.666666667,0.0,0.666666667,0.731914894,0.728813559,0.7319148936170213,0.75,0.75,0.6363636363636364,0.7583333333333334
180,0.666666667,0.666666667,0.0,0.666666667,0.731914894,0.731914894,0.7319148936170213,0.75,0.75,0.6363636363636364,0.7583333333333334
181,0.666666667,0.666666667,0.0,0.666666667,0.731914894,0.731914894,0.7319148936170213,0.75,0.75,0.6363636363636364,0.7583333333333334
182,0.666666667,0.666666667,0.0,0.666666667,0.731914894,0.731914894,0.7319148936170213,0.75,0.75,0.6363636363636364,0.7583333333333334
183,0.666666667,0.666666667,0.0,0.666666667,0.731914894,0.731914894,0.7319148936170213,0.75,0.75,0.6363636363636364,0.7634854771784232
184,0.666666667,0.666666667,0.0,0.666666667,0.731914894,0.731914894,0.7319148936170213,0.75,0.75,0.6363636363636364,0.7634854771784232
185,0.666666667,0.666666667,0.0,0.666666667,0.731914894,0.731914894,0.7319148936170213,0.75,0.75,0.6363636363636364,0.7634854771784232
186,0.666666667,0.666666667,0.0,0.666666667,0.731914894,0.731914894,0.7319148936170213,0.75,0.75,0.6363636363636364,0.7634854771784232
187,0.666666667,0.666666667,0.0,0.666666667,0.731914894,0.731914894,0.7319148936170213,0.75,0.75,0.6363636363636364,0.7634854771784232
188,0.666666667,0.666666667,0.0,0.666666667,0.731914894,0.731914894,0.7319148936170213,0.75,0.75,0.6363636363636364,0.7634854771784232
189,0.666666667,0.666666667,0.0,0.666666667,0.731914894,0.731914894,0.7319148936170213,0.75,0.75,0.6363636363636364,0.7634854771784232
190,0.666666667,0.666666667,0.0,0.666666667,0.731914894,0.731914894,0.7319148936170213,0.75,0.75,0.6363636363636364,0.7634854771784232
191,0.666666667,0.666666667,0.185185185,0.666666667,0.731914894,0.731914894,0.7319148936170213,0.75,0.75,0.6363636363636364,0.7634854771784232
192,0.666666667,0.666666667,0.185185185,0.666666667,0.731914894,0.731914894,0.7319148936170213,0.75,0.75,0.6363636363636364,0.7634854771784232
193,0.666666667,0.666666667,0.185185185,0.666666667,0.731914894,0.731914894,0.7319148936170213,0.75,0.75,0.6363636363636364,0.7634854771784232
194,0.666666667,0.666666667,0.185185185,0.666666667,0.731914894,0.731914894,0.7319148936170213,0.75,0.75,0.6363636363636364,0.7634854771784232
195,0.666666667,0.666666667,0.185185185,0.666666667,0.731914894,0.731914894,0.7319148936170213,0.75,0.75,0.6363636363636364,0.7634854771784232
196,0.666666667,0.666666667,0.185185185,0.666666667,0.731914894,0.731914894,0.7319148936170213,0.75,0.75,0.6363636363636364,0.7634854771784232
197,0.666666667,0.666666667,0.185185185,0.666666667,0.731914894,0.731914894,0.7319148936170213,0.75,0.75,0.6363636363636364,0.7634854771784232
198,0.666666667,0.666666667,0.185185185,0.666666667,0.731914894,0.728813559,0.7319148936170213,0.75,0.75,0.6363636363636364,0.7583333333333334
199,0.666666667,0.666666667,0.185185185,0.666666667,0.731914894,0.731914894,0.7319148936170213,0.75,0.75,0.6363636363636364,0.7634854771784232
200,0.666666667,0.666666667,0.185185185,0.666666667,0.731914894,0.731914894,0.7319148936170213,0.75,0.75,0.6363636363636364,0.7583333333333334
