,Auto_Cat,IF_Cat,One_Cat,Random_F1,Random_Kappa
0,0.328899513,0.328899513,0.328899513,0.329545455,0.32889951290200625
1,0.270011315,0.328899513,0.328899513,0.329545455,0.3383279454446778
2,0.270011315,0.328899513,0.319363856,0.338983051,0.3383279454446778
3,0.410103014,0.299963469,0.309719135,0.329545455,0.32889951290200625
4,0.290094931,0.319363856,0.328899513,0.329545455,0.32889951290200625
5,0.290094931,0.328899513,0.328899513,0.329545455,0.32889951290200625
6,0.435451015,0.328899513,0.328899513,0.329545455,0.3193638560657528
7,0.290094931,0.328899513,0.328899513,0.329545455,0.3383279454446778
8,0.290094931,0.299963469,0.328899513,0.329545455,0.3383279454446778
9,0.418642781,0.626023412,0.328899513,0.329545455,0.3383279454446778
10,0.435451015,0.692343993,0.328899513,0.329545455,0.3383279454446778
11,0.427091633,0.692343993,0.328899513,0.329545455,0.3383279454446778
12,0.427091633,0.709339299,0.328899513,0.329545455,0.3383279454446778
13,0.401470858,0.709339299,0.328899513,0.329545455,0.3383279454446778
14,0.410103014,0.686579443,0.319363856,0.329545455,0.3193638560657528
15,0.427091633,0.650900887,0.328899513,0.329545455,0.32889951290200625
16,0.435451015,0.638575299,0.309719135,0.329545455,0.2900949313305763
17,0.435451015,0.638575299,0.309719135,0.329545455,0.32889951290200625
18,0.435451015,0.638575299,0.328899513,0.329545455,0.32889951290200625
19,0.435451015,0.626023412,0.328899513,0.338983051,0.32889951290200625
20,0.410103014,0.650900887,0.328899513,0.338983051,0.32889951290200625
21,0.410103014,0.593611777,0.328899513,0.338983051,0.32889951290200625
22,0.427091633,0.593611777,0.328899513,0.338983051,0.32889951290200625
23,0.401470858,0.593611777,0.328899513,0.338983051,0.3193638560657528
24,0.427091633,0.626023412,0.309719135,0.338983051,0.32889951290200625
25,0.410103014,0.593611777,0.299963469,0.338983051,0.32889951290200625
26,0.410103014,0.626023412,0.328899513,0.338983051,0.3193638560657528
27,0.401470858,0.593611777,0.328899513,0.338983051,0.2900949313305763
28,0.410103014,0.626023412,0.319363856,0.338983051,0.2494519642297922
29,0.422530811,0.580216739,0.328899513,0.338983051,0.2900949313305763
30,0.427091633,0.58694587,0.328899513,0.338983051,0.2900949313305763
31,0.410103014,0.580216739,0.328899513,0.338983051,0.32889951290200625
32,0.427091633,0.58694587,0.328899513,0.338983051,0.3193638560657528
33,0.401470858,0.580216739,0.319363856,0.338983051,0.30971913537281404
34,0.471034275,0.573423478,0.328899513,0.348314607,0.32889951290200625
35,0.435451015,0.580216739,0.328899513,0.348314607,0.2801115523060167
36,0.430826493,0.580216739,0.328899513,0.338983051,0.30971913537281404
37,0.422530811,0.58694587,0.319363856,0.329545455,0.2900949313305763
38,0.471034275,0.580216739,0.319363856,0.329545455,0.2494519642297922
39,0.471034275,0.58694587,0.328899513,0.329545455,0.2700113154960069
40,0.401470858,0.580216739,0.328899513,0.329545455,0.2900949313305763
41,0.401470858,0.580216739,0.319363856,0.32,0.29996346893813697
42,0.401470858,0.580216739,0.319363856,0.338983051,0.30971913537281404
43,0.401470858,0.580216739,0.319363856,0.338983051,0.2900949313305763
44,0.401470858,0.531264368,0.328899513,0.338983051,0.2900949313305763
45,0.443722341,0.580216739,0.319363856,0.338983051,0.2900949313305763
46,0.410103014,0.580216739,0.328899513,0.32,0.2389885739526123
47,0.401470858,0.580216739,0.319363856,0.338983051,0.2389885739526123
48,0.410103014,0.580216739,0.338327945,0.329545455,0.2597921570500732
49,0.401470858,0.606757448,0.319363856,0.329545455,0.2389885739526123
50,0.455200045,0.566565168,0.319363856,0.290697674,0.2700113154960069
51,0.401470858,0.552649625,0.328899513,0.329545455,0.2494519642297922
52,0.427091633,0.559640869,0.328899513,0.338983051,0.2700113154960069
53,0.41414728,0.552649625,0.328899513,0.329545455,0.2494519642297922
54,0.478830741,0.559640869,0.328899513,0.329545455,0.2597921570500732
55,0.447159779,0.552649625,0.328899513,0.338983051,0.2389885739526123
56,0.410103014,0.552649625,0.328899513,0.338983051,0.2389885739526123
57,0.410103014,0.552649625,0.328899513,0.329545455,0.2700113154960069
58,0.427091633,0.538462379,0.328899513,0.338983051,0.2700113154960069
59,0.410103014,0.552649625,0.328899513,0.338983051,0.2900949313305763
60,0.443722341,0.552649625,0.319363856,0.32,0.2900949313305763
61,0.427091633,0.509240312,0.319363856,0.310344828,0.2700113154960069
62,0.451906994,0.5166544,0.338327945,0.310344828,0.2700113154960069
63,0.443722341,0.455200045,0.328899513,0.329545455,0.2700113154960069
64,0.401470858,0.54559046,0.290094931,0.338983051,0.2700113154960069
65,0.418642781,0.455200045,0.319363856,0.329545455,0.2801115523060167
66,0.410103014,0.494188443,0.290094931,0.329545455,0.2494519642297922
67,0.401470858,0.559640869,0.328899513,0.32,0.2900949313305763
68,0.410103014,0.559640869,0.299963469,0.338983051,0.2900949313305763
69,0.418642781,0.559640869,0.290094931,0.329545455,0.2900949313305763
70,0.401470858,0.552649625,0.309719135,0.329545455,0.2900949313305763
71,0.410103014,0.566565168,0.290094931,0.329545455,0.2801115523060167
72,0.435451015,0.552649625,0.319363856,0.338983051,0.2900949313305763
73,0.435451015,0.559640869,0.309719135,0.329545455,0.2700113154960069
74,0.435451015,0.54559046,0.328899513,0.329545455,0.2900949313305763
75,0.418642781,0.54559046,0.328899513,0.329545455,0.2700113154960069
76,0.435451015,0.54559046,0.238988574,0.338983051,0.2900949313305763
77,0.435451015,0.54559046,0.299963469,0.329545455,0.2801115523060167
78,0.435451015,0.559640869,0.299963469,0.329545455,0.2700113154960069
79,0.418642781,0.559640869,0.238988574,0.338983051,0.2900949313305763
80,0.491576633,0.566565168,0.270011315,0.329545455,0.2389885739526123
81,0.435451015,0.54559046,0.238988574,0.338983051,0.2389885739526123
82,0.427091633,0.54559046,0.280111552,0.329545455,0.2597921570500732
83,0.443722341,0.54559046,0.280111552,0.329545455,0.2900949313305763
84,0.410103014,0.54559046,0.319363856,0.329545455,0.2597921570500732
85,0.475954329,0.566565168,0.290094931,0.348314607,0.2801115523060167
86,0.443722341,0.559640869,0.328899513,0.338983051,0.2900949313305763
87,0.468021674,0.559640869,0.328899513,0.338983051,0.2700113154960069
88,0.451906994,0.478830741,0.290094931,0.338983051,0.2900949313305763
89,0.451906994,0.494188443,0.328899513,0.300578035,0.2700113154960069
90,0.418642781,0.478830741,0.328899513,0.290697674,0.2597921570500732
91,0.443722341,0.523995393,0.259792157,0.290697674,0.2900949313305763
92,0.443722341,0.54559046,0.290094931,0.290697674,0.2801115523060167
93,0.435451015,0.471034275,0.259792157,0.290697674,0.2900949313305763
94,0.401470858,0.501752033,0.299963469,0.310344828,0.2700113154960069
95,0.514420906,0.439035701,0.280111552,0.290697674,0.2900949313305763
96,0.54559046,0.538462379,0.319363856,0.280701754,0.2900949313305763
97,0.54559046,0.538462379,0.280111552,0.280701754,0.2801115523060167
98,0.410103014,0.5166544,0.319363856,0.290697674,0.29996346893813697
99,0.418642781,0.447159779,0.280111552,0.290697674,0.2597921570500732
100,0.418642781,0.538462379,0.270011315,0.32,0.2900949313305763
101,0.451906994,0.463157789,0.309719135,0.290697674,0.2900949313305763
102,0.506883118,0.439035701,0.328899513,0.290697674,0.2900949313305763
103,0.443722341,0.455200045,0.328899513,0.25,0.2900949313305763
104,0.463157789,0.538462379,0.299963469,0.290697674,0.2900949313305763
105,0.486548401,0.552649625,0.280111552,0.290697674,0.29996346893813697
106,0.443722341,0.559640869,0.290094931,0.310344828,0.2900949313305763
107,0.451906994,0.54559046,0.299963469,0.290697674,0.2900949313305763
108,0.427091633,0.538462379,0.249451964,0.290697674,0.2900949313305763
109,0.486548401,0.54559046,0.280111552,0.290697674,0.2900949313305763
110,0.486548401,0.559640869,0.299963469,0.270588235,0.29996346893813697
111,0.460006329,0.447159779,0.270011315,0.32,0.2900949313305763
112,0.486548401,0.501752033,0.299963469,0.290697674,0.2900949313305763
113,0.5166544,0.54559046,0.328899513,0.290697674,0.2900949313305763
114,0.580216739,0.447159779,0.259792157,0.290697674,0.2801115523060167
115,0.54559046,0.439035701,0.280111552,0.32,0.2900949313305763
116,0.5166544,0.439035701,0.319363856,0.270588235,0.29996346893813697
117,0.494188443,0.439035701,0.319363856,0.290697674,0.2900949313305763
118,0.552649625,0.531264368,0.319363856,0.300578035,0.2900949313305763
119,0.475954329,0.531264368,0.259792157,0.290697674,0.2900949313305763
120,0.5166544,0.447159779,0.270011315,0.290697674,0.32889951290200625
121,0.552649625,0.439035701,0.238988574,0.290697674,0.3383279454446778
122,0.501752033,0.439035701,0.259792157,0.290697674,0.3383279454446778
123,0.54559046,0.509240312,0.280111552,0.329545455,0.3383279454446778
124,0.509240312,0.439035701,0.238988574,0.32,0.32889951290200625
125,0.494188443,0.559640869,0.259792157,0.300578035,0.32889951290200625
126,0.509240312,0.447159779,0.238988574,0.290697674,0.3383279454446778
127,0.54559046,0.447159779,0.280111552,0.290697674,0.3383279454446778
128,0.494188443,0.439035701,0.259792157,0.329545455,0.3383279454446778
129,0.460006329,0.447159779,0.280111552,0.290697674,0.2900949313305763
130,0.523995393,0.463157789,0.280111552,0.290697674,0.2801115523060167
131,0.5166544,0.439035701,0.280111552,0.300578035,0.2900949313305763
132,0.538462379,0.439035701,0.249451964,0.290697674,0.2900949313305763
133,0.501752033,0.455200045,0.319363856,0.290697674,0.29996346893813697
134,0.486548401,0.463157789,0.280111552,0.290697674,0.3383279454446778
135,0.486548401,0.52864243,0.290094931,0.300578035,0.32889951290200625
136,0.486548401,0.52864243,0.270011315,0.290697674,0.32889951290200625
137,0.494188443,0.535818212,0.290094931,0.300578035,0.32889951290200625
138,0.486548401,0.535818212,0.249451964,0.300578035,0.30971913537281404
139,0.523995393,0.535818212,0.309719135,0.290697674,0.32889951290200625
140,0.486548401,0.535818212,0.328899513,0.290697674,0.32889951290200625
141,0.486548401,0.52864243,0.328899513,0.300578035,0.3383279454446778
142,0.523995393,0.52864243,0.328899513,0.290697674,0.3383279454446778
143,0.501752033,0.535818212,0.309719135,0.290697674,0.32889951290200625
144,0.494188443,0.52864243,0.238988574,0.300578035,0.32889951290200625
145,0.509240312,0.52864243,0.309719135,0.290697674,0.2900949313305763
146,0.523995393,0.460763096,0.328899513,0.300578035,0.2900949313305763
147,0.538462379,0.460763096,0.238988574,0.290697674,0.2900949313305763
148,0.523995393,0.52864243,0.249451964,0.290697674,0.2801115523060167
149,0.486548401,0.484072212,0.319363856,0.300578035,0.2900949313305763
150,0.538462379,0.514078631,0.319363856,0.300578035,0.2900949313305763
151,0.538462379,0.52864243,0.249451964,0.290697674,0.2700113154960069
152,0.531264368,0.484072212,0.299963469,0.290697674,0.2597921570500732
153,0.538462379,0.514078631,0.299963469,0.290697674,0.2801115523060167
154,0.531264368,0.436728832,0.299963469,0.290697674,0.2801115523060167
155,0.5166544,0.4528339,0.238988574,0.300578035,0.2801115523060167
156,0.538462379,0.549962647,0.249451964,0.300578035,0.2801115523060167
157,0.538462379,0.52864243,0.238988574,0.300578035,0.2801115523060167
158,0.538462379,0.535818212,0.309719135,0.290697674,0.2900949313305763
159,0.5166544,0.535818212,0.309719135,0.300578035,0.2801115523060167
160,0.486548401,0.535818212,0.238988574,0.290697674,0.2900949313305763
161,0.494188443,0.535818212,0.259792157,0.290697674,0.2801115523060167
162,0.494188443,0.52864243,0.259792157,0.290697674,0.2801115523060167
163,0.494188443,0.514078631,0.280111552,0.290697674,0.2801115523060167
164,0.486548401,0.444822903,0.290094931,0.290697674,0.2900949313305763
165,0.509240312,0.444822903,0.280111552,0.300578035,0.2900949313305763
166,0.494188443,0.4528339,0.319363856,0.300578035,0.2900949313305763
167,0.475954329,0.444822903,0.280111552,0.290697674,0.2900949313305763
168,0.54559046,0.428550387,0.280111552,0.290697674,0.2900949313305763
169,0.538462379,0.444822903,0.280111552,0.290697674,0.2900949313305763
170,0.486548401,0.428550387,0.270011315,0.290697674,0.2900949313305763
171,0.573423478,0.428550387,0.309719135,0.290697674,0.2900949313305763
172,0.538462379,0.436728832,0.270011315,0.290697674,0.2900949313305763
173,0.509240312,0.484072212,0.270011315,0.290697674,0.2801115523060167
174,0.600215347,0.428550387,0.249451964,0.290697674,0.2801115523060167
175,0.593611777,0.444822903,0.238988574,0.300578035,0.2900949313305763
176,0.552649625,0.436728832,0.259792157,0.290697674,0.2801115523060167
177,0.566565168,0.436728832,0.238988574,0.290697674,0.2900949313305763
178,0.486548401,0.439035701,0.238988574,0.290697674,0.2900949313305763
179,0.538462379,0.447159779,0.309719135,0.290697674,0.2900949313305763
180,0.478830741,0.439035701,0.270011315,0.290697674,0.2900949313305763
181,0.427091633,0.439035701,0.249451964,0.300578035,0.2900949313305763
182,0.478830741,0.447159779,0.238988574,0.290697674,0.2900949313305763
183,0.401470858,0.538462379,0.328899513,0.290697674,0.2900949313305763
184,0.418642781,0.422530811,0.259792157,0.300578035,0.2900949313305763
185,0.410103014,0.439035701,0.238988574,0.300578035,0.2900949313305763
186,0.478830741,0.430826493,0.238988574,0.300578035,0.2900949313305763
187,0.418642781,0.439035701,0.328899513,0.290697674,0.2801115523060167
188,0.410103014,0.439035701,0.328899513,0.280701754,0.2900949313305763
189,0.401470858,0.430826493,0.328899513,0.290697674,0.2900949313305763
190,0.455200045,0.422530811,0.328899513,0.26035503,0.2900949313305763
191,0.486548401,0.430826493,0.328899513,0.239520958,0.2900949313305763
192,0.401470858,0.430826493,0.319363856,0.329545455,0.29996346893813697
193,0.478830741,0.430826493,0.309719135,0.310344828,0.2900949313305763
194,0.443722341,0.439035701,0.309719135,0.290697674,0.2900949313305763
195,0.478830741,0.447159779,0.328899513,0.280701754,0.2900949313305763
196,0.486548401,0.439035701,0.249451964,0.32,0.2900949313305763
197,0.460006329,0.494188443,0.299963469,0.270588235,0.29996346893813697
198,0.486548401,0.439035701,0.290094931,0.270588235,0.29996346893813697
199,0.52927132,0.422530811,0.328899513,0.270588235,0.2900949313305763
200,0.538462379,0.439035701,0.270011315,0.290697674,0.29996346893813697
201,0.606757448,0.430826493,0.259792157,0.329545455,0.2900949313305763
202,0.486548401,0.422530811,0.338327945,0.329545455,0.29996346893813697
203,0.486548401,0.422530811,0.338327945,0.280701754,0.2900949313305763
204,0.54559046,0.439035701,0.319363856,0.329545455,0.29996346893813697
205,0.435451015,0.422530811,0.259792157,0.25,0.2900949313305763
206,0.566565168,0.430826493,0.328899513,0.280701754,0.29996346893813697
207,0.5166544,0.422530811,0.290094931,0.290697674,0.29996346893813697
208,0.5166544,0.422530811,0.338327945,0.32,0.2900949313305763
209,0.531264368,0.430826493,0.338327945,0.290697674,0.2900949313305763
210,0.573423478,0.422530811,0.338327945,0.270588235,0.2900949313305763
211,0.531264368,0.422530811,0.328899513,0.280701754,0.2900949313305763
212,0.538462379,0.422530811,0.338327945,0.310344828,0.2900949313305763
213,0.538462379,0.439035701,0.338327945,0.32,0.2900949313305763
214,0.451906994,0.422530811,0.347650952,0.290697674,0.29996346893813697
215,0.531264368,0.430826493,0.347650952,0.310344828,0.2900949313305763
216,0.531264368,0.439035701,0.338327945,0.32,0.29996346893813697
217,0.538462379,0.430826493,0.338327945,0.290697674,0.29996346893813697
218,0.559640869,0.439035701,0.338327945,0.300578035,0.2900949313305763
219,0.54559046,0.430826493,0.338327945,0.329545455,0.2900949313305763
220,0.501752033,0.422530811,0.347650952,0.310344828,0.2801115523060167
221,0.523995393,0.422530811,0.338327945,0.290697674,0.29996346893813697
222,0.523995393,0.422530811,0.338327945,0.290697674,0.2900949313305763
223,0.523995393,0.422530811,0.365987683,0.290697674,0.2900949313305763
224,0.475954329,0.422530811,0.338327945,0.300578035,0.2801115523060167
225,0.523995393,0.439035701,0.328899513,0.290697674,0.2801115523060167
226,0.486548401,0.422530811,0.328899513,0.290697674,0.2801115523060167
227,0.5166544,0.422530811,0.347650952,0.290697674,0.2900949313305763
228,0.499268751,0.430826493,0.338327945,0.280701754,0.2900949313305763
229,0.435451015,0.430826493,0.309719135,0.280701754,0.2900949313305763
230,0.514420906,0.422530811,0.328899513,0.290697674,0.2900949313305763
231,0.566565168,0.422530811,0.319363856,0.32,0.3193638560657528
232,0.443722341,0.422530811,0.338327945,0.290697674,0.2700113154960069
233,0.538462379,0.430826493,0.338327945,0.310344828,0.2700113154960069
234,0.447159779,0.422530811,0.347650952,0.300578035,0.2900949313305763
235,0.5166544,0.447159779,0.338327945,0.300578035,0.2597921570500732
236,0.499268751,0.430826493,0.328899513,0.329545455,0.2900949313305763
237,0.538462379,0.447159779,0.328899513,0.239520958,0.2900949313305763
238,0.509240312,0.447159779,0.328899513,0.239520958,0.2900949313305763
239,0.499268751,0.422530811,0.328899513,0.239520958,0.2801115523060167
240,0.538462379,0.430826493,0.338327945,0.239520958,0.2801115523060167
241,0.538462379,0.439035701,0.338327945,0.239520958,0.2801115523060167
242,0.538462379,0.422530811,0.338327945,0.300578035,0.2900949313305763
243,0.499268751,0.422530811,0.328899513,0.329545455,0.2900949313305763
244,0.538462379,0.422530811,0.299963469,0.32,0.2900949313305763
245,0.443722341,0.501752033,0.338327945,0.280701754,0.2900949313305763
246,0.573423478,0.430826493,0.299963469,0.310344828,0.2900949313305763
247,0.573423478,0.430826493,0.338327945,0.280701754,0.2801115523060167
248,0.538462379,0.422530811,0.290094931,0.290697674,0.2700113154960069
249,0.509240312,0.430826493,0.319363856,0.280701754,0.2900949313305763
250,0.523995393,0.430826493,0.338327945,0.32,0.32889951290200625
251,0.538462379,0.439035701,0.338327945,0.280701754,0.32889951290200625
252,0.435451015,0.422530811,0.328899513,0.290697674,0.3383279454446778
253,0.573423478,0.430826493,0.290094931,0.290697674,0.32889951290200625
254,0.606757448,0.439035701,0.328899513,0.290697674,0.32889951290200625
255,0.613238937,0.439035701,0.319363856,0.280701754,0.3383279454446778
256,0.61966065,0.430826493,0.338327945,0.280701754,0.30971913537281404
257,0.486548401,0.430826493,0.338327945,0.290697674,0.32889951290200625
258,0.61966065,0.422530811,0.328899513,0.290697674,0.2801115523060167
259,0.531264368,0.531264368,0.338327945,0.290697674,0.2900949313305763
260,0.606757448,0.422530811,0.328899513,0.300578035,0.2900949313305763
261,0.538462379,0.422530811,0.309719135,0.290697674,0.2900949313305763
262,0.606757448,0.422530811,0.299963469,0.32,0.2900949313305763
263,0.435451015,0.523995393,0.338327945,0.329545455,0.2900949313305763
264,0.538462379,0.422530811,0.338327945,0.280701754,0.2900949313305763
265,0.538462379,0.422530811,0.309719135,0.32,0.2900949313305763
266,0.531264368,0.422530811,0.328899513,0.32,0.2900949313305763
267,0.494188443,0.422530811,0.309719135,0.290697674,0.2900949313305763
268,0.501752033,0.447159779,0.309719135,0.280701754,0.2900949313305763
269,0.580216739,0.455200045,0.338327945,0.300578035,0.2900949313305763
270,0.531264368,0.447159779,0.338327945,0.290697674,0.2900949313305763
271,0.559640869,0.430826493,0.299963469,0.290697674,0.2900949313305763
272,0.538462379,0.439035701,0.319363856,0.32,0.2900949313305763
273,0.5166544,0.422715064,0.290094931,0.290697674,0.2900949313305763
274,0.443722341,0.414467529,0.290094931,0.310344828,0.2900949313305763
275,0.523995393,0.426224519,0.299963469,0.280701754,0.2900949313305763
276,0.509240312,0.416499511,0.249451964,0.300578035,0.2700113154960069
277,0.593611777,0.42004765,0.280111552,0.32,0.2900949313305763
278,0.552649625,0.418027751,0.280111552,0.300578035,0.2900949313305763
279,0.61966065,0.398889432,0.280111552,0.310344828,0.2900949313305763
280,0.552649625,0.420622986,0.280111552,0.310344828,0.2900949313305763
281,0.538462379,0.430442936,0.238988574,0.310344828,0.2900949313305763
282,0.523995393,0.424145752,0.249451964,0.329545455,0.2700113154960069
283,0.573423478,0.410136173,0.249451964,0.32,0.2900949313305763
284,0.566565168,0.410136173,0.238988574,0.329545455,0.2900949313305763
285,0.538462379,0.391410337,0.290094931,0.329545455,0.2700113154960069
286,0.531264368,0.424145752,0.270011315,0.329545455,0.2700113154960069
287,0.593611777,0.426961402,0.328899513,0.290697674,0.2900949313305763
288,0.468021674,0.43474453,0.328899513,0.329545455,0.2900949313305763
289,0.61966065,0.430442936,0.290094931,0.329545455,0.2801115523060167
290,0.531264368,0.43474453,0.299963469,0.300578035,0.2900949313305763
291,0.552649625,0.42004765,0.328899513,0.32,0.2900949313305763
292,0.538462379,0.428323482,0.280111552,0.329545455,0.2900949313305763
293,0.538462379,0.422086891,0.280111552,0.329545455,0.2900949313305763
294,0.538462379,0.648809928,0.280111552,0.32,0.2900949313305763
295,0.566565168,0.677098194,0.280111552,0.329545455,0.2900949313305763
296,0.538462379,0.671535284,0.299963469,0.329545455,0.29996346893813697
297,0.54559046,0.665925599,0.280111552,0.290697674,0.2700113154960069
298,0.552649625,0.665925599,0.290094931,0.329545455,0.2801115523060167
299,0.538462379,0.688086014,0.309719135,0.329545455,0.2597921570500732
300,0.613238937,0.704231194,0.280111552,0.329545455,0.2900949313305763
301,0.613238937,0.682614913,0.238988574,0.329545455,0.2597921570500732
302,0.626023412,0.688086014,0.280111552,0.329545455,0.40147085755626966
303,0.600215347,0.682614913,0.290094931,0.329545455,0.4354510154829859
304,0.566565168,0.665925599,0.299963469,0.329545455,0.4838055662846781
305,0.538462379,0.643007122,0.280111552,0.329545455,0.4600063291046942
306,0.552649625,0.671535284,0.309719135,0.329545455,0.44372234085352646
307,0.538462379,0.657646153,0.290094931,0.329545455,0.4186427810993769
308,0.552649625,0.665910435,0.309719135,0.329545455,0.40147085755626966
309,0.309719135,0.671535284,0.309719135,0.338983051,0.40147085755626966
310,0.319363856,0.677098194,0.328899513,0.329545455,0.4354510154829859
311,0.299963469,0.668661686,0.328899513,0.32,0.4354510154829859
312,0.328899513,0.704231194,0.328899513,0.329545455,0.40147085755626966
313,0.338327945,0.671535284,0.309719135,0.270588235,0.42709163346613543
314,0.347650952,0.677098194,0.328899513,0.310344828,0.40147085755626966
315,0.299963469,0.671535284,0.338327945,0.239520958,0.4186427810993769
316,0.299963469,0.671535284,0.290094931,0.26035503,0.44372234085352646
317,0.328899513,0.682614913,0.338327945,0.25,0.4186427810993769
318,0.338327945,0.665925599,0.259792157,0.239520958,0.44372234085352646
319,0.338327945,0.693512059,0.249451964,0.239520958,0.47595432902900836
320,0.338327945,0.665925599,0.280111552,0.239520958,0.4354510154829859
321,0.319363856,0.657468019,0.328899513,0.239520958,0.4354510154829859
322,0.328899513,0.648809928,0.309719135,0.239520958,0.4354510154829859
323,0.347650952,0.654563529,0.328899513,0.239520958,0.44372234085352646
324,0.328899513,0.671535284,0.309719135,0.239520958,0.4600063291046942
325,0.347650952,0.660268548,0.319363856,0.239520958,0.5017520330723366
326,0.347650952,0.634404884,0.309719135,0.239520958,0.46802167431941333
327,0.347650952,0.671535284,0.319363856,0.239520958,0.4838055662846781
328,0.347650952,0.660268548,0.299963469,0.239520958,0.4600063291046942
329,0.347650952,0.671535284,0.290094931,0.239520958,0.46802167431941333
330,0.347650952,0.640853717,0.309719135,0.239520958,0.44372234085352646
331,0.347650952,0.665925599,0.290094931,0.239520958,0.46802167431941333
332,0.347650952,0.651937014,0.280111552,0.239520958,0.4600063291046942
333,0.347650952,0.665925599,0.270011315,0.239520958,0.45190699365386056
334,0.347650952,0.660268548,0.259792157,0.239520958,0.4941884432963436
335,0.299963469,0.643549954,0.238988574,0.239520958,0.4354510154829859
336,0.328899513,0.651775262,0.319363856,0.239520958,0.4354510154829859
337,0.328899513,0.64901044,0.290094931,0.270588235,0.4600063291046942
338,0.299963469,0.665925599,0.319363856,0.25,0.5384623789407839
339,0.299963469,0.660268548,0.280111552,0.25,0.47595432902900836
340,0.299963469,0.663113111,0.259792157,0.25,0.46802167431941333
341,0.290094931,0.671535284,0.290094931,0.239520958,0.4600063291046942
342,0.290094931,0.688086014,0.249451964,0.239520958,0.5166543998913317
343,0.299963469,0.607120711,0.290094931,0.280701754,0.6323280308967181
344,0.299963469,0.709525365,0.238988574,0.239520958,0.6323280308967181
345,0.290094931,0.654563529,0.309719135,0.270588235,0.5166543998913317
346,0.299963469,0.654563529,0.270011315,0.239520958,0.4600063291046942
347,0.299963469,0.709525365,0.259792157,0.239520958,0.45190699365386056
348,0.299963469,0.654563529,0.249451964,0.25,0.47595432902900836
349,0.299963469,0.665925599,0.249451964,0.25,0.5166543998913317
350,0.299963469,0.677098194,0.270011315,0.290697674,0.4600063291046942
351,0.299963469,0.71186919,0.328899513,0.329545455,0.5802167385191879
352,0.455200045,0.709525365,0.280111552,0.26035503,0.6323280308967181
353,0.455200045,0.677098194,0.259792157,0.280701754,0.5438289186039295
354,0.54559046,0.685228602,0.290094931,0.280701754,0.5992977958592247
355,0.61966065,0.679768307,0.238988574,0.280701754,0.5365861772154005
356,0.613238937,0.708985102,0.238988574,0.270588235,0.6630062405557382
357,0.61966065,0.711305205,0.238988574,0.270588235,0.5936117774637705
358,0.61966065,0.698478167,0.249451964,0.280701754,0.46802167431941333
359,0.606757448,0.637154478,0.270011315,0.280701754,0.4354510154829859
360,0.61966065,0.704231194,0.280111552,0.270588235,0.46802167431941333
361,0.61966065,0.706627405,0.270011315,0.280701754,0.5384623789407839
362,0.566565168,0.714776644,0.259792157,0.280701754,0.4600063291046942
363,0.494188443,0.714776644,0.259792157,0.280701754,0.46802167431941333
364,0.455200045,0.698893605,0.299963469,0.280701754,0.44372234085352646
365,0.447159779,0.706627405,0.280111552,0.280701754,0.42709163346613543
366,0.422530811,0.701342981,0.280111552,0.280701754,0.46802167431941333
367,0.422530811,0.703752829,0.280111552,0.239520958,0.49157663313890954
368,0.430826493,0.685228602,0.280111552,0.270588235,0.5092403121939805
369,0.430826493,0.637504938,0.280111552,0.239520958,0.49157663313890954
370,0.430826493,0.671450601,0.238988574,0.239520958,0.42709163346613543
371,0.447159779,0.679768307,0.280111552,0.25,0.4600063291046942
372,0.463157789,0.703752829,0.280111552,0.270588235,0.45190699365386056
373,0.463157789,0.671450601,0.280111552,0.290697674,0.5166543998913317
374,0.430826493,0.698072704,0.290094931,0.25,0.5166543998913317
375,0.439035701,0.695636468,0.290094931,0.310344828,0.44372234085352646
376,0.439035701,0.697676863,0.280111552,0.280701754,0.46802167431941333
377,0.430826493,0.681969915,0.309719135,0.270588235,0.5166543998913317
378,0.430826493,0.703752829,0.309719135,0.239520958,0.5166543998913317
379,0.439035701,0.706124099,0.290094931,0.239520958,0.5166543998913317
380,0.430826493,0.708985102,0.270011315,0.239520958,0.5092403121939805
381,0.430826493,0.708457709,0.238988574,0.239520958,0.45190699365386056
382,0.439035701,0.718679083,0.280111552,0.239520958,0.5166543998913317
383,0.430826493,0.711305205,0.280111552,0.239520958,0.4838055662846781
384,0.430826493,0.71075455,0.290094931,0.239520958,0.44372234085352646
385,0.430826493,0.711305205,0.280111552,0.239520958,0.4354510154829859
386,0.430826493,0.693160597,0.299963469,0.239520958,0.4354510154829859
387,0.430826493,0.706124099,0.280111552,0.239520958,0.42709163346613543
388,0.430826493,0.637504938,0.290094931,0.239520958,0.4941884432963436
389,0.430826493,0.695636468,0.280111552,0.270588235,0.42709163346613543
390,0.424799148,0.676945144,0.280111552,0.26035503,0.4354510154829859
391,0.552649625,0.719324505,0.280111552,0.239520958,0.4354510154829859
392,0.552649625,0.708985102,0.290094931,0.239520958,0.5092403121939805
393,0.54559046,0.690328928,0.280111552,0.270588235,0.5239953933258394
394,0.559640869,0.706124099,0.280111552,0.239520958,0.5068831178013617
395,0.552649625,0.625802646,0.290094931,0.239520958,0.5092403121939805
396,0.566565168,0.695636468,0.238988574,0.239520958,0.4354510154829859
397,0.531264368,0.665895643,0.290094931,0.239520958,0.4354510154829859
398,0.523995393,0.690328928,0.290094931,0.239520958,0.5166543998913317
399,0.559640869,0.63209528,0.290094931,0.239520958,0.4838055662846781
400,0.538462379,0.626295403,0.280111552,0.239520958,0.47595432902900836
401,0.552649625,0.60598187,0.280111552,0.239520958,0.46802167431941333
402,0.523995393,0.632501478,0.280111552,0.239520958,0.44372234085352646
403,0.559640869,0.632501478,0.280111552,0.239520958,0.4354510154829859
404,0.552649625,0.62100225,0.280111552,0.239520958,0.4186427810993769
405,0.566565168,0.632501478,0.280111552,0.239520958,0.44372234085352646
406,0.559640869,0.632501478,0.280111552,0.239520958,0.46802167431941333
407,0.552649625,0.635162894,0.280111552,0.239520958,0.4838055662846781
408,0.538462379,0.609308831,0.280111552,0.25,0.47595432902900836
409,0.538462379,0.62100225,0.238988574,0.239520958,0.5266202885533661
410,0.552649625,0.671287386,0.259792157,0.239520958,0.49157663313890954
411,0.54559046,0.671287386,0.280111552,0.239520958,0.49157663313890954
412,0.559640869,0.668613444,0.280111552,0.239520958,0.5384623789407839
413,0.54559046,0.646497482,0.280111552,0.270588235,0.5384623789407839
414,0.538462379,0.668613444,0.280111552,0.239520958,0.44372234085352646
415,0.54559046,0.632501478,0.280111552,0.25,0.4838055662846781
416,0.538462379,0.638179776,0.280111552,0.26035503,0.46802167431941333
417,0.538462379,0.66043106,0.280111552,0.26035503,0.49157663313890954
418,0.538462379,0.632501478,0.280111552,0.25,0.5144209055644899
419,0.538462379,0.632501478,0.280111552,0.25,0.5720996414325925
420,0.573423478,0.65209477,0.280111552,0.239520958,0.44372234085352646
421,0.573423478,0.62100225,0.270011315,0.270588235,0.4838055662846781
422,0.552649625,0.626775835,0.270011315,0.270588235,0.4186427810993769
423,0.573423478,0.626775835,0.328899513,0.280701754,0.42709163346613543
424,0.559640869,0.626775835,0.290094931,0.270588235,0.45190699365386056
425,0.559640869,0.635162894,0.328899513,0.25,0.42709163346613543
426,0.552649625,0.629424422,0.290094931,0.239520958,0.42709163346613543
427,0.538462379,0.6236377,0.309719135,0.239520958,0.4992687513058013
428,0.54559046,0.676650113,0.338327945,0.239520958,0.44372234085352646
429,0.559640869,0.643811312,0.328899513,0.239520958,0.4838055662846781
430,0.559640869,0.646497482,0.338327945,0.280701754,0.47595432902900836
431,0.552649625,0.640853717,0.338327945,0.239520958,0.49157663313890954
432,0.566565168,0.632501478,0.290094931,0.239520958,0.4838055662846781
433,0.54559046,0.646497482,0.328899513,0.25,0.4838055662846781
434,0.552649625,0.632501478,0.319363856,0.25,0.47595432902900836
435,0.538462379,0.657646153,0.338327945,0.239520958,0.47595432902900836
436,0.538462379,0.671287386,0.299963469,0.239520958,0.4992687513058013
437,0.566565168,0.671287386,0.328899513,0.239520958,0.4838055662846781
438,0.538462379,0.649396663,0.319363856,0.239520958,0.45190699365386056
439,0.538462379,0.676795828,0.328899513,0.25,0.383923311733519
440,0.538462379,0.62100225,0.299963469,0.280701754,0.4101030142545956
441,0.538462379,0.62100225,0.328899513,0.270588235,0.4354510154829859
442,0.573423478,0.646497482,0.290094931,0.239520958,0.40147085755626966
443,0.531264368,0.6236377,0.319363856,0.239520958,0.40147085755626966
444,0.531264368,0.654936393,0.290094931,0.239520958,0.4600063291046942
445,0.538462379,0.615180121,0.319363856,0.270588235,0.4101030142545956
446,0.566565168,0.615180121,0.328899513,0.25,0.44372234085352646
447,0.538462379,0.632501478,0.309719135,0.239520958,0.4354510154829859
448,0.538462379,0.643811312,0.328899513,0.25,0.44372234085352646
449,0.54559046,0.626775835,0.309719135,0.239520958,0.47595432902900836
450,0.54559046,0.654936393,0.328899513,0.239520958,0.49157663313890954
451,0.54559046,0.632501478,0.328899513,0.239520958,0.521883264059313
452,0.54559046,0.626775835,0.319363856,0.280701754,0.49157663313890954
453,0.538462379,0.626775835,0.309719135,0.25,0.45190699365386056
454,0.538462379,0.626775835,0.328899513,0.239520958,0.47595432902900836
455,0.538462379,0.62100225,0.328899513,0.239520958,0.4992687513058013
456,0.538462379,0.62100225,0.309719135,0.239520958,0.521883264059313
457,0.538462379,0.643549954,0.309719135,0.239520958,0.46802167431941333
458,0.552649625,0.638179776,0.280111552,0.25,0.46802167431941333
459,0.580216739,0.638179776,0.270011315,0.239520958,0.45190699365386056
460,0.58694587,0.635162894,0.299963469,0.25,0.42709163346613543
461,0.566565168,0.643811312,0.328899513,0.239520958,0.42709163346613543
462,0.580216739,0.646268767,0.328899513,0.239520958,0.4354510154829859
463,0.54559046,0.649205956,0.319363856,0.239520958,0.45190699365386056
464,0.566565168,0.609308831,0.299963469,0.239520958,0.46802167431941333
465,0.559640869,0.62100225,0.299963469,0.239520958,0.45190699365386056
466,0.580216739,0.67403045,0.299963469,0.239520958,0.4600063291046942
467,0.656980722,0.632501478,0.328899513,0.26035503,0.44372234085352646
468,0.650900887,0.668613444,0.328899513,0.270588235,0.4838055662846781
469,0.606757448,0.646497482,0.328899513,0.280701754,0.45190699365386056
470,0.600215347,0.626775835,0.328899513,0.25,0.45190699365386056
471,0.613238937,0.591393694,0.309719135,0.270588235,0.4600063291046942
472,0.626023412,0.635162894,0.290094931,0.270588235,0.44372234085352646
473,0.61966065,0.640853717,0.338327945,0.270588235,0.45190699365386056
474,0.663006241,0.643811312,0.319363856,0.239520958,0.44372234085352646
475,0.613238937,0.654936393,0.328899513,0.239520958,0.45190699365386056
476,0.580216739,0.665881212,0.319363856,0.239520958,0.47595432902900836
477,0.656980722,0.638179776,0.328899513,0.239520958,0.4838055662846781
478,0.58694587,0.6236377,0.328899513,0.239520958,0.5365861772154005
479,0.58694587,0.615180121,0.309719135,0.239520958,0.44372234085352646
480,0.656980722,0.665881212,0.299963469,0.239520958,0.5365861772154005
481,0.632328031,0.676650113,0.270011315,0.239520958,0.44372234085352646
482,0.638575299,0.679403747,0.299963469,0.239520958,0.44372234085352646
483,0.626023412,0.657646153,0.280111552,0.239520958,0.4186427810993769
484,0.626023412,0.638179776,0.299963469,0.239520958,0.44372234085352646
485,0.626023412,0.676650113,0.299963469,0.239520958,0.45190699365386056
486,0.663006241,0.632501478,0.309719135,0.239520958,0.45190699365386056
487,0.644765996,0.603387756,0.319363856,0.239520958,0.44372234085352646
488,0.638575299,0.602597762,0.299963469,0.25,0.44372234085352646
489,0.663006241,0.614547482,0.309719135,0.25,0.46802167431941333
490,0.663006241,0.601787147,0.328899513,0.239520958,0.5068831178013617
491,0.663006241,0.593035216,0.290094931,0.239520958,0.5068831178013617
492,0.668978166,0.71186919,0.299963469,0.239520958,0.521883264059313
493,0.61966065,0.701342981,0.309719135,0.280701754,0.5510006052629051
494,0.606757448,0.701342981,0.299963469,0.25,0.4186427810993769
495,0.626023412,0.701342981,0.299963469,0.280701754,0.5144209055644899
496,0.632328031,0.724376109,0.309719135,0.270588235,0.5438289186039295
497,0.650900887,0.706627405,0.290094931,0.270588235,0.5510006052629051
498,0.626023412,0.709525365,0.280111552,0.280701754,0.5292713198595322
499,0.650900887,0.726645891,0.280111552,0.280701754,0.4101030142545956
500,0.668978166,0.717068849,0.319363856,0.280701754,0.5365861772154005
501,0.663006241,0.717707749,0.299963469,0.280701754,0.5365861772154005
502,0.674897211,0.728101912,0.319363856,0.280701754,0.5365861772154005
503,0.663006241,0.710646434,0.299963469,0.280701754,0.45190699365386056
504,0.656980722,0.722925883,0.270011315,0.280701754,0.5510006052629051
505,0.656980722,0.697210007,0.328899513,0.280701754,0.5365861772154005
506,0.663006241,0.70273498,0.299963469,0.25,0.521883264059313
507,0.663006241,0.663050663,0.270011315,0.280701754,0.5292713198595322
508,0.663006241,0.657183306,0.290094931,0.25,0.5510006052629051
509,0.638575299,0.657183306,0.290094931,0.25,0.4992687513058013
510,0.650900887,0.657183306,0.290094931,0.239520958,0.5510006052629051
511,0.638575299,0.657183306,0.319363856,0.300578035,0.5365861772154005
512,0.656980722,0.719033493,0.290094931,0.310344828,0.4992687513058013
513,0.663006241,0.62706024,0.280111552,0.32,0.5438289186039295
514,0.668978166,0.708213498,0.280111552,0.280701754,0.5510006052629051
515,0.656980722,0.70273498,0.299963469,0.280701754,0.521883264059313
516,0.656980722,0.719033493,0.319363856,0.290697674,0.45190699365386056
517,0.686579443,0.680350373,0.299963469,0.280701754,0.42709163346613543
518,0.692343993,0.703752829,0.299963469,0.270588235,0.44372234085352646
519,0.686579443,0.714175494,0.309719135,0.280701754,0.383923311733519
520,0.686579443,0.714175494,0.309719135,0.26035503,0.3927448035317267
521,0.674897211,0.714175494,0.299963469,0.25,0.47595432902900836
522,0.703723275,0.717068849,0.309719135,0.25,0.4354510154829859
523,0.674897211,0.714175494,0.299963469,0.239520958,0.4186427810993769
524,0.680764074,0.696015394,0.328899513,0.239520958,0.4354510154829859
525,0.668978166,0.695636468,0.328899513,0.270588235,0.40147085755626966
526,0.656980722,0.711305205,0.299963469,0.270588235,0.4354510154829859
527,0.663006241,0.722925883,0.290094931,0.239520958,0.4354510154829859
528,0.656980722,0.693512059,0.299963469,0.25,0.45190699365386056
529,0.656980722,0.715392585,0.319363856,0.25,0.5068831178013617
530,0.663006241,0.704231194,0.319363856,0.25,0.4600063291046942
531,0.656980722,0.714776644,0.328899513,0.25,0.4354510154829859
532,0.656980722,0.654690939,0.328899513,0.239520958,0.5144209055644899
533,0.656980722,0.715392585,0.328899513,0.239520958,0.4101030142545956
534,0.668978166,0.713039133,0.319363856,0.239520958,0.3927448035317267
535,0.668978166,0.69640372,0.290094931,0.270588235,0.4101030142545956
536,0.656980722,0.685485254,0.299963469,0.25,0.4101030142545956
537,0.663006241,0.690644114,0.319363856,0.25,0.4186427810993769
538,0.430826493,0.677098194,0.309719135,0.25,0.40147085755626966
539,0.416383066,0.671450601,0.644765996,0.239520958,0.5510006052629051
540,0.424799148,0.668661686,0.644765996,0.239520958,0.5292713198595322
541,0.424799148,0.698478167,0.626023412,0.26035503,0.5365861772154005
542,0.455200045,0.671450601,0.650900887,0.239520958,0.46802167431941333
543,0.463157789,0.643549954,0.644765996,0.270588235,0.5365861772154005
544,0.439035701,0.690328928,0.650900887,0.25,0.5068831178013617
545,0.439035701,0.671450601,0.644765996,0.239520958,0.4992687513058013
546,0.463157789,0.679583794,0.644765996,0.26035503,0.4992687513058013
547,0.494188443,0.695266605,0.644765996,0.239520958,0.45190699365386056
548,0.439035701,0.687520107,0.632328031,0.280701754,0.4992687513058013
549,0.439035701,0.674145134,0.644765996,0.270588235,0.44372234085352646
550,0.439035701,0.690644114,0.644765996,0.25,0.32889951290200625
551,0.430826493,0.695636468,0.638575299,0.239520958,0.35687029135094184
552,0.439035701,0.715392585,0.638575299,0.270588235,0.3927448035317267
553,0.663006241,0.703285905,0.632328031,0.25,0.3659876826828917
554,0.439035701,0.682394624,0.632328031,0.239520958,0.4186427810993769
555,0.439035701,0.676795828,0.632328031,0.239520958,0.383923311733519
556,0.439035701,0.682614913,0.626023412,0.239520958,0.4186427810993769
557,0.439035701,0.69640372,0.61966065,0.239520958,0.383923311733519
558,0.439035701,0.708457709,0.626023412,0.239520958,0.3659876826828917
559,0.439035701,0.660378228,0.638575299,0.239520958,0.383923311733519
560,0.439035701,0.709525365,0.644765996,0.25,0.3476509521179991
561,0.439035701,0.707143095,0.626023412,0.239520958,0.3659876826828917
562,0.439035701,0.704231194,0.626023412,0.239520958,0.3476509521179991
563,0.439035701,0.704231194,0.626023412,0.25,0.46802167431941333
564,0.439035701,0.728878595,0.626023412,0.239520958,0.45190699365386056
565,0.439035701,0.719985551,0.626023412,0.25,0.4354510154829859
566,0.439035701,0.682614913,0.626023412,0.239520958,0.40147085755626966
567,0.430826493,0.728878595,0.626023412,0.270588235,0.40147085755626966
568,0.439035701,0.731891566,0.626023412,0.239520958,0.4186427810993769
569,0.463157789,0.734929349,0.626023412,0.239520958,0.44372234085352646
570,0.439035701,0.725890133,0.626023412,0.270588235,0.4101030142545956
571,0.439035701,0.726645891,0.644765996,0.25,0.3927448035317267
572,0.439035701,0.726645891,0.626023412,0.239520958,0.4101030142545956
573,0.455200045,0.731891566,0.632328031,0.239520958,0.4600063291046942
574,0.439035701,0.734929349,0.626023412,0.239520958,0.4101030142545956
575,0.463157789,0.734929349,0.644765996,0.239520958,0.42709163346613543
576,0.439035701,0.734929349,0.626023412,0.239520958,0.40147085755626966
577,0.447159779,0.723642075,0.626023412,0.239520958,0.40147085755626966
578,0.455200045,0.718362433,0.626023412,0.239520958,0.40147085755626966
579,0.455200045,0.714175494,0.626023412,0.239520958,0.383923311733519
580,0.455200045,0.723642075,0.61966065,0.239520958,0.40147085755626966
581,0.455200045,0.726645891,0.626023412,0.239520958,0.4101030142545956
582,0.439035701,0.724376109,0.626023412,0.239520958,0.40147085755626966
583,0.439035701,0.724376109,0.626023412,0.239520958,0.3927448035317267
584,0.439035701,0.724376109,0.626023412,0.239520958,0.4354510154829859
585,0.439035701,0.726645891,0.626023412,0.239520958,0.3750048078328443
586,0.439035701,0.721356839,0.626023412,0.239520958,0.35687029135094184
587,0.455200045,0.731891566,0.638575299,0.239520958,0.3750048078328443
588,0.455200045,0.734929349,0.61966065,0.239520958,0.4101030142545956
589,0.439035701,0.721356839,0.626023412,0.239520958,0.42709163346613543
590,0.430826493,0.721356839,0.61966065,0.239520958,0.383923311733519
591,0.439035701,0.731891566,0.626023412,0.239520958,0.44372234085352646
592,0.439035701,0.719033493,0.626023412,0.239520958,0.44372234085352646
593,0.486548401,0.71186919,0.626023412,0.239520958,0.5292713198595322
594,0.439035701,0.721356839,0.638575299,0.239520958,0.5068831178013617
595,0.439035701,0.728878595,0.626023412,0.25,0.5438289186039295
596,0.439035701,0.734929349,0.632328031,0.239520958,0.5438289186039295
597,0.455200045,0.728878595,0.626023412,0.25,0.521883264059313
598,0.494188443,0.728878595,0.626023412,0.239520958,0.5292713198595322
599,0.494188443,0.731891566,0.613238937,0.280701754,0.5438289186039295
600,0.463157789,0.723642075,0.644765996,0.239520958,0.5438289186039295
601,0.447159779,0.708985102,0.638575299,0.280701754,0.5438289186039295
602,0.5166544,0.705223972,0.626023412,0.239520958,0.5438289186039295
603,0.523995393,0.708213498,0.61966065,0.310344828,0.4992687513058013
604,0.424799148,0.731891566,0.61966065,0.26035503,0.5068831178013617
605,0.509240312,0.697210007,0.626023412,0.270588235,0.4992687513058013
606,0.463157789,0.731891566,0.61966065,0.239520958,0.4992687513058013
607,0.650900887,0.719033493,0.61966065,0.270588235,0.5292713198595322
608,0.650900887,0.720662795,0.626023412,0.25,0.5438289186039295
609,0.663006241,0.724376109,0.61966065,0.280701754,0.5438289186039295
610,0.663006241,0.716671078,0.61966065,0.280701754,0.5365861772154005
611,0.656980722,0.724376109,0.61966065,0.280701754,0.5144209055644899
612,0.663006241,0.718362433,0.61966065,0.280701754,0.5438289186039295
613,0.656980722,0.724376109,0.61966065,0.280701754,0.5144209055644899
614,0.650900887,0.731891566,0.61966065,0.280701754,0.521883264059313
615,0.656980722,0.708213498,0.61966065,0.270588235,0.5936117774637705
616,0.663006241,0.726645891,0.626023412,0.270588235,0.5510006052629051
617,0.656980722,0.734929349,0.61966065,0.270588235,0.5365861772154005
618,0.656980722,0.731891566,0.626023412,0.280701754,0.5438289186039295
619,0.638575299,0.734929349,0.626023412,0.280701754,0.5292713198595322
620,0.656980722,0.731891566,0.626023412,0.280701754,0.5365861772154005
621,0.656980722,0.713646145,0.61966065,0.280701754,0.5581022777092612
622,0.656980722,0.686018312,0.61966065,0.280701754,0.5438289186039295
623,0.663006241,0.711228266,0.61966065,0.280701754,0.5510006052629051
624,0.656980722,0.691637986,0.61966065,0.26035503,0.5510006052629051
625,0.650900887,0.683072374,0.61966065,0.280701754,0.5365861772154005
626,0.656980722,0.671711194,0.61966065,0.280701754,0.4992687513058013
627,0.656980722,0.688379628,0.638575299,0.280701754,0.5365861772154005
628,0.650900887,0.688680711,0.632328031,0.280701754,0.5365861772154005
629,0.650900887,0.682614913,0.626023412,0.270588235,0.5365861772154005
630,0.656980722,0.691637986,0.61966065,0.280701754,0.5292713198595322
631,0.439035701,0.697210007,0.626023412,0.290697674,0.5936117774637705
632,0.663006241,0.683072374,0.638575299,0.290697674,0.5936117774637705
633,0.439035701,0.683072374,0.61966065,0.290697674,0.5936117774637705
634,0.422530811,0.71602387,0.61966065,0.280701754,0.5510006052629051
635,0.430826493,0.668813836,0.638575299,0.280701754,0.5720996414325925
636,0.626023412,0.683072374,0.626023412,0.300578035,0.578997314596079
637,0.433126576,0.6968018,0.61966065,0.32,0.5438289186039295
638,0.656980722,0.718362433,0.632328031,0.329545455,0.5936117774637705
639,0.656980722,0.710078975,0.626023412,0.329545455,0.5936117774637705
640,0.61966065,0.719033493,0.626023412,0.329545455,0.5720996414325925
641,0.433126576,0.717707749,0.585828938,0.32,0.5720996414325925
642,0.439035701,0.639269508,0.626023412,0.310344828,0.5720996414325925
643,0.430826493,0.731891566,0.626023412,0.32,0.5720996414325925
644,0.441366744,0.651264451,0.626023412,0.310344828,0.573423478074216
645,0.441366744,0.726645891,0.61966065,0.310344828,0.5936117774637705
646,0.441366744,0.724376109,0.626023412,0.280701754,0.5365861772154005
647,0.441366744,0.724376109,0.626023412,0.290697674,0.5365861772154005
648,0.433126576,0.727420553,0.638575299,0.280701754,0.5510006052629051
649,0.441366744,0.727420553,0.626023412,0.280701754,0.5936117774637705
650,0.441366744,0.732728348,0.61966065,0.280701754,0.5936117774637705
651,0.433126576,0.731891566,0.626023412,0.280701754,0.5365861772154005
652,0.439035701,0.62706024,0.626023412,0.280701754,0.5144209055644899
653,0.433126576,0.721356839,0.626023412,0.25,0.5365861772154005
654,0.441366744,0.731891566,0.61966065,0.25,0.5651349562423462
655,0.430826493,0.721356839,0.61966065,0.280701754,0.5936117774637705
656,0.433126576,0.660153168,0.61966065,0.270588235,0.5936117774637705
657,0.441366744,0.660153168,0.626023412,0.280701754,0.5068831178013617
658,0.433126576,0.731891566,0.61966065,0.280701754,0.5365861772154005
659,0.441366744,0.726645891,0.638575299,0.280701754,0.521883264059313
660,0.433126576,0.731891566,0.626023412,0.280701754,0.521883264059313
661,0.433126576,0.731891566,0.656980722,0.280701754,0.5292713198595322
662,0.441366744,0.648393135,0.626023412,0.280701754,0.4600063291046942
663,0.656980722,0.624245486,0.626023412,0.280701754,0.5068831178013617
664,0.663006241,0.624245486,0.626023412,0.280701754,0.4992687513058013
665,0.668978166,0.648393135,0.61966065,0.280701754,0.4992687513058013
666,0.656980722,0.624245486,0.626023412,0.280701754,0.4992687513058013
667,0.668978166,0.648393135,0.61966065,0.280701754,0.5068831178013617
668,0.674897211,0.721356839,0.61966065,0.280701754,0.521883264059313
669,0.663006241,0.729674545,0.644765996,0.280701754,0.5438289186039295
670,0.656980722,0.737992251,0.656980722,0.280701754,0.5869458703831612
671,0.656980722,0.737992251,0.626023412,0.239520958,0.5438289186039295
672,0.674897211,0.651264451,0.626023412,0.25,0.5438289186039295
673,0.686579443,0.727420553,0.638575299,0.239520958,0.5510006052629051
674,0.656980722,0.727420553,0.626023412,0.239520958,0.521883264059313
675,0.668978166,0.648393135,0.61966065,0.239520958,0.5292713198595322
676,0.686579443,0.694241694,0.644765996,0.239520958,0.5581022777092612
677,0.663006241,0.648393135,0.638575299,0.280701754,0.5365861772154005
678,0.656980722,0.740141056,0.626023412,0.290697674,0.5365861772154005
679,0.663006241,0.737992251,0.626023412,0.270588235,0.5365861772154005
680,0.668978166,0.732728348,0.638575299,0.300578035,0.5365861772154005
681,0.663006241,0.654298732,0.626023412,0.239520958,0.4600063291046942
682,0.663006241,0.727420553,0.61966065,0.280701754,0.5438289186039295
683,0.663006241,0.727420553,0.61966065,0.239520958,0.5068831178013617
684,0.656980722,0.727420553,0.61966065,0.280701754,0.5068831178013617
685,0.656980722,0.732728348,0.626023412,0.280701754,0.5068831178013617
686,0.686579443,0.629900253,0.626023412,0.280701754,0.5292713198595322
687,0.680764074,0.657183306,0.656980722,0.280701754,0.5144209055644899
688,0.656980722,0.680350373,0.626023412,0.280701754,0.5365861772154005
689,0.656980722,0.651264451,0.626023412,0.280701754,0.5581022777092612
690,0.703723275,0.668867189,0.61966065,0.280701754,0.5292713198595322
691,0.680764074,0.663050663,0.626023412,0.290697674,0.5144209055644899
692,0.656980722,0.734929349,0.626023412,0.280701754,0.5068831178013617
693,0.656980722,0.624245486,0.61966065,0.280701754,0.4838055662846781
694,0.656980722,0.694241694,0.61966065,0.280701754,0.521883264059313
695,0.663006241,0.697210007,0.61966065,0.280701754,0.5438289186039295
696,0.668978166,0.651264451,0.626023412,0.280701754,0.5144209055644899
697,0.663006241,0.697210007,0.61966065,0.280701754,0.5510006052629051
698,0.656980722,0.657183306,0.626023412,0.280701754,0.521883264059313
699,0.663006241,0.702259374,0.626023412,0.290697674,0.5292713198595322
700,0.656980722,0.654298732,0.626023412,0.280701754,0.4838055662846781
701,0.656980722,0.660153168,0.626023412,0.290697674,0.5144209055644899
702,0.656980722,0.630362582,0.626023412,0.280701754,0.4838055662846781
703,0.663006241,0.618073739,0.626023412,0.280701754,0.521883264059313
704,0.656980722,0.630362582,0.626023412,0.280701754,0.49157663313890954
705,0.656980722,0.663050663,0.626023412,0.280701754,0.4992687513058013
706,0.663006241,0.657183306,0.626023412,0.280701754,0.4600063291046942
707,0.663006241,0.636425752,0.626023412,0.270588235,0.4992687513058013
708,0.656980722,0.648393135,0.626023412,0.280701754,0.4600063291046942
709,0.663006241,0.642435703,0.626023412,0.280701754,0.4600063291046942
710,0.663006241,0.654298732,0.61966065,0.290697674,0.4600063291046942
711,0.663006241,0.648393135,0.61966065,0.25,0.4600063291046942
712,0.663006241,0.686018312,0.626023412,0.280701754,0.4600063291046942
713,0.663006241,0.651264451,0.61966065,0.239520958,0.4838055662846781
714,0.656980722,0.621455657,0.626023412,0.270588235,0.4838055662846781
715,0.668978166,0.633606955,0.61966065,0.280701754,0.4838055662846781
716,0.680764074,0.648176434,0.626023412,0.280701754,0.4992687513058013
717,0.656980722,0.62706024,0.626023412,0.290697674,0.4992687513058013
718,0.663006241,0.621455657,0.626023412,0.290697674,0.4992687513058013
719,0.668978166,0.654161081,0.71490709,0.270588235,0.49157663313890954
720,0.656980722,0.660153168,0.720427264,0.25,0.5068831178013617
721,0.663006241,0.654298732,0.71490709,0.290697674,0.4600063291046942
722,0.656980722,0.651264451,0.71490709,0.25,0.4992687513058013
723,0.656980722,0.657183306,0.71490709,0.280701754,0.4992687513058013
724,0.663006241,0.677416074,0.71490709,0.280701754,0.5068831178013617
725,0.663006241,0.639602963,0.71490709,0.290697674,0.4992687513058013
726,0.674897211,0.645546801,0.71490709,0.290697674,0.4838055662846781
727,0.668978166,0.648393135,0.71490709,0.280701754,0.4992687513058013
728,0.663006241,0.699755918,0.71490709,0.280701754,0.4600063291046942
729,0.663006241,0.648393135,0.71490709,0.280701754,0.4992687513058013
730,0.698058386,0.633606955,0.71490709,0.270588235,0.4992687513058013
731,0.698058386,0.705223972,0.71490709,0.270588235,0.5144209055644899
732,0.692343993,0.688680711,0.71490709,0.280701754,0.521883264059313
733,0.686579443,0.694241694,0.71490709,0.280701754,0.521883264059313
734,0.686579443,0.663072015,0.71490709,0.280701754,0.5068831178013617
735,0.698058386,0.702259374,0.71490709,0.270588235,0.5144209055644899
736,0.692343993,0.710646434,0.71490709,0.280701754,0.5438289186039295
737,0.709339299,0.654298732,0.71490709,0.300578035,0.5510006052629051
738,0.725900432,0.705223972,0.71490709,0.329545455,0.5438289186039295
739,0.720427264,0.688379628,0.71490709,0.290697674,0.521883264059313
740,0.709339299,0.642435703,0.720427264,0.32,0.5510006052629051
741,0.720427264,0.710646434,0.71490709,0.290697674,0.5144209055644899
742,0.725900432,0.642435703,0.71490709,0.290697674,0.4600063291046942
743,0.656980722,0.694241694,0.71490709,0.280701754,0.4992687513058013
744,0.663006241,0.708213498,0.71490709,0.26035503,0.49157663313890954
745,0.725900432,0.708213498,0.71490709,0.25,0.4600063291046942
746,0.656980722,0.710646434,0.720427264,0.26035503,0.521883264059313
747,0.698058386,0.663050663,0.71490709,0.290697674,0.4600063291046942
748,0.656980722,0.645293416,0.71490709,0.25,0.4600063291046942
749,0.656980722,0.691637986,0.71490709,0.26035503,0.4600063291046942
750,0.686579443,0.699755918,0.71490709,0.239520958,0.49157663313890954
751,0.686579443,0.699755918,0.709339299,0.280701754,0.4600063291046942
752,0.663006241,0.665957105,0.720427264,0.300578035,0.4600063291046942
753,0.720427264,0.674633544,0.709339299,0.300578035,0.4600063291046942
754,0.663006241,0.657183306,0.71490709,0.280701754,0.49157663313890954
755,0.626023412,0.708213498,0.71490709,0.280701754,0.4600063291046942
756,0.674897211,0.680350373,0.71490709,0.280701754,0.4600063291046942
757,0.686579443,0.665973478,0.71490709,0.280701754,0.49157663313890954
758,0.663006241,0.660153168,0.71490709,0.280701754,0.4992687513058013
759,0.674897211,0.710646434,0.71490709,0.280701754,0.49157663313890954
760,0.674897211,0.663092825,0.71490709,0.32,0.44372234085352646
761,0.663006241,0.699755918,0.709339299,0.280701754,0.47595432902900836
762,0.663006241,0.690967152,0.71490709,0.280701754,0.4600063291046942
763,0.663006241,0.61529895,0.71490709,0.280701754,0.521883264059313
764,0.668978166,0.645793657,0.703723275,0.280701754,0.44372234085352646
765,0.656980722,0.65737554,0.709339299,0.280701754,0.49157663313890954
766,0.663006241,0.660153168,0.71490709,0.290697674,0.5510006052629051
767,0.663006241,0.710646434,0.71490709,0.32,0.5365861772154005
768,0.656980722,0.705223972,0.71490709,0.280701754,0.4600063291046942
769,0.663006241,0.663050663,0.71490709,0.280701754,0.45190699365386056
770,0.656980722,0.710646434,0.71490709,0.280701754,0.5068831178013617
771,0.656980722,0.654298732,0.71490709,0.280701754,0.5365861772154005
772,0.663006241,0.648393135,0.71490709,0.280701754,0.5651349562423462
773,0.656980722,0.686018312,0.71490709,0.280701754,0.5292713198595322
774,0.656980722,0.663050663,0.71490709,0.280701754,0.5068831178013617
775,0.644765996,0.705739302,0.71490709,0.280701754,0.5068831178013617
776,0.663006241,0.680350373,0.71490709,0.280701754,0.4600063291046942
777,0.663006241,0.665973478,0.71490709,0.280701754,0.4600063291046942
778,0.668978166,0.645293416,0.71490709,0.280701754,0.5144209055644899
779,0.626023412,0.70273498,0.720427264,0.280701754,0.49157663313890954
780,0.674897211,0.708213498,0.71490709,0.270588235,0.4600063291046942
781,0.663006241,0.710646434,0.71490709,0.280701754,0.5068831178013617
782,0.668978166,0.642435703,0.71490709,0.280701754,0.5365861772154005
783,0.668978166,0.660153168,0.71490709,0.280701754,0.5292713198595322
784,0.674897211,0.710646434,0.71490709,0.270588235,0.46802167431941333
785,0.656980722,0.697210007,0.71490709,0.280701754,0.5438289186039295
786,0.663006241,0.713646145,0.71490709,0.280701754,0.5068831178013617
787,0.650900887,0.713646145,0.71490709,0.280701754,0.5068831178013617
788,0.656980722,0.713646145,0.71490709,0.280701754,0.5068831178013617
789,0.663006241,0.648176434,0.71490709,0.280701754,0.49157663313890954
790,0.650900887,0.699755918,0.703723275,0.270588235,0.4600063291046942
791,0.663006241,0.710646434,0.71490709,0.280701754,0.4600063291046942
792,0.644765996,0.660153168,0.709339299,0.280701754,0.5068831178013617
793,0.644765996,0.702259374,0.709339299,0.280701754,0.5365861772154005
794,0.650900887,0.665957105,0.71490709,0.280701754,0.5144209055644899
795,0.455200045,0.702259374,0.71490709,0.280701754,0.4600063291046942
796,0.447159779,0.70767163,0.71490709,0.280701754,0.4600063291046942
797,0.455200045,0.705223972,0.71490709,0.239520958,0.4354510154829859
798,0.430826493,0.680350373,0.71490709,0.280701754,0.45190699365386056
799,0.463157789,0.651439147,0.71490709,0.26035503,0.4600063291046942
800,0.471034275,0.680350373,0.71490709,0.280701754,0.47595432902900836
801,0.447159779,0.663050663,0.71490709,0.239520958,0.4838055662846781
802,0.422530811,0.691637986,0.720427264,0.239520958,0.4600063291046942
803,0.463157789,0.713646145,0.71490709,0.239520958,0.4600063291046942
804,0.501752033,0.713646145,0.71490709,0.239520958,0.4992687513058013
805,0.501752033,0.657183306,0.71490709,0.239520958,0.4992687513058013
806,0.478830741,0.710646434,0.71490709,0.26035503,0.46802167431941333
807,0.463157789,0.705223972,0.71490709,0.280701754,0.4992687513058013
808,0.478830741,0.654298732,0.71490709,0.280701754,0.4600063291046942
809,0.430826493,0.710646434,0.71490709,0.280701754,0.5292713198595322
810,0.478830741,0.721356839,0.71490709,0.228915663,0.4992687513058013
811,0.478830741,0.705223972,0.71490709,0.280701754,0.5292713198595322
812,0.478830741,0.705223972,0.71490709,0.270588235,0.49157663313890954
813,0.463157789,0.660153168,0.71490709,0.270588235,0.5365861772154005
814,0.494188443,0.694241694,0.71490709,0.228915663,0.5068831178013617
815,0.478830741,0.699755918,0.71490709,0.228915663,0.5144209055644899
816,0.486548401,0.699755918,0.71490709,0.228915663,0.46802167431941333
817,0.455200045,0.700203597,0.71490709,0.228915663,0.5365861772154005
818,0.463157789,0.686018312,0.720427264,0.228915663,0.4992687513058013
819,0.430826493,0.660153168,0.720427264,0.228915663,0.49157663313890954
820,0.430826493,0.680151416,0.720427264,0.228915663,0.4600063291046942
821,0.430826493,0.677416074,0.71490709,0.239520958,0.4600063291046942
822,0.430826493,0.668867189,0.720427264,0.228915663,0.5068831178013617
823,0.430826493,0.708213498,0.720427264,0.228915663,0.5144209055644899
824,0.430826493,0.699755918,0.720427264,0.280701754,0.49157663313890954
825,0.430826493,0.71602387,0.720427264,0.239520958,0.5068831178013617
826,0.430826493,0.70767163,0.720427264,0.280701754,0.4600063291046942
827,0.430826493,0.70767163,0.720427264,0.280701754,0.4600063291046942
828,0.422530811,0.70273498,0.720427264,0.280701754,0.4600063291046942
829,0.455200045,0.710646434,0.71490709,0.280701754,0.49157663313890954
830,0.471034275,0.651264451,0.71490709,0.280701754,0.4600063291046942
831,0.471034275,0.663050663,0.71490709,0.239520958,0.4600063291046942
832,0.486548401,0.713646145,0.71490709,0.239520958,0.4600063291046942
833,0.486548401,0.721356839,0.71490709,0.280701754,0.5936117774637705
834,0.494188443,0.710646434,0.71490709,0.280701754,0.5936117774637705
835,0.486548401,0.713646145,0.71490709,0.280701754,0.5936117774637705
836,0.501752033,0.708213498,0.71490709,0.290697674,0.5936117774637705
837,0.5166544,0.624245486,0.71490709,0.280701754,0.5936117774637705
838,0.5166544,0.674633544,0.720427264,0.280701754,0.5936117774637705
839,0.471034275,0.668867189,0.71490709,0.300578035,0.5936117774637705
840,0.523995393,0.711228266,0.71490709,0.290697674,0.5936117774637705
841,0.509240312,0.677581211,0.71490709,0.239520958,0.5936117774637705
842,0.494188443,0.700203597,0.71490709,0.280701754,0.5936117774637705
843,0.523995393,0.660093199,0.71490709,0.280701754,0.5936117774637705
844,0.523995393,0.665973478,0.720427264,0.270588235,0.5936117774637705
845,0.463157789,0.711228266,0.71490709,0.228915663,0.5936117774637705
846,0.5166544,0.713646145,0.71490709,0.239520958,0.5936117774637705
847,0.478830741,0.708213498,0.71490709,0.228915663,0.5936117774637705
848,0.494188443,0.686018312,0.71490709,0.228915663,0.5936117774637705
849,0.486548401,0.708213498,0.709339299,0.228915663,0.5936117774637705
850,0.471034275,0.713646145,0.71490709,0.239520958,0.5936117774637705
851,0.430826493,0.708213498,0.71490709,0.239520958,0.5936117774637705
852,0.471034275,0.724376109,0.709339299,0.239520958,0.5936117774637705
853,0.471034275,0.713646145,0.709339299,0.239520958,0.5936117774637705
854,0.471034275,0.721356839,0.720427264,0.239520958,0.5936117774637705
855,0.463157789,0.721356839,0.71490709,0.228915663,0.5936117774637705
856,0.463157789,0.705223972,0.71490709,0.239520958,0.5936117774637705
857,0.494188443,0.71602387,0.71490709,0.228915663,0.5936117774637705
858,0.463157789,0.71602387,0.71490709,0.228915663,0.5936117774637705
859,0.471034275,0.713646145,0.720427264,0.228915663,0.5936117774637705
860,0.494188443,0.719033493,0.71490709,0.228915663,0.5936117774637705
861,0.523995393,0.724376109,0.71490709,0.228915663,0.5936117774637705
862,0.447159779,0.721356839,0.720427264,0.228915663,0.5936117774637705
863,0.430826493,0.71602387,0.71490709,0.228915663,0.5936117774637705
864,0.523995393,0.721356839,0.709339299,0.228915663,0.5936117774637705
865,0.523995393,0.719033493,0.71490709,0.239520958,0.5936117774637705
866,0.523995393,0.724376109,0.709339299,0.228915663,0.5936117774637705
867,0.501752033,0.724376109,0.709339299,0.228915663,0.5936117774637705
868,0.478830741,0.724376109,0.71490709,0.228915663,0.5936117774637705
869,0.486548401,0.721356839,0.720427264,0.239520958,0.5936117774637705
870,0.422530811,0.737992251,0.71490709,0.228915663,0.5936117774637705
871,0.692343993,0.732728348,0.71490709,0.228915663,0.5936117774637705
872,0.703723275,0.734929349,0.709339299,0.228915663,0.5936117774637705
873,0.680764074,0.728878595,0.720427264,0.228915663,0.5936117774637705
874,0.680764074,0.725890133,0.71490709,0.228915663,0.5936117774637705
875,0.703723275,0.734929349,0.709339299,0.228915663,0.5936117774637705
876,0.613238937,0.734929349,0.71490709,0.239520958,0.5936117774637705
877,0.613238937,0.724376109,0.71490709,0.228915663,0.5936117774637705
878,0.638575299,0.713039133,0.71490709,0.228915663,0.5936117774637705
879,0.580216739,0.719033493,0.709339299,0.228915663,0.5936117774637705
880,0.58694587,0.723642075,0.71490709,0.280701754,0.5936117774637705
881,0.600215347,0.724376109,0.709339299,0.280701754,0.5936117774637705
882,0.663006241,0.729674545,0.71490709,0.239520958,0.5936117774637705
883,0.61966065,0.719033493,0.720427264,0.270588235,0.5936117774637705
884,0.650900887,0.729674545,0.71490709,0.239520958,0.5936117774637705
885,0.720427264,0.721356839,0.709339299,0.239520958,0.5936117774637705
886,0.720427264,0.71602387,0.71490709,0.239520958,0.5936117774637705
887,0.692343993,0.71602387,0.71490709,0.239520958,0.5936117774637705
888,0.686579443,0.727420553,0.71490709,0.239520958,0.5936117774637705
889,0.686579443,0.727420553,0.71490709,0.228915663,0.5936117774637705
890,0.692343993,0.718362433,0.703723275,0.239520958,0.5936117774637705
891,0.709339299,0.723642075,0.703723275,0.270588235,0.5936117774637705
892,0.720427264,0.714175494,0.709339299,0.228915663,0.5869458703831612
893,0.680764074,0.729674545,0.709339299,0.239520958,0.5869458703831612
894,0.668978166,0.722925883,0.709339299,0.280701754,0.5936117774637705
895,0.656980722,0.732728348,0.709339299,0.280701754,0.5936117774637705
896,0.580216739,0.724376109,0.703723275,0.280701754,0.5936117774637705
897,0.606757448,0.729674545,0.709339299,0.280701754,0.5936117774637705
898,0.632328031,0.724376109,0.703723275,0.280701754,0.5869458703831612
899,0.61966065,0.726645891,0.709339299,0.280701754,0.5869458703831612
900,0.650900887,0.725890133,0.703723275,0.280701754,0.5936117774637705
901,0.606757448,0.729674545,0.703723275,0.280701754,0.5869458703831612
902,0.593611777,0.719033493,0.703723275,0.280701754,0.5869458703831612
903,0.593611777,0.713039133,0.703723275,0.280701754,0.5936117774637705
904,0.668978166,0.724376109,0.709339299,0.280701754,0.5936117774637705
905,0.668978166,0.715392585,0.703723275,0.280701754,0.5936117774637705
906,0.593611777,0.699755918,0.703723275,0.280701754,0.5936117774637705
907,0.593611777,0.734929349,0.703723275,0.280701754,0.5936117774637705
908,0.58694587,0.709525365,0.709339299,0.280701754,0.5936117774637705
909,0.650900887,0.721356839,0.703723275,0.280701754,0.5869458703831612
910,0.663006241,0.734929349,0.71490709,0.270588235,0.5869458703831612
911,0.674897211,0.718362433,0.71490709,0.280701754,0.5869458703831612
912,0.61966065,0.729674545,0.71490709,0.280701754,0.5869458703831612
913,0.580216739,0.712446994,0.71490709,0.270588235,0.5869458703831612
914,0.606757448,0.724376109,0.71490709,0.280701754,0.5869458703831612
915,0.600215347,0.734929349,0.71490709,0.280701754,0.5869458703831612
916,0.600215347,0.734929349,0.71490709,0.280701754,0.5869458703831612
917,0.644765996,0.723642075,0.71490709,0.270588235,0.5869458703831612
918,0.638575299,0.728878595,0.71490709,0.280701754,0.5869458703831612
919,0.663006241,0.724376109,0.720427264,0.280701754,0.5869458703831612
920,0.663006241,0.729674545,0.71490709,0.280701754,0.5869458703831612
921,0.668978166,0.720662795,0.71490709,0.280701754,0.5869458703831612
922,0.674897211,0.731891566,0.71490709,0.280701754,0.5869458703831612
923,0.606757448,0.717707749,0.71490709,0.280701754,0.5869458703831612
924,0.613238937,0.726645891,0.71490709,0.280701754,0.5869458703831612
925,0.593611777,0.726645891,0.71490709,0.280701754,0.5869458703831612
926,0.656980722,0.713039133,0.720427264,0.280701754,0.5869458703831612
927,0.680764074,0.718362433,0.71490709,0.280701754,0.5869458703831612
928,0.600215347,0.713039133,0.720427264,0.280701754,0.5869458703831612
929,0.593611777,0.721356839,0.71490709,0.280701754,0.5869458703831612
930,0.593611777,0.718362433,0.709339299,0.280701754,0.5869458703831612
931,0.593611777,0.728878595,0.709339299,0.280701754,0.5869458703831612
932,0.613238937,0.718362433,0.720427264,0.280701754,0.5869458703831612
933,0.600215347,0.731891566,0.703723275,0.280701754,0.5869458703831612
934,0.606757448,0.726645891,0.71490709,0.280701754,0.5869458703831612
935,0.600215347,0.724376109,0.71490709,0.280701754,0.5869458703831612
936,0.61966065,0.724376109,0.71490709,0.280701754,0.5869458703831612
937,0.674897211,0.729674545,0.71490709,0.280701754,0.5869458703831612
938,0.593611777,0.729674545,0.71490709,0.280701754,0.5869458703831612
939,0.613238937,0.734929349,0.71490709,0.280701754,0.5869458703831612
940,0.600215347,0.734929349,0.71490709,0.280701754,0.5869458703831612
941,0.674897211,0.734929349,0.709339299,0.280701754,0.5869458703831612
942,0.613238937,0.729674545,0.71490709,0.280701754,0.5869458703831612
943,0.58694587,0.729674545,0.709339299,0.280701754,0.5869458703831612
944,0.600215347,0.732728348,0.71490709,0.280701754,0.5869458703831612
945,0.674897211,0.729674545,0.720427264,0.280701754,0.5869458703831612
946,0.674897211,0.721356839,0.71490709,0.280701754,0.5869458703831612
947,0.626023412,0.724376109,0.71490709,0.280701754,0.5869458703831612
948,0.632328031,0.728878595,0.71490709,0.280701754,0.5869458703831612
949,0.656980722,0.721356839,0.71490709,0.280701754,0.5869458703831612
950,0.656980722,0.721356839,0.71490709,0.280701754,0.5869458703831612
951,0.692343993,0.706627405,0.71490709,0.280701754,0.5869458703831612
952,0.61966065,0.729674545,0.71490709,0.280701754,0.5936117774637705
953,0.656980722,0.718362433,0.720427264,0.280701754,0.5936117774637705
954,0.644765996,0.734929349,0.71490709,0.280701754,0.5869458703831612
955,0.61966065,0.734929349,0.71490709,0.290697674,0.5869458703831612
956,0.61966065,0.729674545,0.720427264,0.280701754,0.5936117774637705
957,0.632328031,0.734929349,0.71490709,0.290697674,0.5869458703831612
958,0.626023412,0.724376109,0.709339299,0.280701754,0.5869458703831612
959,0.593611777,0.734929349,0.71490709,0.280701754,0.5869458703831612
960,0.593611777,0.734929349,0.709339299,0.280701754,0.5936117774637705
961,0.656980722,0.729674545,0.709339299,0.280701754,0.5869458703831612
962,0.552649625,0.734929349,0.709339299,0.280701754,0.5936117774637705
963,0.606757448,0.734929349,0.71490709,0.280701754,0.5869458703831612
964,0.61966065,0.724376109,0.71490709,0.280701754,0.5869458703831612
965,0.606757448,0.703752829,0.71490709,0.280701754,0.5869458703831612
966,0.626023412,0.729674545,0.71490709,0.280701754,0.5869458703831612
967,0.606757448,0.729674545,0.71490709,0.280701754,0.5869458703831612
968,0.593611777,0.724376109,0.71490709,0.280701754,0.5869458703831612
969,0.674897211,0.721356839,0.71490709,0.280701754,0.5869458703831612
970,0.668978166,0.715392585,0.71490709,0.280701754,0.5869458703831612
971,0.613238937,0.718362433,0.71490709,0.280701754,0.5869458703831612
972,0.613238937,0.71186919,0.71490709,0.280701754,0.5869458703831612
973,0.613238937,0.717707749,0.71490709,0.280701754,0.5869458703831612
974,0.613238937,0.712446994,0.71490709,0.280701754,0.5869458703831612
975,0.613238937,0.708985102,0.71490709,0.280701754,0.5869458703831612
976,0.58694587,0.713039133,0.71490709,0.280701754,0.5869458703831612
977,0.593611777,0.709525365,0.71490709,0.280701754,0.5869458703831612
978,0.61966065,0.714776644,0.71490709,0.280701754,0.5869458703831612
979,0.593611777,0.719985551,0.71490709,0.280701754,0.5869458703831612
980,0.580216739,0.722925883,0.709339299,0.280701754,0.5869458703831612
981,0.632328031,0.712446994,0.709339299,0.280701754,0.5869458703831612
982,0.613238937,0.715392585,0.709339299,0.280701754,0.5869458703831612
983,0.638575299,0.721356839,0.71490709,0.280701754,0.5869458703831612
984,0.600215347,0.720662795,0.71490709,0.290697674,0.5869458703831612
985,0.566565168,0.721356839,0.71490709,0.280701754,0.5869458703831612
986,0.593611777,0.721356839,0.71490709,0.280701754,0.5936117774637705
987,0.559640869,0.721356839,0.71490709,0.280701754,0.5869458703831612
988,0.552649625,0.726645891,0.71490709,0.239520958,0.5869458703831612
989,0.580216739,0.729674545,0.71490709,0.270588235,0.5869458703831612
990,0.573423478,0.718362433,0.71490709,0.239520958,0.5869458703831612
991,0.58694587,0.734929349,0.71490709,0.239520958,0.5869458703831612
992,0.573423478,0.719985551,0.71490709,0.239520958,0.5869458703831612
993,0.559640869,0.726645891,0.71490709,0.270588235,0.5869458703831612
994,0.573423478,0.721356839,0.71490709,0.280701754,0.5869458703831612
995,0.613238937,0.722925883,0.71490709,0.270588235,0.5869458703831612
996,0.61966065,0.719985551,0.71490709,0.270588235,0.5936117774637705
997,0.613238937,0.719985551,0.71490709,0.270588235,0.5869458703831612
998,0.613238937,0.729674545,0.71490709,0.239520958,0.5869458703831612
999,0.613238937,0.734929349,0.71490709,0.270588235,0.5869458703831612
1000,0.668978166,0.729674545,0.71490709,0.270588235,0.5869458703831612
