,Knn_light_kappa,Knn_light_F1,Knn_xgboost_kappa,Knn_xgboost_F1,Knn_catboost_kappa,Knn_catboost_F1,light_xgboost_kappa,light_xgboost_F1,light_catboost_kappa,light_catboost_F1,xgboost_catboost_kappa,xgboost_catboost_F1,lg_xg_cb_kappa,lg_xg_cb_F1,Knn_xg_cb_kappa,Knn_xg_cb_F1,Knn_lg_cb_kappa,Knn_lg_cb_F1,Knn_lg_xg_kappa,Knn_lg_xg_F1,Knn_lg_xg_cb_Kappa,Knn_lg_xg_cb_F1
0,0.8297132304839997,0.877476364672906,0.8297132304839997,0.877476364672906,0.8297132304839997,0.877476364672906,0.982528198462221,0.9876453157054936,0.983516761706031,0.988322571781838,0.9687203939099868,0.9778104470069372,0.977111891344792,0.9837822979659152,0.9307220173218153,0.9506630807752944,0.9572066453886812,0.9696496625189402,0.941182782406074,0.9582682231822778,0.9545947541240551,0.9678188319427891
1,0.8381044169026561,0.8837978271138404,0.8381044169026561,0.8837978271138404,0.8381044169026561,0.8837978271138404,0.9827888326117592,0.9878310013217264,0.9865652427508396,0.990487514863258,0.9793378990037412,0.9853407472083084,0.9808995628107726,0.9864523536165328,0.9426048003223566,0.959275602132745,0.9607340977725504,0.9721674538034756,0.9424967636145118,0.9592099219108864,0.9536710556313591,0.9671219018715225
2,0.8409528624154666,0.885956644674835,0.8409528624154666,0.885956644674835,0.8409528624154666,0.885956644674835,0.982980858170406,0.9879660862430484,0.9865652427508396,0.990487514863258,0.9783576486201372,0.9846408534902972,0.9808995628107726,0.9864523536165328,0.938107084629738,0.9560368663594472,0.9574111079130428,0.9697998898476224,0.94195274457894,0.9588437715072264,0.9569453833021276,0.9694631951141113
3,0.8452091115881843,0.8888258113350365,0.8452091115881843,0.8888258113350365,0.8452091115881843,0.8888258113350365,0.9820850010664056,0.9873360058309038,0.9865002927040972,0.990441344614681,0.9857878874504828,0.989935956084172,0.9857244287721456,0.9898915976764396,0.940211213826054,0.9575125709277114,0.9590698976382872,0.9709638886336488,0.9397693346743472,0.9572382048331416,0.9586176639927152,0.9706436348601094
4,0.8466882083166789,0.8899390387977884,0.8449403597489349,0.8886999244142101,0.8466882083166789,0.8899390387977884,0.9846463646557312,0.989138371668492,0.9851521749116448,0.989490998812026,0.9854699210495602,0.9897133452201344,0.9855348847092548,0.989759531864314,0.944923622120166,0.9608809841957332,0.9530657727190228,0.966714108626785,0.942057409414326,0.9589053675559024,0.9697959510695536,0.9786262331019365
5,0.8484613389445644,0.8911397198031048,0.8464184197318615,0.8898117125194659,0.8464184197318615,0.8898117125194659,0.9836852142295658,0.9884617138687464,0.9865002927040972,0.990441344614681,0.9857274727680768,0.9898952951396828,0.983392797981976,0.9882374479381208,0.9420028266729102,0.9588056400331768,0.9627463629692308,0.9736300900324484,0.9447179234139412,0.9608283318825308,0.9717621938986701,0.9800328227571117
6,0.8481898631710315,0.891010492485112,0.8481898631710315,0.891010492485112,0.8481898631710315,0.891010492485112,0.9845822640768868,0.989093232327842,0.9826599100096,0.9877398477735746,0.9855348847092548,0.989759531864314,0.9840534523673952,0.988712699355664,0.946710169554322,0.9622008910118036,0.9625317032785456,0.9734675205855444,0.9387254344092298,0.9564937157589428,0.9699349655673308,0.9787621083268907
7,0.8521712682428557,0.8939901013433891,0.8521712682428557,0.8939901013433891,0.8521712682428557,0.8939901013433891,0.9845140440269776,0.9890430971512052,0.9859245939604284,0.990036563071298,0.9856648016408234,0.9898518924849148,0.9836054574636344,0.9883975881600584,0.9462123550767298,0.9618250390948396,0.9646738805617106,0.974989712404554,0.9377544880017514,0.9558051744774884,0.9711076074070082,0.9795974008270095
8,0.8504769248792011,0.892678318375059,0.855717498121963,0.896391923204237,0.8504769248792011,0.892678318375059,0.983552741750803,0.9883662575847438,0.9906526139830466,0.9933907653037968,0.986054469352893,0.9901288730463396,0.984050902550104,0.9887096036933766,0.9474703325769096,0.9627314921189284,0.9687743052028622,0.9778431552817872,0.9383830922081962,0.9562413634269922,0.969543835654599,0.9784833735158986
9,0.8540243620026797,0.8950810349729884,0.8575303336511264,0.8977471307797668,0.8540243620026797,0.8950810349729884,0.983552741750803,0.9883662575847438,0.9908457646219608,0.9935272130549732,0.9860522394343146,0.9901261656609984,0.9853971696899962,0.989657697235951,0.948106949591021,0.9631774927596194,0.9704294737625748,0.979035735584201,0.9409078777903368,0.9580651094353504,0.971315843317503,0.9796870710952511
10,0.8558406128742204,0.8964407421431276,0.8599484181196291,0.8994038042963945,0.8558406128742204,0.8964407421431276,0.98419352461319,0.9888173809849832,0.9908443030225128,0.9935254422761264,0.9851371271000152,0.9894727206151592,0.986427378920165,0.9903854958337148,0.9548954655296484,0.9679208653046132,0.9715271903453468,0.9798128096898514,0.9410975343399508,0.9581972867325822,0.9758497108723782,0.9829036386908027
11,0.8568872821703086,0.8972236674076528,0.8617589052609397,0.9007561436672968,0.8568872821703086,0.8972236674076528,0.9827202338734752,0.9877804121831114,0.9911031569817728,0.9937089715536104,0.9853282515663252,0.98960670298979,0.9857251898928494,0.9898925222959066,0.9536264107623356,0.9670673851964444,0.9724933827833776,0.9805283846786726,0.9409900299887368,0.9581322671078634,0.9804713430447087,0.9861940128491365
12,0.8593066581289968,0.8988817285822593,0.8682161869333066,0.905603610379842,0.8593066581289968,0.8988817285822593,0.9816963991686136,0.9870603244031346,0.9904564267451184,0.9932506384531192,0.9854559662112038,0.9896963868663278,0.9903901528833434,0.9932028648328088,0.9549495820336856,0.9679537572254336,0.9758664332324748,0.982923933887316,0.9438576648780984,0.9602415702063414,0.9824039373255932,0.9875598086124402
13,0.8609100815117392,0.9000804657547214,0.8700794964712832,0.9068825910931172,0.8609100815117392,0.9000804657547214,0.9827202338734752,0.9877804121831114,0.9906506240119576,0.9933883543842048,0.9898660954832572,0.992828102873327,0.9903927101915976,0.993205964160321,0.9540564067438698,0.9672936162327432,0.970495658833602,0.9791162089293058,0.9449016034362862,0.9609532538955088,0.9795236413427689,0.9855336184150668
14,0.8673757175393064,0.9049390272611706,0.8716702126585627,0.9080648953679756,0.8673757175393064,0.9049390272611706,0.9816963991686136,0.9870603244031346,0.9912316301217544,0.9937995805598614,0.9899352007386916,0.992879313492788,0.9905873979662234,0.9933442742523706,0.9543707567439734,0.9675117022755712,0.9742829739409754,0.9817529990347934,0.9445046994849564,0.9606674612634089,0.9765716142031977,0.9834530411855623
15,0.869240011317445,0.906219057947098,0.8722853068114983,0.9085529096801468,0.869240011317445,0.906219057947098,0.9847705210207394,0.9892237442922376,0.9911022099796252,0.993707824183841,0.989870413067826,0.9928333409412516,0.9906526139830466,0.9933907653037968,0.9585850248492542,0.9705036638530748,0.9811396677079092,0.986645934327266,0.9445708589725512,0.9607151042860416,0.9838124615968431,0.9885508370204807
16,0.8708326744619954,0.907403918613414,0.8756980367778856,0.9111007025761124,0.8708326744619954,0.907403918613414,0.9847705210207394,0.9892237442922376,0.9911022099796252,0.993707824183841,0.9899352007386916,0.992879313492788,0.990781052892872,0.9934813329078724,0.9576728197138034,0.9699206495663408,0.9822495303050688,0.9874377598099676,0.9453188093192952,0.9612637362637362,0.9833954549942099,0.9882406771905744
17,0.8714489086806727,0.9078934989180544,0.8747078048270805,0.9103195832746728,0.8714489086806727,0.9078934989180544,0.9850310398201656,0.9894092942572812,0.9911022099796252,0.993707824183841,0.9897402809467788,0.9927407204492537,0.9912954085628568,0.9938443299439148,0.955023036914883,0.968010355029586,0.9845082682986152,0.989036089538602,0.945583155707792,0.9614539461637064,0.982757639645478,0.9877931696612262
18,0.8748660204152314,0.910447061031102,0.8754712704594471,0.9109226371772644,0.8748660204152314,0.910447061031102,0.9883917157005137,0.9917898193760262,0.9911017364029464,0.9937072503419973,0.9899341286175356,0.9928780131482834,0.9914234525396532,0.9939344187531354,0.9554720339323332,0.9683266287510982,0.9811897162998237,0.9866739936804504,0.9460254746060228,0.9617621468150388,0.9843158751463189,0.9889005618234139
19,0.8738739795548968,0.909663470577176,0.878707578844312,0.9133541968331076,0.8738739795548968,0.909663470577176,0.9838765246232074,0.9885959310281908,0.9911022099796252,0.993707824183841,0.9899989197675114,0.992923989956631,0.9913591971881478,0.9938890915724188,0.9589514026976212,0.9708190968695172,0.9847031374883852,0.9891746220253048,0.9496572365754552,0.9643738010413812,0.987042589038568,0.9908382332831942
20,0.8746388489704222,0.9102684437769852,0.877349385005609,0.9123233835501074,0.8746388489704222,0.9102684437769852,0.9829799524868696,0.9879649890590808,0.9911017364029464,0.9937072503419973,0.9899989197675114,0.992923989956631,0.9914234525396532,0.9939344187531354,0.9581719989513734,0.9702650290885586,0.9856724383278652,0.9898611618560468,0.9498521984036584,0.9645124457638732,0.9876983643197329,0.9913075137668957
21,0.87787957090737,0.9127058383233534,0.8767814362888741,0.91196261682243,0.87787957090737,0.9127058383233534,0.9823333734378066,0.9875068393215392,0.9911017364029464,0.9937072503419973,0.9899989197675114,0.992923989956631,0.9906526139830466,0.9933907653037968,0.9593628909982386,0.9711227973060244,0.9850967517781506,0.9894563877858414,0.9539297803475282,0.9674363528715216,0.9884028279532482,0.9918032786885246
22,0.8765193818075001,0.9116723677428424,0.880904906064163,0.9150125803746156,0.8765193818075001,0.9116723677428424,0.9839414459665894,0.9886420654107558,0.9911017364029464,0.9937072503419973,0.9901875242894348,0.9930549209540346,0.9910365406241488,0.993660783508916,0.957251235315007,0.9696045824094603,0.9853477941063656,0.989630441734046,0.95168139384459,0.9657853810264386,0.987761794855246,0.9913518434228493
23,0.8768635620717518,0.9119272931696806,0.8833316510067784,0.9168177802575906,0.8768635620717518,0.9119272931696806,0.9839414459665894,0.9886420654107558,0.9912311634581814,0.9937990151376984,0.9901885699224564,0.9930561900411148,0.9907168317293124,0.9934360470416628,0.9593607134061976,0.9711201328658424,0.9813359259274852,0.986786155182662,0.9586389526807876,0.9707676896457518,0.9889188471356627,0.9921682906839084
24,0.8762955249903985,0.9115665356541268,0.8836295333927279,0.9170155363289608,0.8762955249903985,0.9115665356541268,0.9835571188181456,0.98837156277076,0.99116598148269,0.9937525650964476,0.98954697971821,0.9926040905770634,0.9912306967449328,0.9937984496124032,0.961592656290152,0.9727188940092164,0.9812708451514848,0.9867398262459992,0.9570858989441168,0.969666605939151,0.9872234058289572,0.9909597297050499
25,0.8718226673267363,0.9082198215124472,0.8859517482434579,0.9187256176853056,0.8718226673267363,0.9082198215124472,0.9845189912246104,0.9890490965504654,0.9912944819011515,0.9938432070050622,0.9896776786806464,0.9926973984481972,0.9912306967449328,0.9937984496124032,0.9636476532065044,0.9742009657392504,0.9836115694582848,0.9884050031954716,0.9565426777265754,0.969268648550064,0.9885213076775674,0.9918817841831615
26,0.8759667059233647,0.91129636568003,0.8866350821295297,0.9191952046837972,0.8759667059233647,0.91129636568003,0.9844540731583682,0.9890029660050194,0.9913591971881478,0.9938890915724188,0.9896134407271197,0.9926520925562504,0.9912949452566652,0.9938437685256966,0.9651165776509816,0.9752324831967588,0.9814670649690306,0.98688,0.9564770428142848,0.969221649719575,0.988844039769624,0.9921101837916723
27,0.8778927634970396,0.9127221702525724,0.8897021591571005,0.9214504312343504,0.8778927634970396,0.9127221702525724,0.9840063638540408,0.9886881955847472,0.9913591971881478,0.9938890915724188,0.9896134407271197,0.9926520925562504,0.9913596570869192,0.993889648882809,0.9622442849886588,0.9732163366564064,0.9815311474412808,0.986925116576758,0.9552065459276324,0.9683328017496696,0.9865745478442359,0.9904988123515439
28,0.8803285324930357,0.914539089848308,0.8888658583178181,0.9209272197288668,0.8803285324930357,0.914539089848308,0.9839423007820794,0.988643101482326,0.9912949452566652,0.9938437685256966,0.9899346647066632,0.992878663379896,0.9912958718197344,0.9938448912597456,0.9656848772819115,0.975661278471712,0.9814019946261848,0.9868336838255464,0.9529501320930076,0.9667047271066452,0.989038370931166,0.9922480620155039
29,0.8806263446819536,0.9147366454986924,0.8893498438636402,0.921185693742172,0.8806263446819536,0.9147366454986924,0.9877598425201456,0.991349480968858,0.9913591971881478,0.9938890915724188,0.989806164850726,0.9927880226401314,0.9912958718197344,0.9938448912597456,0.9725464346218238,0.9805272343161568,0.9814670649690306,0.98688,0.9519379710664846,0.9659988133814068,0.988325671595668,0.9917423240111319
30,0.8829564450817586,0.9164568764568763,0.8915504961489547,0.9228133537065332,0.8829564450817586,0.9164568764568763,0.987952147180267,0.9914849050589684,0.9913591971881478,0.9938890915724188,0.989806164850726,0.9927880226401314,0.9912958718197344,0.9938448912597456,0.9697872573085105,0.97858289383169,0.9838072895807888,0.9885445666560174,0.9506713564544368,0.9651146883122806,0.9872342850302015,0.9909729187562688
31,0.8836404014414889,0.9169270954801996,0.8935408406222973,0.9241827034546718,0.8836404014414889,0.9169270954801996,0.98451816691119,0.9890480971068724,0.9913591971881478,0.9938890915724188,0.9899352007386916,0.992879313492788,0.9912958718197344,0.9938448912597456,0.973334823488588,0.981092244148692,0.9838064272567784,0.9885435209274728,0.952436417557876,0.9663750683433572,0.9863812743040054,0.9903622162334993
32,0.8867178811295003,0.9191956805064234,0.8936653508171487,0.9242684227612112,0.8867178811295003,0.9191956805064234,0.98464718218693,0.9891393629643151,0.9913591971881478,0.9938890915724188,0.9901284917157792,0.993015930980965,0.9912958718197344,0.9938448912597456,0.972251609014577,0.9803328290468986,0.9862543838131576,0.9902735284716198,0.9562148617806684,0.9690014630577908,0.9867121341344571,0.9906004745391495
33,0.8889256875481337,0.9208325590039026,0.8957966481816774,0.9259447238499516,0.8889256875481337,0.9208325590039026,0.9836852142295658,0.9884617138687464,0.9913591971881478,0.9938890915724188,0.9899999849593653,0.9929252818476424,0.9914243654730368,0.9939355250558568,0.9682169459740512,0.9774276764326516,0.9896892092468522,0.9927113702623906,0.954172735429844,0.9675680613922896,0.9898758048776357,0.9928398777762575
34,0.8909176826127424,0.9222036106458216,0.8956966768945938,0.9257888405662996,0.8909176826127424,0.9222036106458216,0.9847112827875404,0.9891845023502032,0.9913591971881478,0.9938890915724188,0.9899999849593653,0.9929252818476424,0.9914243654730368,0.9939355250558568,0.9749603702749812,0.9822814868937804,0.988394186929946,0.991792814152836,0.9577467592470416,0.9700768667642754,0.9874988311856857,0.9911633415322948
35,0.891042296287427,0.9222894369474174,0.8965983557809962,0.9263587460582452,0.891042296287427,0.9222894369474174,0.9850959580806864,0.989455425206555,0.9913591971881478,0.9938890915724188,0.9899999849593653,0.9929252818476424,0.9914243654730368,0.9939355250558568,0.9743611162394864,0.9818481093685704,0.9863834506318134,0.9903648568427782,0.959253372806475,0.9711542857142856,0.9893684108494296,0.9924853122011204
36,0.8931855173230762,0.9239814814814816,0.8954957815202381,0.925474506885002,0.8931855173230762,0.9239814814814816,0.9850959580806864,0.989455425206555,0.9913591971881478,0.9938890915724188,0.9901284917157792,0.993015930980965,0.9914243654730368,0.9939355250558568,0.9770058962466291,0.9837190158236532,0.9891713656817692,0.9923441487422532,0.9556163818619456,0.968601679445053,0.989423000152824,0.9925189307544932
37,0.8930812071437768,0.923819692679077,0.8965160768878844,0.9262237924782668,0.8930812071437768,0.923819692679077,0.9815733821923832,0.986976320582878,0.9913591971881478,0.9938890915724188,0.99038503418037,0.9931966576868636,0.9914243654730368,0.9939355250558568,0.974833981178249,0.9821934069947952,0.9863841759198528,0.9903657367243504,0.9557430473432708,0.9686900958466452,0.9908447902741849,0.9935260326433846
38,0.8942307145950098,0.924559035696002,0.8965160768878844,0.9262237924782668,0.8942307145950098,0.924559035696002,0.9843258958902592,0.9889127161564082,0.9913591971881478,0.9938890915724188,0.9904493097926672,0.99324200913242,0.9914243654730368,0.9939355250558568,0.9702821800136292,0.9789550736572422,0.9857381165385344,0.9899082149869858,0.9594667818921336,0.97134787956088,0.9900679391678957,0.9929750935133655
39,0.8931215062768878,0.9236659041038332,0.8986220791200167,0.9277690093770308,0.8931215062768878,0.9236659041038332,0.9844540731583682,0.9890029660050194,0.9913591971881478,0.9938890915724188,0.9904493097926672,0.99324200913242,0.9914243654730368,0.9939355250558568,0.977131418897595,0.9838060384263494,0.987030857246902,0.9908240127824698,0.9594667818921336,0.97134787956088,0.9901321704104131,0.9930203914055017
40,0.8909155420613876,0.9219964416143832,0.8984457357411706,0.927653255371479,0.8909155420613876,0.9219964416143832,0.9843258958902592,0.9889127161564082,0.9913591971881478,0.9938890915724188,0.9904493097926672,0.99324200913242,0.9914243654730368,0.9939355250558568,0.9745255869751116,0.981982392920677,0.9874801851374906,0.9911407434468904,0.9617395060211374,0.9729631315430132,0.9906501263867887,0.9933877513794518
41,0.8919414966532877,0.9227530061292284,0.8969586624094268,0.9265321305682136,0.8919414966532877,0.9227530061292284,0.9843258958902592,0.9889127161564082,0.9913591971881478,0.9938890915724188,0.9904493097926672,0.99324200913242,0.9914243654730368,0.9939355250558568,0.9759878158628535,0.9830059387848332,0.9876747753587294,0.9912789370348386,0.9618663017604282,0.9730517115804808,0.9859790722322657,0.9900700132704892
42,0.8940591703804375,0.924313212483648,0.8976383741664798,0.9270310466629486,0.8940591703804375,0.924313212483648,0.9844540731583682,0.9890029660050194,0.9913591971881478,0.9938890915724188,0.9904493097926672,0.99324200913242,0.9914243654730368,0.9939355250558568,0.9755392319111796,0.9826901118976936,0.9868962278462104,0.9907259354013432,0.9612711222848528,0.9726233316630984,0.9909080539347394,0.9935701582379498
43,0.8938830322198865,0.9241978422306292,0.8979780928882771,0.9272803308396448,0.8938830322198865,0.9241978422306292,0.9836843457745628,0.988460661345496,0.9913591971881478,0.9938890915724188,0.990385546296038,0.9931972789115646,0.9914243654730368,0.9939355250558568,0.977528607977507,0.984092155787164,0.9865759782531348,0.9905005480453052,0.9620565206530136,0.9731846118825404,0.9908428409562616,0.9935236705281401
44,0.8950715155239195,0.925018698578908,0.8935711476407554,0.9240169784038434,0.8950715155239195,0.925018698578908,0.9838765246232074,0.9885959310281908,0.9913591971881478,0.9938890915724188,0.9905140941242576,0.9932879777179124,0.9914243654730368,0.9939355250558568,0.9765017029036468,0.9833683633372932,0.986765011074154,0.990631997440936,0.9605968568402932,0.972164104430092,0.9905848928141845,0.9933412387120313
45,0.9006877312526573,0.9291631760215956,0.8954794089169826,0.9254204127265104,0.9006877312526573,0.9291631760215956,0.9882136160759744,0.9916715969599054,0.9913591971881478,0.9938890915724188,0.9905140941242576,0.9932879777179124,0.9914243654730368,0.9939355250558568,0.9784851615294624,0.9847632120796156,0.9877383256501197,0.9913234085304594,0.9621793276985434,0.973268363768842,0.990455410687089,0.9932494070425104
46,0.901438893906782,0.9296824066312752,0.8932801841961879,0.923759693543866,0.901438893906782,0.9296824066312752,0.987568229554198,0.9912148937138696,0.9913591971881478,0.9938890915724188,0.9905140941242576,0.9932879777179124,0.9914243654730368,0.9939355250558568,0.9786772831756584,0.984898407468424,0.9878667495749488,0.9914139568871028,0.9616291926318764,0.9728620296465222,0.9900668815805809,0.9929738114791495
47,0.9027288540257764,0.9306285767459171,0.8944685186721352,0.9245803525506148,0.9027288540257764,0.9306285767459171,0.987632971643196,0.9912608101957217,0.9913591971881478,0.9938890915724188,0.9905140941242576,0.9932879777179124,0.9914243654730368,0.9939355250558568,0.9784851615294624,0.9847632120796156,0.9907820339456238,0.993482521307142,0.9635735502994642,0.9742420788693869,0.9888345306613036,0.9920986526604249
48,0.9037463116793522,0.9313743723265764,0.9000870173903919,0.9287277128625296,0.9037463116793522,0.9313743723265764,0.9824001918863918,0.9875552719150296,0.9913591971881478,0.9938890915724188,0.9903845220101432,0.9931960363486918,0.9914243654730368,0.9939355250558568,0.9780182439262676,0.9844251030691707,0.9875583068877792,0.991202880714709,0.9632404330516264,0.97400109469075,0.9904543944126868,0.9932481751824818
49,0.9040278259701008,0.9315857966164716,0.9008380870184576,0.9292468209977176,0.9040278259701008,0.9315857966164716,0.9824001918863918,0.9875552719150296,0.9913591971881478,0.9938890915724188,0.9906431540681452,0.9933792977489612,0.9914243654730368,0.9939355250558568,0.9769960846381228,0.9837070938215102,0.9893712373490324,0.9924887330996494,0.9632404330516264,0.97400109469075,0.9902601246067042,0.9931103709449286
50,0.9050441300884796,0.9323301286517116,0.8986453247340335,0.9276282021370912,0.9050441300884796,0.9323301286517116,0.988151414288803,0.991628753412193,0.9913591971881478,0.9938890915724188,0.9905788750051908,0.9933339421057438,0.9914243654730368,0.9939355250558568,0.9782104563631558,0.9845604068355706,0.9902678970288812,0.9931197885815828,0.9619425200938336,0.9730790290198942,0.9909075699856473,0.9935695717608427
51,0.9031933456779234,0.9309639002605136,0.8998701972420986,0.9285281365098608,0.9031933456779234,0.9309639002605136,0.988087336400249,0.9915836404167236,0.9913591971881478,0.9938890915724188,0.9905788750051908,0.9933339421057438,0.9914243654730368,0.9939355250558568,0.9785972584880326,0.9848339060710196,0.9902678970288812,0.9931197885815828,0.96640056742831,0.9762035511623648,0.9909722955697067,0.9936154688070048
52,0.9036681356325196,0.9313119099660512,0.901161829307147,0.9294764300354016,0.9036681356325196,0.9313119099660512,0.9882154955834022,0.9916738705127622,0.9913591971881478,0.9938890915724188,0.9909003045619744,0.9935607617481846,0.9914243654730368,0.9939355250558568,0.9765080498167784,0.9833432753636488,0.98987957573051,0.992844446470079,0.9619485981107694,0.9730863972265305,0.9844183983125145,0.9889596408447479
53,0.9044816451289184,0.9319079711828958,0.9021806050819784,0.9302238979658336,0.9044816451289184,0.9319079711828958,0.9893053989797675,0.9924414898460978,0.9913591971881478,0.9938890915724188,0.9905788750051908,0.9933339421057438,0.9914243654730368,0.9939355250558568,0.9797708710402014,0.9856704665110104,0.9883855330202332,0.991782322863404,0.968179218860574,0.9774477447744774,0.9873430241205979,0.9910395903812746
54,0.904226769183915,0.9316955146100876,0.9024626461518236,0.9304359964636358,0.904226769183915,0.9316955146100876,0.988151414288803,0.991628753412193,0.9913591971881478,0.9938890915724188,0.9905788750051908,0.9933339421057438,0.9914243654730368,0.9939355250558568,0.9798990583133352,0.985760725241518,0.9876714919573386,0.9912749531771048,0.9671636797219118,0.9767377965015112,0.9894184936659792,0.992513466630147
55,0.9045648219778124,0.931976582102035,0.9034802660543998,0.931181995722124,0.9045648219778124,0.931976582102035,0.9881520440473884,0.9916295150577744,0.9913591971881478,0.9938890915724188,0.9906431540681452,0.9933792977489612,0.9914243654730368,0.9939355250558568,0.979635092917728,0.9855709770509824,0.9832715895542572,0.988155668358714,0.9677376794935466,0.9771405011681707,0.9854590696023591,0.98970016021973
56,0.9053165089811884,0.9324965132496512,0.9016267604596846,0.9298123049694936,0.9053165089811884,0.9324965132496512,0.9881520440473884,0.9916295150577744,0.9913591971881478,0.9938890915724188,0.9907717224661106,0.9934700214621672,0.9914243654730368,0.9939355250558568,0.9800913648707654,0.985896144335562,0.9837926175711584,0.9885267632673584,0.9671636797219118,0.9767377965015112,0.9892894509058082,0.9924221674427097
57,0.9046192482371715,0.9319420505892766,0.9021021655216056,0.9301610950740292,0.9046192482371715,0.9319420505892766,0.9873706249144848,0.9910730552013116,0.9913591971881478,0.9938890915724188,0.9907717224661106,0.9934700214621672,0.9914243654730368,0.9939355250558568,0.979635092917728,0.9855709770509824,0.983728479956364,0.988481579669074,0.9676031847825708,0.9770425697658436,0.9903269446721074,0.9931588068959226
58,0.9056468195738124,0.9327003630270874,0.9029167286680788,0.9307584923220102,0.9056468195738124,0.9327003630270874,0.9881520440473884,0.9916295150577744,0.9913591971881478,0.9938890915724188,0.9909003045619744,0.9935607617481846,0.9914243654730368,0.9939355250558568,0.979635092917728,0.9855709770509824,0.9867678316819604,0.9906354209492486,0.9694564405522812,0.9783446503945676,0.9910379717255043,0.9936625176674417
59,0.9067987581712054,0.9335441566293076,0.9006379210940924,0.9290677610408992,0.9067987581712054,0.9335441566293076,0.988151414288803,0.991628753412193,0.9913591971881478,0.9938890915724188,0.9909003045619744,0.9935607617481846,0.9914243654730368,0.9939355250558568,0.979765473723956,0.9856639032656987,0.9876066146388922,0.9912288716308816,0.973813422786306,0.9814116131407014,0.9884472889501349,0.9918246174925781
60,0.9075107220489694,0.9340827797649462,0.9015896424615883,0.9297665097637134,0.9075107220489694,0.9340827797649462,0.9882833171688185,0.991723510686676,0.9913591971881478,0.9938890915724188,0.9909003045619744,0.9935607617481846,0.9914243654730368,0.9939355250558568,0.9800903025946796,0.9858948525370947,0.98702740267585,0.990819821877141,0.9751885449106742,0.9823948517582166,0.9887720839102957,0.9920555200438316
61,0.907520673023715,0.9340950257767868,0.9013325740483066,0.9295511803676402,0.907520673023715,0.9340950257767868,0.9896261463439888,0.99266748645079,0.9913591971881478,0.9938890915724188,0.9909003045619744,0.9935607617481846,0.9914243654730368,0.9939355250558568,0.9800913648707654,0.985896144335562,0.9870267115407824,0.9908189832366512,0.9713491264759716,0.9796947334647294,0.9884472889501349,0.9918246174925781
62,0.9073654121368956,0.9339714697272432,0.901736136811266,0.9298793272142758,0.9073654121368956,0.9339714697272432,0.9873092267718908,0.9910311859776918,0.9913591971881478,0.9938890915724188,0.9909003045619744,0.9935607617481846,0.9914243654730368,0.9939355250558568,0.9800913648707654,0.985896144335562,0.9873517886443428,0.9910502283105022,0.9713491264759716,0.9796947334647294,0.9854606208013408,0.9897020458602225
63,0.9084478588002948,0.9347634303756326,0.902488104296544,0.9303995151741178,0.9084478588002948,0.9347634303756326,0.9893695416296472,0.9924866809343836,0.9916836071551084,0.9941195240917172,0.9910951010323036,0.9936992055520044,0.9914243654730368,0.9939355250558568,0.9800240619191772,0.9858471121696514,0.9881255364190632,0.9915974061558132,0.9694482810197604,0.9783347103644544,0.9847469591674234,0.9891951286512224
64,0.9116221654005388,0.9370830244625648,0.901786451165922,0.929839312406577,0.9116221654005388,0.9370830244625648,0.9894342495944692,0.9925325562334942,0.991749172968895,0.994166438793182,0.9913555162347394,0.993884629426798,0.9914243654730368,0.9939355250558568,0.9798958406162108,0.9857568124570644,0.9863134493061884,0.9903125571193566,0.9704697326031152,0.9790518191841234,0.9846819190362073,0.989148848495948
65,0.9107008208036558,0.9364888601275768,0.9028171095696104,0.930601577449013,0.9107008208036558,0.9364888601275768,0.9896294557421028,0.9926714916473212,0.9927835980576248,0.9948993533108662,0.9913578171980392,0.9938874190311104,0.9914243654730368,0.9939355250558568,0.9796361796263456,0.9855722988137224,0.9865731171304676,0.990497076023392,0.9696384102140988,0.9784674716496028,0.9891598308188844,0.9923301680058437
66,0.9097760596648043,0.9357900097217722,0.9038363421001716,0.9313496875291484,0.9097760596648043,0.9357900097217722,0.987898982016006,0.9914529914529916,0.9927835980576248,0.9948993533108662,0.9914872581803766,0.9939792008757528,0.9914243654730368,0.9939355250558568,0.9797665534176012,0.9856652163956948,0.9870909113886884,0.9908642426457152,0.9704697326031152,0.9790518191841234,0.9894866545309055,0.9925635293580911
67,0.9083323269471916,0.934688762010862,0.90499047612325,0.9321962812805816,0.9083323269471916,0.934688762010862,0.9877035940543044,0.9913138387375504,0.9928482203995542,0.9949451250056924,0.9914234525396532,0.9939344187531354,0.9914243654730368,0.9939355250558568,0.9815252388229316,0.9869179398042266,0.98637837145119,0.9903586931688372,0.9714723840489206,0.9797789903250952,0.9907168317293124,0.9934360470416628
68,0.9108316324984418,0.9365152919369788,0.9057044525306596,0.9327375133826746,0.9108316324984418,0.9365152919369788,0.988728867832216,0.9920356801529148,0.9927835980576248,0.9948993533108662,0.991552872804616,0.9940261753841944,0.9914243654730368,0.9939355250558568,0.9836390583539948,0.9884056642683652,0.9863134493061884,0.9903125571193566,0.9704697326031152,0.9790518191841234,0.9859148352665291,0.9900247094353437
69,0.9108316324984418,0.9365152919369788,0.9057146098641512,0.932750034904826,0.9108316324984418,0.9365152919369788,0.9855177834149584,0.9897713324544256,0.9928482203995542,0.9949451250056924,0.9914234525396532,0.9939344187531354,0.9914243654730368,0.9939355250558568,0.9837163295753004,0.988466819221968,0.9870922867818606,0.990865911582024,0.9732877307502246,0.9810348002209538,0.989354822698679,0.9924688484184582
70,0.9086444070985248,0.9350048572882452,0.9055586784642964,0.932625599478512,0.9086444070985248,0.9350048572882452,0.986606658488352,0.990537712674006,0.9928482203995542,0.9949451250056924,0.9913578171980392,0.9938874190311104,0.9914243654730368,0.9939355250558568,0.983846426648226,0.9885593995972908,0.9868962278462104,0.9907259354013432,0.9743360881700605,0.9817847286108556,0.9892252164479421,0.9923768658419684
71,0.9104311185035842,0.936325437502886,0.9066431858557252,0.933420183315498,0.9104311185035842,0.936325437502886,0.989241831832009,0.9923969952196676,0.9928482203995542,0.9949451250056924,0.9914225394118732,0.993933312046709,0.9914243654730368,0.9939355250558568,0.9812418456682211,0.9867045662937832,0.9863112609156716,0.9903099003565228,0.9764954939832552,0.9833279750149267,0.9862404578844711,0.9902566213805406
72,0.9115935857643066,0.9372149799622276,0.90982352922303,0.9357474466109564,0.9115935857643066,0.9372149799622276,0.989241831832009,0.9923969952196676,0.9928482203995542,0.9949451250056924,0.9914225394118732,0.993933312046709,0.9914243654730368,0.9939355250558568,0.9814304425051136,0.9868354662630154,0.986249256488642,0.9902673063742288,0.9755798477560416,0.982673836113792,0.9892252164479421,0.9923768658419684
73,0.9116665576798312,0.9372377219275996,0.9089035110669692,0.935155164427976,0.9116665576798312,0.9372377219275996,0.989241831832009,0.9923969952196676,0.9927835980576248,0.9948993533108662,0.9914225394118732,0.993933312046709,0.9914243654730368,0.9939355250558568,0.9834569762504516,0.9882826803368728,0.9861813853654784,0.990217590053026,0.9770555634074184,0.9837136547662864,0.9890979189497652,0.9922876831104823
74,0.9127927698840758,0.9380163382101814,0.9079760620243224,0.934452845943313,0.9127927698840758,0.9380163382101814,0.989241831832009,0.9923969952196676,0.9928482203995542,0.9949451250056924,0.9914225394118732,0.993933312046709,0.9914243654730368,0.9939355250558568,0.9811124790866228,0.9866128736475336,0.986186539232932,0.9902238465052536,0.9742388954547796,0.9816991656294656,0.988708457802029,0.9920109564026478
75,0.9126740082816008,0.9379042690815008,0.9065278086529116,0.9333457370110236,0.9126740082816008,0.9379042690815008,0.9890494447622852,0.9922614712308812,0.9928482203995542,0.9949451250056924,0.9914225394118732,0.993933312046709,0.9914243654730368,0.9939355250558568,0.9823504138620308,0.9874948467775182,0.9861186621115852,0.9901741236689364,0.9741077297514672,0.981605274076806,0.9867607779070396,0.9906268574825111
76,0.911801089468086,0.9373357310831372,0.9090318673636624,0.9351783060921248,0.911801089468086,0.9373357310831372,0.9894342495944692,0.9925325562334942,0.9928482203995542,0.9949451250056924,0.9914225394118732,0.993933312046709,0.9914243654730368,0.9939355250558568,0.98022908069522,0.9859979866386016,0.9860581842997836,0.9901333820573726,0.9741077297514672,0.981605274076806,0.9888363148537183,0.9921008173142779
77,0.9129899056597892,0.93815765183681,0.9090318673636624,0.9351783060921248,0.9129899056597892,0.93815765183681,0.9890494447622852,0.9922614712308812,0.9928482203995542,0.9949451250056924,0.9914225394118732,0.993933312046709,0.9914243654730368,0.9939355250558568,0.981061446487423,0.9865836347818124,0.98631563699711,0.9903152124257651,0.9741077297514672,0.981605274076806,0.9848119958289052,0.9892414045689695
78,0.9143344786034217,0.9391368498708964,0.9068438454396776,0.9336670838548184,0.9143344786034217,0.9391368498708964,0.9894342495944692,0.9925325562334942,0.9928482203995542,0.9949451250056924,0.9914225394118732,0.993933312046709,0.9914243654730368,0.9939355250558568,0.981063467139869,0.9865860916540768,0.985862664949802,0.9899940604011512,0.9741733143595414,0.9816522220173336,0.9857863716121547,0.9899341142020498
79,0.913337890324573,0.9384501981019072,0.9086345997288088,0.9349928283903206,0.916415722140115,0.9406510428656936,0.9900758639000952,0.9929846938775512,0.9928482203995542,0.9949451250056924,0.991551973503825,0.994025085518814,0.9914243654730368,0.9939355250558568,0.9824955948459828,0.9876057626343472,0.9883269145379626,0.9917438306801076,0.9810402035717962,0.9865577831811716,0.9848103751690935,0.9892394340400202
80,0.9153518808194586,0.9399153478100848,0.9098009415506444,0.9358873759519962,0.9165408015697828,0.9408036739380022,0.9900758639000952,0.9929846938775512,0.9928482203995542,0.9949451250056924,0.9916805081513655,0.994115768827259,0.9914243654730368,0.9939355250558568,0.9812568566040372,0.986722827579892,0.9883269145379626,0.9917438306801076,0.9787555236284412,0.9849278558955978,0.9889665501951255,0.9921935631134444
81,0.9154784947131532,0.9400697503671072,0.9098728457574896,0.9359086918349432,0.91848164396521,0.9422124380847552,0.9877598425201456,0.991349480968858,0.9927835980576248,0.9948993533108662,0.9916162391170376,0.9940704251049078,0.9914243654730368,0.9939355250558568,0.9788223248578926,0.9850091407678244,0.9887888041252384,0.9920757810365244,0.9786901842389684,0.9848812095032398,0.9892252164479421,0.9923768658419684
82,0.917419278727476,0.9414783923743184,0.9109995212440786,0.9366877861536328,0.918067208504481,0.9419052863436124,0.9873112509274972,0.9910336352464612,0.9928482203995542,0.9949451250056924,0.9916162391170376,0.9940704251049078,0.9914243654730368,0.9939355250558568,0.983213713109964,0.9881180879261492,0.9892429758318708,0.992398379534799,0.9786901842389684,0.9848812095032398,0.9901321704104131,0.9930203914055017
83,0.9170046910085377,0.941171076161218,0.9108795120174266,0.936574074074074,0.9192795628872092,0.9427890345649582,0.986595972020908,0.9905247813411078,0.9928482203995542,0.9949451250056924,0.9916162391170376,0.9940704251049078,0.9914243654730368,0.9939355250558568,0.9832787213083214,0.988164328474158,0.990140044102299,0.993029930299303,0.9783634348845,0.9846479132193418,0.9865002927040973,0.990441344614681
84,0.9182171191775428,0.9420548760936284,0.9100076324888488,0.9360070230559536,0.918796806974682,0.9424644983967018,0.983686082592121,0.9884627662000092,0.9928482203995542,0.9949451250056924,0.991551973503825,0.994025085518814,0.9914243654730368,0.9939355250558568,0.9844983570201994,0.9890240556114516,0.988594597759584,0.9919380551127306,0.9745667482483074,0.9819338187851416,0.9877357124030703,0.9913202375513933
85,0.9177350355316508,0.9417311301322836,0.9111969378609066,0.9368294487606365,0.918071585141936,0.9419106176011746,0.9894342495944692,0.9925325562334942,0.9928482203995542,0.9949451250056924,0.991551973503825,0.994025085518814,0.9914243654730368,0.9939355250558568,0.9843700099731288,0.988933601609658,0.9902052697949704,0.9930764325407668,0.9745667482483074,0.9819338187851416,0.9898747269749179,0.9928385713634081
86,0.9170091223908644,0.9411764705882354,0.9125440588891628,0.9378118647200148,0.919007871297866,0.9425898752751284,0.9900758639000952,0.9929846938775512,0.9928482203995542,0.9949451250056924,0.991551973503825,0.994025085518814,0.9914243654730368,0.9939355250558568,0.9845000097805392,0.9890260631001372,0.9902052697949704,0.9930764325407668,0.9745667482483074,0.9819338187851416,0.9858528651488224,0.9899821600109784
87,0.9179453807290432,0.9418556701030928,0.9146292432065422,0.9393310265282584,0.9199434577813108,0.9432682613875903,0.989241831832009,0.9923969952196676,0.9928482203995542,0.9949451250056924,0.991551973503825,0.994025085518814,0.9914243654730368,0.9939355250558568,0.9843050048713688,0.9888873645218824,0.9884657231579972,0.9918469596902756,0.9747634177884498,0.9820745587760932,0.991686703850958,0.994123274566079
88,0.9188809397328188,0.9425339988094692,0.9147571463929568,0.9394873682757352,0.921679121935732,0.9445258147198828,0.9894342495944692,0.9925325562334942,0.9928482203995542,0.9949451250056924,0.991551973503825,0.994025085518814,0.9914243654730368,0.9939355250558568,0.9833437260424368,0.988210564796198,0.9885304654835628,0.9918928766624158,0.9788208595247612,0.9849744980011949,0.9900031791739479,0.9929291546918481
89,0.9206165537480174,0.9437914475188656,0.9167016544966538,0.9409007352941176,0.9218292126445464,0.944642693750572,0.9894342495944692,0.9925325562334942,0.9928482203995542,0.9949451250056924,0.991551973503825,0.994025085518814,0.9914243654730368,0.9939355250558568,0.9835343325922128,0.9883439228413404,0.9885952043657518,0.9919387894521108,0.9801825770210696,0.9859413764586972,0.9901984923328243,0.9930682232761765
90,0.920766859641117,0.9439085714285714,0.9162861602029772,0.9405922383667464,0.9217917568924048,0.9446625878915168,0.9894342495944692,0.9925325562334942,0.9928482203995542,0.9949451250056924,0.991551973503825,0.994025085518814,0.9914243654730368,0.9939355250558568,0.9844341817860076,0.9889788265422782,0.9894933669662492,0.9925716629449028,0.9799866837711044,0.98580158985434,0.9918151567759216,0.9942138594013394
91,0.9207306651440662,0.9439299238103928,0.9175009874379372,0.9414790996784566,0.922312902200182,0.9449684094863108,0.9894342495944692,0.9925325562334942,0.9928482203995542,0.9949451250056924,0.991551973503825,0.994025085518814,0.9914243654730368,0.9939355250558568,0.9845633587006468,0.9890702885626744,0.9900753359780732,0.992984054669704,0.9799866837711044,0.98580158985434,0.9918151567759216,0.9942138594013394
92,0.9212498767607196,0.9442334965002974,0.917018424295197,0.9411548701000644,0.9228332496097268,0.9453714285714284,0.9896908543680354,0.992713361872666,0.9928482203995542,0.9949451250056924,0.991551973503825,0.994025085518814,0.9914243654730368,0.9939355250558568,0.9844441338309874,0.9889909095061898,0.9907173256859416,0.993436645396536,0.9799866837711044,0.98580158985434,0.9918151567759216,0.9942138594013394
93,0.921770923015452,0.9446373104330348,0.916290637240757,0.9405977011494252,0.9236447748892812,0.9459644635271548,0.990268414749324,0.9931204155086792,0.9928482203995542,0.9949451250056924,0.991551973503825,0.994025085518814,0.9914243654730368,0.9939355250558568,0.9845740500410296,0.9890832686246744,0.9892991393324048,0.9924339106654512,0.9794087254459584,0.985394084144773,0.9903269446721074,0.9931588068959226
94,0.9225825901048468,0.9452304883614788,0.917228691055981,0.9412791766219444,0.9236000012879408,0.9459101092771248,0.9900758639000952,0.9929846938775512,0.9928482203995542,0.9949451250056924,0.991551973503825,0.994025085518814,0.9914243654730368,0.9939355250558568,0.9852789331329254,0.9895795246800732,0.989621178284624,0.9926614704407676,0.9794087254459584,0.985394084144773,0.9918151567759216,0.9942138594013394
95,0.9225372142142354,0.9451754385964912,0.918166043053627,0.9419597759206538,0.9240117952891672,0.9462139560389344,0.990268414749324,0.9931204155086792,0.9928482203995542,0.9949451250056924,0.991551973503825,0.994025085518814,0.9914243654730368,0.9939355250558568,0.9843142037764984,0.988898533509982,0.98975119845174,0.9927539534247825,0.979539323916265,0.9854872784054376,0.9918147213421716,0.994213332118285
96,0.9229491614354356,0.9454794520547946,0.9199049803404205,0.943221427261053,0.9241994188511152,0.946343692870201,0.990268414749324,0.9931204155086792,0.9928482203995542,0.9949451250056924,0.991551973503825,0.994025085518814,0.9914243654730368,0.9939355250558568,0.984379170534437,0.9889447236180904,0.9895569913966844,0.992616226071103,0.9791374498386408,0.9851954022988504,0.9915564680939659,0.994030530872636
97,0.9231366151298688,0.9456089875325387,0.9200557209363706,0.9433391400018336,0.9230505326774472,0.9455044612216884,0.990268414749324,0.9931204155086792,0.9928482203995542,0.9949451250056924,0.991551973503825,0.994025085518814,0.9914243654730368,0.9939355250558568,0.9853971696899962,0.989657697235951,0.9896870149350184,0.99270871308786,0.975746291751254,0.9827776754466752,0.9903269446721074,0.9931588068959226
98,0.9219875413437276,0.9447695683979516,0.920869900999105,0.943935507511909,0.9229674367124268,0.945436235466447,0.990268414749324,0.9931204155086792,0.9928482203995542,0.9949451250056924,0.991551973503825,0.994025085518814,0.9914243654730368,0.9939355250558568,0.9860470335166196,0.9901198426493458,0.9901363712769888,0.9930254820622691,0.9813702175733048,0.9867950481430536,0.9918151567759216,0.9942138594013394
99,0.9219042279887965,0.9447010931711112,0.9208902234481896,0.9439273760946312,0.9227722741084357,0.9452645090308976,0.990268414749324,0.9931204155086792,0.9928482203995542,0.9949451250056924,0.9916162391170376,0.9940704251049078,0.9914243654730368,0.9939355250558568,0.9859813152231962,0.9900727389176084,0.9901363712769888,0.9930254820622691,0.9816309261698456,0.9869808379939488,0.9915569172899567,0.9940310748621679
100,0.9217082461059324,0.9445284228848884,0.9213035446714344,0.9442331485130367,0.920759064791062,0.943767529541588,0.990268414749324,0.9931204155086792,0.9928482203995542,0.9949451250056924,0.991551973503825,0.994025085518814,0.9914243654730368,0.9939355250558568,0.9857213834775111,0.9898878975062914,0.9894286278663968,0.9925257497037644,0.9823353311535732,0.987476489747236,0.9918793883635398,0.9942591580098414
101,0.9196941029611964,0.943030414407792,0.9214912518446612,0.9443629697525208,0.9223639043689336,0.9449317962614248,0.990268414749324,0.9931204155086792,0.9928482203995542,0.9949451250056924,0.991551973503825,0.994025085518814,0.9914243654730368,0.9939355250558568,0.9854613962767292,0.9897029884215826,0.9894286278663968,0.9925257497037644,0.9823353311535732,0.987476489747236,0.9917496119480147,0.9941669704702881
102,0.921298896510007,0.9441945846718678,0.9203387163619569,0.943519155769672,0.9236329431558352,0.9458516886930984,0.990268414749324,0.9931204155086792,0.9928482203995542,0.9949451250056924,0.991551973503825,0.994025085518814,0.9914243654730368,0.9939355250558568,0.9860425682074004,0.9901144164759724,0.989621178284624,0.9926614704407676,0.9822049692226756,0.9873835848970042,0.9918151567759216,0.9942138594013394
103,0.9225678995613558,0.9451144023109724,0.9202548352041208,0.9434499219682364,0.9245067300202054,0.9464548126377664,0.9909746975146092,0.9936183790682832,0.9928482203995542,0.9949451250056924,0.991551973503825,0.994025085518814,0.9914243654730368,0.9939355250558568,0.9849372376283764,0.9893280813447534,0.9894286278663968,0.9925257497037644,0.9822049692226756,0.9873835848970042,0.9918151567759216,0.9942138594013394
104,0.9234408345268568,0.9457165144771256,0.9200570386313942,0.9432748000367748,0.9265353621012248,0.9478384973067538,0.9909746975146092,0.9936183790682832,0.9928482203995542,0.9949451250056924,0.9916162391170376,0.9940704251049078,0.9914243654730368,0.9939355250558568,0.9860425682074004,0.9901144164759724,0.98975119845174,0.9927539534247825,0.9822049692226756,0.9873835848970042,0.9915578155385697,0.9940321625438476
105,0.9254669760085876,0.9470972490569508,0.9180358669440044,0.9417677163539122,0.9266414288516364,0.9479348725968172,0.9903326051946902,0.9931656642974304,0.9928482203995542,0.9949451250056924,0.9916162391170376,0.9940704251049078,0.9914243654730368,0.9939355250558568,0.9861075564422078,0.9901606333806232,0.9901363712769888,0.9930254820622691,0.9822049692226756,0.9873835848970042,0.9901326957144103,0.9930210281439583
106,0.9255735943546198,0.9471942644422998,0.9196450332676424,0.942937410767743,0.926857360909192,0.9480991127660552,0.990140044102299,0.993029930299303,0.9927835980576248,0.9948993533108662,0.9916162391170376,0.9940704251049078,0.9914243654730368,0.9939355250558568,0.9853924951609464,0.9896520146520148,0.9901363712769888,0.9930254820622691,0.9823353311535732,0.987476489747236,0.9917500508804258,0.9941675020504875
107,0.9257897422322416,0.9473587505741846,0.9209174911122032,0.943861586600405,0.9254939214421972,0.9470970118329576,0.9903326051946902,0.9931656642974304,0.9928482203995542,0.9949451250056924,0.9916162391170376,0.9940704251049078,0.9914243654730368,0.9939355250558568,0.9850022848299111,0.9893743702482366,0.9893644512235038,0.9924805177049628,0.9809005835701168,0.9864535978325756,0.9916220368646074,0.9940774487471526
108,0.9244259517882762,0.9463562753036436,0.9217915183208883,0.9444649106649476,0.9245578354158108,0.9464178760654228,0.990140044102299,0.993029930299303,0.9928482203995542,0.9949451250056924,0.991551973503825,0.994025085518814,0.9914243654730368,0.9939355250558568,0.9848729941818932,0.989282769991756,0.9890990798578344,0.9922890906602182,0.9810320984919636,0.9865479087277904,0.990262198466241,0.9931128848346636
109,0.9234898915021528,0.9456771936285792,0.92381941011201,0.94584737546743,0.9254939214421972,0.9470970118329576,0.990140044102299,0.993029930299303,0.9928482203995542,0.9949451250056924,0.991551973503825,0.994025085518814,0.9914243654730368,0.9939355250558568,0.9863674747228728,0.9903454587051016,0.9889035045816948,0.9921497033318118,0.9810320984919636,0.9865479087277904,0.9917504897661357,0.9941680335338071
110,0.9244259517882762,0.9463562753036436,0.9239271752480088,0.9459459459459458,0.9258280679083906,0.9473393481863376,0.9903326051946902,0.9931656642974304,0.9927835980576248,0.9948993533108662,0.9915524231781546,0.9940256305012086,0.9914243654730368,0.9939355250558568,0.9848721869557112,0.989281788200806,0.9886448418590368,0.9919664049662223,0.9810320984919636,0.9865479087277904,0.9918793883635398,0.9942591580098414
111,0.9252277313268078,0.9469376494390288,0.9241442538706228,0.946111648919006,0.9254201189254468,0.9470731595162551,0.9903326051946902,0.9931656642974304,0.9928482203995542,0.9949451250056924,0.9916162391170376,0.9940704251049078,0.9914243654730368,0.9939355250558568,0.9858475827034028,0.989975740376253,0.9896167582354252,0.9926561145828582,0.9822710988596404,0.9874311926605503,0.9901953611089198,0.9930644278152948
112,0.9252277313268078,0.9469376494390288,0.9241442538706228,0.946111648919006,0.9271169789786934,0.9482504604051566,0.9903326051946902,0.9931656642974304,0.9927835980576248,0.9948993533108662,0.991551973503825,0.994025085518814,0.9914243654730368,0.9939355250558568,0.9857175750316504,0.9898832684824904,0.9887834352038462,0.9920692798541476,0.9819451680462924,0.9871988988300068,0.991620253796534,0.9940752893993255
113,0.9262957227747468,0.9476784317334684,0.9244788136760964,0.9463545027191448,0.9282197721260816,0.9490668382826146,0.9903326051946902,0.9931656642974304,0.9927835980576248,0.9948993533108662,0.9916162391170376,0.9940704251049078,0.9914243654730368,0.9939355250558568,0.9863025003509366,0.9902992587169398,0.9896815250671231,0.9927020616675788,0.9822710988596404,0.9874311926605503,0.9901969269709101,0.99306632606514
114,0.9266296547378462,0.9479205005520795,0.924071411315564,0.9460890382579068,0.928718982321708,0.949411331861663,0.9903326051946902,0.9931656642974304,0.9927835980576248,0.9948993533108662,0.9916162391170376,0.9940704251049078,0.9914243654730368,0.9939355250558568,0.9862375225136986,0.9902530545005264,0.9896815250671231,0.9927020616675788,0.9822710988596404,0.9874311926605503,0.9918151567759216,0.9942138594013394
115,0.9262213437510112,0.947653844386231,0.9257684776637848,0.9472665253065364,0.929033497157704,0.9496296977781868,0.9903326051946902,0.9931656642974304,0.9928482203995542,0.9949451250056924,0.9916171316004418,0.9940715067493616,0.9914243654730368,0.9939355250558568,0.986566675143134,0.9904892546867856,0.9896815250671231,0.9927020616675788,0.9816348481501552,0.9869856108514344,0.9916211454254324,0.9940763692700264
116,0.927918237800631,0.9488312166390576,0.9268732647031352,0.9480854197349045,0.9301003654271996,0.950402206389336,0.9903326051946902,0.9931656642974304,0.9928482203995542,0.9949451250056924,0.9918763632010372,0.9942554937539893,0.9914243654730368,0.9939355250558568,0.986566675143134,0.9904892546867856,0.9898110483879532,0.9927939432637052,0.9828721879518774,0.9878668559131908,0.990197448813767,0.9930669585841999
117,0.9279849861473248,0.9488795840427,0.9273724619023898,0.94842987383737,0.9301115768809932,0.9504158816230872,0.9903326051946902,0.9931656642974304,0.9928482203995542,0.9949451250056924,0.992070416124638,0.9943930345990792,0.9914243654730368,0.9939355250558568,0.9870854068836248,0.9908575607972206,0.9892332440708153,0.9923865967631638,0.9818303010124988,0.9871248568155784,0.9903269446721074,0.9931588068959226
118,0.9290866073114604,0.9496944916616896,0.927687015410348,0.9486482752268228,0.931433286070515,0.9513339466421344,0.9903326051946902,0.9931656642974304,0.9928482203995542,0.9949451250056924,0.9923299213983356,0.9945773524720892,0.9914243654730368,0.9939355250558568,0.9870211798079794,0.9908122685925858,0.9898752659549658,0.9928392246294184,0.9830023612893706,0.9879595293686764,0.9903911759699994,0.9932041049030786
119,0.9295858757527462,0.9500390678861976,0.9287552022348812,0.9494224308527772,0.9318111900277082,0.951596576792123,0.9903326051946902,0.9931656642974304,0.9928482203995542,0.9949451250056924,0.992200182569374,0.9944852103368124,0.9914243654730368,0.9939355250558568,0.9870860952034636,0.9908583965627572,0.9898110483879532,0.9927939432637052,0.9833277338774082,0.9881911387770048,0.9918147213421716,0.994213332118285
120,0.9299003971604266,0.950257447591026,0.9287666373921168,0.9494363929146538,0.9320001875028228,0.9517279462518984,0.9903326051946902,0.9931656642974304,0.9927835980576248,0.9948993533108662,0.9922652612012638,0.994531534815895,0.9914243654730368,0.9939355250558568,0.9872159156154352,0.9909506398537478,0.9889123612359858,0.9921604375569736,0.9833277338774082,0.9881911387770048,0.9917504897661357,0.9941680335338071
121,0.9309665240239492,0.9510290334435868,0.930088510407912,0.950354609929078,0.9327996433723528,0.9523064894448788,0.9903326051946902,0.9931656642974304,0.9927835980576248,0.9948993533108662,0.9924592314727092,0.9946689752585776,0.9914243654730368,0.9939355250558568,0.9868264128602142,0.9906738593764286,0.9897462884512074,0.9927480045610034,0.9831325207387364,0.9880521858548866,0.9917504897661357,0.9941680335338071
122,0.9309775927048684,0.9510425277854322,0.930466461396292,0.9506172839506172,0.9314081963591496,0.95127011202803,0.9903326051946902,0.9931656642974304,0.9927835980576248,0.9948993533108662,0.9926527799479644,0.994805904866047,0.9914243654730368,0.9939355250558568,0.9870211798079794,0.9908122685925858,0.9897462884512074,0.9927480045610034,0.9828135145912696,0.9878283151825752,0.9916211454254324,0.9940763692700264
123,0.9322993287423432,0.9519606491058704,0.9306554824243352,0.95074867542041,0.9330086866366236,0.9524291964080128,0.9903326051946902,0.9931656642974304,0.9927835980576248,0.9948993533108662,0.9925881334988168,0.994760103886636,0.9914243654730368,0.9939355250558568,0.98715100713919,0.9909045203162852,0.9898110483879532,0.9927939432637052,0.9832626663021976,0.9881448253764816,0.9918151567759216,0.9942138594013394
124,0.932677240281094,0.9522232951671494,0.9292596286696722,0.9497067380963377,0.93567160599556,0.9543553206159504,0.9903326051946902,0.9931656642974304,0.9927835980576248,0.9948993533108662,0.9925881334988168,0.994760103886636,0.9914243654730368,0.9939355250558568,0.9872159156154352,0.9909506398537478,0.9894872142280872,0.9925642078372338,0.9832626663021976,0.9881448253764816,0.9916211454254324,0.9940763692700264
125,0.9328662415320816,0.952354672553348,0.9308631299942972,0.9508695852747152,0.9354858848201144,0.9542279411764706,0.9903326051946902,0.9931656642974304,0.9927835980576248,0.9948993533108662,0.9929113313572108,0.9949890670553936,0.9914243654730368,0.9939355250558568,0.98715100713919,0.9909045203162852,0.990005307516912,0.9929317342332072,0.9833277338774082,0.9881911387770048,0.9918793883635398,0.9942591580098414
126,0.9314749245318484,0.95131845841785,0.9335310545270814,0.9528019523875304,0.93567160599556,0.9543553206159504,0.9903326051946902,0.9931656642974304,0.9927835980576248,0.9948993533108662,0.9927174229581034,0.994851701672058,0.9914243654730368,0.9939355250558568,0.98715100713919,0.9909045203162852,0.9897462884512074,0.9927480045610034,0.9833277338774082,0.9881911387770048,0.9918151567759216,0.9942138594013394
127,0.933075329110412,0.9524774359918954,0.9333454309018756,0.9526747076696436,0.9365358288400284,0.9549797868430724,0.9903326051946902,0.9931656642974304,0.9927835980576248,0.9948993533108662,0.9926527799479644,0.994805904866047,0.9914243654730368,0.9939355250558568,0.98715100713919,0.9909045203162852,0.9891632938572272,0.9923343675853258,0.9831199142443084,0.98803685199615,0.9918151567759216,0.9942138594013394
128,0.9357381060042638,0.9544033829748114,0.9335310545270814,0.9528019523875304,0.9367250334146568,0.955111417413278,0.990268414749324,0.9931204155086792,0.9927835980576248,0.9948993533108662,0.9926527799479644,0.994805904866047,0.9914243654730368,0.9939355250558568,0.98715100713919,0.9909045203162852,0.98935765642699,0.99247228431954,0.9842265409418032,0.9888247687093524,0.9918151567759216,0.9942138594013394
129,0.9355523809050864,0.9542759983456642,0.9343969005000582,0.9534284399447768,0.9372565665834,0.9554953382629864,0.990268414749324,0.9931204155086792,0.9927835980576248,0.9948993533108662,0.9926527799479644,0.994805904866047,0.9914243654730368,0.9939355250558568,0.9869562609524608,0.990766136405193,0.9892280848299312,0.992380344025186,0.9842265409418032,0.9888247687093524,0.9916211454254324,0.9940763692700264
130,0.9357381060042638,0.9544033829748114,0.9345861257572275,0.9535600865282828,0.9335097001730062,0.9527758580972128,0.990268414749324,0.9931204155086792,0.9927835980576248,0.9948993533108662,0.992523483610386,0.9947142987332545,0.9914243654730368,0.9939355250558568,0.9870860952034636,0.9908583965627572,0.9892280848299312,0.992380344025186,0.9842265409418032,0.9888247687093524,0.9917504897661357,0.9941680335338071
131,0.936602282645931,0.9550277918140476,0.935118656987724,0.9539452495974236,0.9352413606437748,0.9540288067737334,0.990268414749324,0.9931204155086792,0.9927835980576248,0.9948993533108662,0.9925881334988168,0.994760103886636,0.9914243654730368,0.9939355250558568,0.987277430476521,0.9909926386539252,0.9892280848299312,0.992380344025186,0.9842265409418032,0.9888247687093524,0.9916853769780276,0.9941216678058784
132,0.9367914874920386,0.9551594229532298,0.93136407875463,0.9512161351363824,0.9359766859398616,0.9545621780721116,0.990268414749324,0.9931204155086792,0.9927835980576248,0.9948993533108662,0.9927174229581034,0.994851701672058,0.9914243654730368,0.9939355250558568,0.98734234942332,0.9910387710314558,0.9893565231167252,0.9924709103353868,0.9842265409418032,0.9888247687093524,0.9915573664381553,0.9940316187525627
133,0.9373229922498242,0.9555433085331128,0.9330989955009514,0.9524731480200987,0.9367745881654852,0.9551388122816696,0.990268414749324,0.9931204155086792,0.9927835980576248,0.9948993533108662,0.9929113313572108,0.9949890670553936,0.9914243654730368,0.9939355250558568,0.98734234942332,0.9910387710314558,0.9891621397569867,0.9923329682365828,0.9842265409418032,0.9888247687093524,0.9917504897661357,0.9941680335338071
134,0.9335763470751218,0.952824103934396,0.9338358144693596,0.9530083847784024,0.9369739837311096,0.9552828714554896,0.990268414749324,0.9931204155086792,0.9927835980576248,0.9948993533108662,0.9929113313572108,0.9949890670553936,0.9914243654730368,0.9939355250558568,0.987472176935694,0.991131023132486,0.9892269376604188,0.9923789531328434,0.9842907671403236,0.9888700590848716,0.9915573664381553,0.9940316187525627
135,0.9353079148606382,0.9540769372354132,0.9346352157121508,0.953586886453633,0.9384352411804008,0.9563380928332031,0.9908462517180812,0.993527803099362,0.9927835980576248,0.9948993533108662,0.9928474596119424,0.9949442040537464,0.9914243654730368,0.9939355250558568,0.987277430476521,0.9909926386539252,0.9892269376604188,0.9923789531328434,0.9842907671403236,0.9888700590848716,0.9917504897661357,0.9941680335338071
136,0.93604319735262,0.9546102552310876,0.934834985800292,0.953731411997606,0.9399707010695374,0.9574507106831728,0.9908462517180812,0.993527803099362,0.9927835980576248,0.9948993533108662,0.9929113313572108,0.9949890670553936,0.9914243654730368,0.9939355250558568,0.9874072649096188,0.9910848991907832,0.9892269376604188,0.9923789531328434,0.9842907671403236,0.9888700590848716,0.9917504897661357,0.9941680335338071
137,0.9368410569079372,0.9551868364204624,0.9362989869190192,0.954790047371568,0.9399610838092974,0.9574390020179784,0.990268414749324,0.9931204155086792,0.9927835980576248,0.9948993533108662,0.9929113313572108,0.9949890670553936,0.9914243654730368,0.9939355250558568,0.98734234942332,0.9910387710314558,0.9893565231167252,0.9924709103353868,0.9848762222253268,0.989286695357568,0.9917504897661357,0.9941680335338071
138,0.9370404418124008,0.9553308823529412,0.9378376617236478,0.9559066691162962,0.939999534372788,0.9574857980575407,0.990653608650958,0.9933919701043612,0.9927835980576248,0.9948993533108662,0.9929113313572108,0.9949890670553936,0.9914243654730368,0.9939355250558568,0.9876019906082796,0.991223258365332,0.9893565231167252,0.9924709103353868,0.9848762222253268,0.989286695357568,0.9916220368646074,0.9940774487471526
139,0.938501621158162,0.9563860067946012,0.93782769261512,0.955894514380226,0.939323833624166,0.9569922054103622,0.990653608650958,0.9933919701043612,0.9927835980576248,0.9948993533108662,0.9929113313572108,0.9949890670553936,0.9914243654730368,0.9939355250558568,0.988056229505944,0.9915459489101128,0.9892269376604188,0.9923789531328434,0.9848762222253268,0.989286695357568,0.9916862616070384,0.994122739076951
140,0.9400369886643268,0.957498509926184,0.93702023817128,0.9553062350560972,0.9389194062901478,0.956697247706422,0.9908462517180812,0.993527803099362,0.9927835980576248,0.9948993533108662,0.9928466986624522,0.994943282766161,0.9914243654730368,0.9939355250558568,0.9881211069449936,0.991592030707366,0.989030781185776,0.9922388604821036,0.9848762222253268,0.989286695357568,0.9916862616070384,0.994122739076951
141,0.9400273822804908,0.9574868149506994,0.9370606324951934,0.9553555024802498,0.9393869021628992,0.9570360860195332,0.9908462517180812,0.993527803099362,0.9928482203995542,0.9949451250056924,0.9929113313572108,0.9949890670553936,0.9914243654730368,0.9939355250558568,0.9879264642551926,0.9914537726794936,0.989030781185776,0.9922388604821036,0.9881884985669808,0.991641163842324,0.9916220368646074,0.9940774487471526
142,0.9400657893597548,0.9575335562783454,0.9366551893555352,0.9550592776399228,0.93951950852335,0.9571317225253312,0.9908462517180812,0.993527803099362,0.9927835980576248,0.9948993533108662,0.9928466986624522,0.994943282766161,0.9914243654730368,0.9939355250558568,0.9880575023548556,0.991547493946178,0.9889665501951256,0.9921935631134444,0.9844834663008948,0.98900595510765,0.9916220368646074,0.9940774487471526
143,0.9396617651561991,0.9572391035336174,0.9371237045991472,0.9553993845023196,0.9398851505740572,0.957379455888425,0.990653608650958,0.9933919701043612,0.9928482203995542,0.9949451250056924,0.9929113313572108,0.9949890670553936,0.9914243654730368,0.9939355250558568,0.9881872398810666,0.9916396363470236,0.9895486496641543,0.9926061159287995,0.985857389821572,0.989987656014264,0.9917504897661357,0.9941680335338071
144,0.9401288457211224,0.9575774234927616,0.9372565665834,0.9554953382629864,0.9393350739159302,0.9569729531156724,0.990653608650958,0.9933919701043612,0.9928482203995542,0.9949451250056924,0.992975960614058,0.9950348471735072,0.9914243654730368,0.9939355250558568,0.987668206806106,0.9912709656779852,0.990003179173948,0.992929154691848,0.9868299229172756,0.9906781210016452,0.9916862616070384,0.994122739076951
145,0.9402613452584444,0.9576729271644526,0.9376217331275012,0.9557424513994208,0.9401311962647024,0.9575473862958374,0.990653608650958,0.9933919701043612,0.9927835980576248,0.9948993533108662,0.9928466986624522,0.994943282766161,0.9914243654730368,0.9939355250558568,0.9879238899389676,0.9914506469162896,0.9894218738910082,0.992517565471302,0.9872193213463576,0.9909547738693468,0.9916220368646074,0.9940774487471526
146,0.9397119540913887,0.9572673085740486,0.937069886520667,0.955333732002392,0.9402070997252284,0.9576069003486878,0.9908462517180812,0.993527803099362,0.9927835980576248,0.9948993533108662,0.9929113313572108,0.9949890670553936,0.9914243654730368,0.9939355250558568,0.9866380254392392,0.9905431952122068,0.989551431721995,0.9926094890510948,0.9842315893941544,0.9888309072599104,0.9916220368646074,0.9940774487471526
147,0.9405072545709257,0.9578407112088718,0.937867544644964,0.9559100731000874,0.941027730583842,0.9582111436950146,0.9908462517180812,0.993527803099362,0.9927835980576248,0.9948993533108662,0.9929113313572108,0.9949890670553936,0.9914243654730368,0.9939355250558568,0.9866408726548136,0.9905466502260584,0.990262198466241,0.9931128848346636,0.9871551146571224,0.9909095061897584,0.9916858193160641,0.9941222034902265
148,0.9405830209510408,0.9579000412295569,0.9379439488381268,0.9559702178509054,0.9418295337255028,0.9587595761273452,0.990268414749324,0.9931204155086792,0.9927835980576248,0.9948993533108662,0.9928466986624522,0.994943282766161,0.9914243654730368,0.9939355250558568,0.9866408726548136,0.9905466502260584,0.990262198466241,0.9931128848346636,0.9831253193343,0.9880434284667188,0.9917504897661357,0.9941680335338071
149,0.941402649072998,0.9585029967516128,0.938767105603164,0.9565776186541816,0.9421453373751112,0.9589795356520144,0.9900758639000952,0.9929846938775512,0.9928482203995542,0.9949451250056924,0.9928466986624522,0.994943282766161,0.9914243654730368,0.9939355250558568,0.986574547844236,0.990498812351544,0.990262198466241,0.9931128848346636,0.9870895357023726,0.9908625730994152,0.9916858193160641,0.9941222034902265
150,0.9422039963179738,0.9590509344082082,0.9395682124466792,0.9571251321170902,0.9403071727753955,0.9576298477250772,0.990268414749324,0.9931204155086792,0.9928482203995542,0.9949451250056924,0.9928466986624522,0.994943282766161,0.9914243654730368,0.9939355250558568,0.986186539232932,0.9902238465052536,0.990262198466241,0.9931128848346636,0.9846209779322282,0.9891075514874142,0.9916858193160641,0.9941222034902265
151,0.942519571830402,0.9592706281211344,0.9395682124466792,0.9571251321170902,0.9405441592747896,0.9577866777148644,0.9902042277186178,0.9930751708428246,0.9929124623780244,0.994990436287458,0.9928466986624522,0.994943282766161,0.9914243654730368,0.9939355250558568,0.9868885431641476,0.9907166049298028,0.990262198466241,0.9931128848346636,0.983189524716514,0.9880886934212938,0.9916858193160641,0.9941222034902265
152,0.9406835985032576,0.957923748277446,0.93988403464915,0.9573451002022432,0.9404463570484014,0.957733523432829,0.9903326051946902,0.9931656642974304,0.9929767077732596,0.9950357516964976,0.9928466986624522,0.994943282766161,0.9914243654730368,0.9939355250558568,0.9876662348748602,0.9912685714285716,0.990262198466241,0.9931128848346636,0.983124418726361,0.9880423328904568,0.9917504897661357,0.9941680335338071
153,0.9409205168103716,0.9580805295091008,0.938040548338094,0.9559887552421772,0.9405600650738946,0.9578061013205724,0.990268414749324,0.9931204155086792,0.9929767077732596,0.9950357516964976,0.9928466986624522,0.994943282766161,0.9914243654730368,0.9939355250558568,0.9863134493061884,0.9903125571193566,0.9903896412583124,0.9932022446279484,0.9853909363194728,0.9896501190694266,0.9916211454254324,0.9940763692700264
154,0.940822599689938,0.958027185892726,0.93827692604961,0.956144800553378,0.9408098442183832,0.9579785520320336,0.9908462517180812,0.993527803099362,0.992976334213529,0.9950352994762012,0.9928466986624522,0.994943282766161,0.9914243654730368,0.9939355250558568,0.986182121867706,0.9902184843221502,0.9904538861943244,0.993247559083858,0.983124418726361,0.9880423328904568,0.9916858193160641,0.9941222034902265
155,0.940936307984364,0.9580997886612148,0.93827692604961,0.956144800553378,0.9410090706077598,0.9581224114127932,0.990653608650958,0.9933919701043612,0.992976334213529,0.9950352994762012,0.9928466986624522,0.994943282766161,0.9914243654730368,0.9939355250558568,0.9863119904569304,0.9903107861060328,0.9903896412583124,0.9932022446279484,0.9840355865060896,0.988690994002106,0.9916858193160641,0.9941222034902265
156,0.9411859271251646,0.9582720588235294,0.93827692604961,0.956144800553378,0.9426048003223566,0.959275602132745,0.9908462517180812,0.993527803099362,0.992976334213529,0.9950352994762012,0.9928466986624522,0.994943282766161,0.9914243654730368,0.9939355250558568,0.9864411226224312,0.990402193784278,0.9904538861943244,0.993247559083858,0.9840355865060896,0.988690994002106,0.9915564680939659,0.994030530872636
157,0.9413849476144,0.9584156596057528,0.9377410222319954,0.955755478662053,0.9442615590497636,0.9604701345209128,0.9908462517180812,0.993527803099362,0.992976334213529,0.9950352994762012,0.9929113313572108,0.9949890670553936,0.9914243654730368,0.9939355250558568,0.9881204738932052,0.9915912622246597,0.9904538861943244,0.993247559083858,0.9853909363194728,0.9896501190694266,0.9915564680939659,0.994030530872636
158,0.9429790096315708,0.95956675386663,0.9380073492331398,0.955948152590064,0.9441649049420994,0.9604182910608632,0.9908462517180812,0.993527803099362,0.992976334213529,0.9950352994762012,0.9928466986624522,0.994943282766161,0.9914243654730368,0.9939355250558568,0.9879271076627648,0.9914545537631952,0.9903896412583124,0.9932022446279484,0.9861060743435232,0.99015883187623,0.9916858193160641,0.9941222034902265
159,0.9446340591598166,0.960759145502888,0.9376078373224872,0.955659115027915,0.943530119371314,0.960007321314176,0.9908462517180812,0.993527803099362,0.992976334213529,0.9950352994762012,0.9928466986624522,0.994943282766161,0.9914243654730368,0.9939355250558568,0.9863754673606152,0.9903551675275404,0.9903896412583124,0.9932022446279484,0.985589091063282,0.989792648876276,0.991428015263849,0.9939399462341095
160,0.9445372715137504,0.960707089210478,0.9375114768840118,0.9556077997510718,0.9458040831532768,0.9615913465945548,0.9908462517180812,0.993527803099362,0.992976334213529,0.9950352994762012,0.9928466986624522,0.994943282766161,0.9914243654730368,0.9939355250558568,0.9877947336816304,0.9913592099849128,0.990325399742588,0.9931569343065694,0.9858460727086392,0.9899739046834228,0.9914926925713274,0.9939857845817386
161,0.9439025380884832,0.9602960661579932,0.9376245510114378,0.95567956463589,0.9459305426167476,0.9616795012834616,0.9908462517180812,0.993527803099362,0.992976334213529,0.9950352994762012,0.9928466986624522,0.994943282766161,0.9914243654730368,0.9939355250558568,0.9887030427681064,0.9920043861653036,0.9903896412583124,0.9932022446279484,0.985976080460942,0.9900663767452506,0.9916858193160641,0.9941222034902265
162,0.9461748582156236,0.9618781749119034,0.9378741928681148,0.9558518245144624,0.9472522302508396,0.9626305184099652,0.990268414749324,0.9931204155086792,0.992976334213529,0.9950352994762012,0.9928466986624522,0.994943282766161,0.9914243654730368,0.9939355250558568,0.9885739346854564,0.9919130077214784,0.9901948390437536,0.9930637948343524,0.985589091063282,0.989792648876276,0.9918147213421716,0.994213332118285
163,0.9463012261596188,0.9619662227104216,0.9380739220647089,0.9559963099630996,0.9475824318074434,0.9628680005494252,0.9908462517180812,0.993527803099362,0.992976334213529,0.9950352994762012,0.9929113313572108,0.9949890670553936,0.9914243654730368,0.9939355250558568,0.9884442108519572,0.991820881882568,0.9901948390437536,0.9930637948343524,0.9848826741808462,0.989294537469119,0.9918147213421716,0.994213332118285
164,0.947621553590228,0.9629155425488134,0.9396738308397102,0.9571547037685432,0.9483800624138098,0.9634442055176832,0.9908462517180812,0.993527803099362,0.992976334213529,0.9950352994762012,0.9929113313572108,0.9949890670553936,0.9914243654730368,0.9939355250558568,0.9885090744968382,0.9918669469066984,0.9905823863283044,0.9933382004015332,0.9855240820667648,0.9897464066648356,0.9915564680939659,0.994030530872636
165,0.9479514155163364,0.963152601261772,0.941334766148765,0.9583544245547836,0.948388319406988,0.9634542377532818,0.9907820339456238,0.993482521307142,0.992976334213529,0.9950352994762012,0.9929113313572108,0.9949890670553936,0.9914243654730368,0.9939355250558568,0.9890261053470166,0.9922331871345028,0.9905823863283044,0.9933382004015332,0.9848826741808462,0.989294537469119,0.9917504897661357,0.9941680335338071
166,0.948748187621252,0.9637277295568752,0.9412397044682348,0.9583046016641382,0.948385567369448,0.9634508942866292,0.9907820339456238,0.993482521307142,0.992976334213529,0.9950352994762012,0.9929113313572108,0.9949890670553936,0.9914243654730368,0.9939355250558568,0.9890903670160572,0.992278521496779,0.9901948390437536,0.9930637948343524,0.985589091063282,0.989792648876276,0.9916862616070384,0.994122739076951
167,0.9487563785239864,0.9637376689806356,0.9406080548889386,0.9578976334617504,0.9484487917522058,0.963494967978042,0.9907820339456238,0.993482521307142,0.992976334213529,0.9950352994762012,0.9928466986624522,0.994943282766161,0.9914243654730368,0.9939355250558568,0.9892843146329692,0.9924159356725148,0.9901948390437536,0.9930637948343524,0.985138712516368,0.9894746476295077,0.9915573664381553,0.9940316187525627
168,0.9487536485139892,0.963734356444688,0.9428822459560257,0.9594818081587652,0.9501544655224392,0.9646832485914524,0.9908462517180812,0.993527803099362,0.992976334213529,0.9950352994762012,0.9929113313572108,0.9949890670553936,0.9914243654730368,0.9939355250558568,0.9889612589334068,0.992187143052954,0.9905823863283044,0.9933382004015332,0.9855240820667648,0.9897464066648356,0.9916220368646074,0.9940774487471526
169,0.948816827123584,0.9637783766500708,0.9430087182305266,0.9595699715152072,0.9502731518918102,0.9647619484030612,0.9907820339456238,0.993482521307142,0.992976334213529,0.9950352994762012,0.9929113313572108,0.9949890670553936,0.9914243654730368,0.9939355250558568,0.988701236602453,0.9920021936840182,0.9905823863283044,0.9933382004015332,0.9855240820667648,0.9897464066648356,0.9916211454254324,0.9940763692700264
170,0.9505212848708796,0.9649652396633736,0.9443337323665127,0.9605251078674378,0.9497424247187094,0.9643790400220053,0.9908462517180812,0.993527803099362,0.992976334213529,0.9950352994762012,0.9928466986624522,0.994943282766161,0.9914243654730368,0.9939355250558568,0.9888958173616244,0.9921403765307988,0.9901948390437536,0.9930637948343524,0.9850126813114184,0.9893870082342175,0.9916220368646074,0.9940774487471526
171,0.9507849074360504,0.965154563746113,0.9446647646989654,0.9607636180074344,0.950006489313603,0.9645689141495164,0.9907820339456238,0.993482521307142,0.992976334213529,0.9950352994762012,0.9928466986624522,0.994943282766161,0.9914243654730368,0.9939355250558568,0.9892854564526116,0.9924173213959436,0.9901948390437536,0.9930637948343524,0.985532571214797,0.9897567221510885,0.9916220368646074,0.9940774487471526
172,0.9514437179650233,0.9656275710759668,0.9454647065206048,0.9613426881276652,0.9502704975265692,0.9647587186655058,0.9907820339456238,0.993482521307142,0.992976334213529,0.9950352994762012,0.9928466986624522,0.994943282766161,0.9914243654730368,0.9939355250558568,0.9885727168786598,0.9919115294977836,0.9901948390437536,0.9930637948343524,0.985532571214797,0.9897567221510885,0.9916862616070384,0.994122739076951
173,0.9448794735178176,0.9608933412986536,0.9454734414901828,0.9613533214138358,0.9509302715065256,0.965232925656177,0.9908462517180812,0.993527803099362,0.992976334213529,0.9950352994762012,0.9928466986624522,0.994943282766161,0.9914243654730368,0.9939355250558568,0.9886375805560808,0.9919575945896544,0.9905823863283044,0.9933382004015332,0.98773963185607,0.9913249931513104,0.9916862616070384,0.994122739076951
174,0.9463360063238248,0.9619427994307488,0.945470530144582,0.9613497776351382,0.9443561613450728,0.9604863221884498,0.9908462517180812,0.993527803099362,0.992976334213529,0.9950352994762012,0.9929113313572108,0.9949890670553936,0.9914243654730368,0.9939355250558568,0.9888327458984948,0.9920964868198638,0.9905823863283044,0.9933382004015332,0.9873403248998296,0.9910363120826856,0.9916858193160641,0.9941222034902265
175,0.9483882452250773,0.9634213421342134,0.9455337610997312,0.9613938560293442,0.945814833357632,0.9615384615384616,0.9909770981817108,0.9936212866776016,0.992976334213529,0.9950352994762012,0.9929113313572108,0.9949890670553936,0.9914243654730368,0.9939355250558568,0.9887030427681064,0.9920043861653036,0.9905823863283044,0.9933382004015332,0.9871482673341506,0.9909011933610716,0.9916858193160641,0.9941222034902265
176,0.9497746033160236,0.9644181893117189,0.9455337610997312,0.9613938560293442,0.947870109836542,0.9630208094078736,0.9908462517180812,0.993527803099362,0.992976334213529,0.9950352994762012,0.9928466986624522,0.994943282766161,0.9914243654730368,0.9939355250558568,0.9885733258145052,0.991912268677176,0.9905823863283044,0.9933382004015332,0.9870833414837829,0.9908550525834476,0.9916858193160641,0.9941222034902265
177,0.9507639084237928,0.9651290499725426,0.94723945484966,0.9625820669390752,0.9492584990656624,0.9640201927489672,0.9908462517180812,0.993527803099362,0.992976334213529,0.9950352994762012,0.9929113313572108,0.9949890670553936,0.9914243654730368,0.9939355250558568,0.9883781051049412,0.9917733089579523,0.9909679688455656,0.9936102236421726,0.9872753955153454,0.9909901669334552,0.9916858193160641,0.9941222034902265
178,0.951554782837023,0.9656970362239296,0.9475040126577876,0.9627725499196694,0.9502492523988104,0.9647328594359093,0.9903326051946902,0.9931656642974304,0.992976334213529,0.9950352994762012,0.9928466986624522,0.994943282766161,0.9914243654730368,0.9939355250558568,0.9890272746803852,0.992234606248858,0.9909679688455656,0.9936102236421726,0.9872753955153454,0.9909901669334552,0.9916858193160641,0.9941222034902265
179,0.9521476066565516,0.966122616924976,0.9481651598748396,0.9632484514796972,0.9510412838426876,0.9653022872072238,0.990140044102299,0.993029930299303,0.992976334213529,0.9950352994762012,0.9929113313572108,0.9949890670553936,0.9914243654730368,0.9939355250558568,0.9894156751611256,0.9925100474972596,0.990580380178519,0.9933357677560708,0.9883880068824856,0.9917853231106244,0.9916858193160641,0.9941222034902265
180,0.9522134584145024,0.9661698820517508,0.9415760413712696,0.9584832549128148,0.951634974532503,0.9657289471272794,0.990268414749324,0.9931204155086792,0.992976334213529,0.9950352994762012,0.9929113313572108,0.9949890670553936,0.9914243654730368,0.9939355250558568,0.9894156751611256,0.9925100474972596,0.990386058357156,0.9931979000228258,0.9863119904569304,0.9903107861060328,0.9917500508804258,0.9941675020504875
181,0.9512912142621092,0.9655077767612076,0.9430377571330296,0.9595391705069124,0.951700922561654,0.96577633206579,0.9908462517180812,0.993527803099362,0.992976334213529,0.9950352994762012,0.9929113313572108,0.9949890670553936,0.9914243654730368,0.9939355250558568,0.989545309238523,0.9926020641154444,0.9907751621882628,0.9934741934011774,0.986376193499342,0.9903560491795784,0.9916211454254324,0.9940763692700264
182,0.951818295206422,0.9658862264496068,0.9450974646865744,0.961027009616712,0.9507773297438068,0.9651125475633796,0.9908462517180812,0.993527803099362,0.992976334213529,0.9950352994762012,0.9929113313572108,0.9949890670553936,0.9914243654730368,0.9939355250558568,0.9898693340166308,0.9928320321417156,0.9906446490116864,0.9933811110603916,0.986376193499342,0.9903560491795784,0.991942766078412,0.9943034225037599
183,0.9520843055994066,0.9660784493005394,0.9464887470903822,0.9620299714994944,0.9513051815832336,0.9654919572888502,0.990268414749324,0.9931204155086792,0.992976334213529,0.9950352994762012,0.9929113313572108,0.9949890670553936,0.9914243654730368,0.9939355250558568,0.989545309238523,0.9926020641154444,0.9901948390437536,0.9930637948343524,0.986376193499342,0.9903560491795784,0.9921363488879515,0.9944403937294933
184,0.951554782837023,0.9656970362239296,0.9474815640713484,0.9627451881115348,0.9515716077626224,0.9656847024327668,0.9903326051946902,0.9931656642974304,0.992976334213529,0.9950352994762012,0.9929113313572108,0.9949890670553936,0.9914243654730368,0.9939355250558568,0.9897386413145668,0.9927387313330592,0.9906446490116864,0.9933811110603916,0.986376193499342,0.9903560491795784,0.9921363488879515,0.9944403937294933
185,0.951818295206422,0.9658862264496068,0.9482752446931022,0.9633166521280014,0.951703500163686,0.9657794676806084,0.9904635330986926,0.9932592457642556,0.992976334213529,0.9950352994762012,0.9928466986624522,0.994943282766161,0.9914243654730368,0.9939355250558568,0.9898687944048196,0.9928313775626684,0.9901948390437536,0.9930637948343524,0.986376193499342,0.9903560491795784,0.9921363488879515,0.9944403937294933
186,0.9519500303196716,0.9659807956104252,0.9488701712523894,0.9637448370812298,0.9520837523430836,0.9660449983961876,0.990268414749324,0.9931204155086792,0.992976334213529,0.9950352994762012,0.9929113313572108,0.9949890670553936,0.9914243654730368,0.9939355250558568,0.9896738294254884,0.9926927292656194,0.9907751621882628,0.9934741934011774,0.986376193499342,0.9903560491795784,0.9921363488879515,0.9944403937294933
187,0.952068976246906,0.9660598298417344,0.9489362565467646,0.9637923913542288,0.9523500396527932,0.966237573869623,0.990268414749324,0.9931204155086792,0.992976334213529,0.9950352994762012,0.9928466986624522,0.994943282766161,0.9914243654730368,0.9939355250558568,0.9900626489780778,0.9929686786594832,0.9904503271499696,0.9932432432432432,0.986376193499342,0.9903560491795784,0.9921363488879515,0.9944403937294933
188,0.9524489523024812,0.9663250366032212,0.9480107410400128,0.9631262341001976,0.9524108840319816,0.9662787501145422,0.990268414749324,0.9931204155086792,0.9929117084042548,0.9949895235492392,0.9929113313572108,0.9949890670553936,0.9914243654730368,0.9939355250558568,0.9899983870864826,0.992923343834178,0.9909679688455656,0.9936102236421726,0.9881280660642692,0.9916004747557746,0.9921363488879515,0.9944403937294933
189,0.9527149469174332,0.9665172445338944,0.9485396918162036,0.9635070002295156,0.9523500396527932,0.966237573869623,0.9908462517180812,0.993527803099362,0.992976334213529,0.9950352994762012,0.9929113313572108,0.9949890670553936,0.9914243654730368,0.9939355250558568,0.9894145473387244,0.9925086789694864,0.9909679688455656,0.9936102236421726,0.9885818441071504,0.991922603021038,0.9921363488879515,0.9944403937294933
190,0.9527757669500296,0.966558396998948,0.9488068173998616,0.96370061034372,0.9524768113558444,0.96632610986393,0.9903326051946902,0.9931656642974304,0.992976334213529,0.9950352994762012,0.9929113313572108,0.9949890670553936,0.9914243654730368,0.9939355250558568,0.989674929505586,0.9926940639269408,0.9909036965374152,0.9935648760896354,0.986376193499342,0.9903560491795784,0.9921363488879515,0.9944403937294933
191,0.9527149469174332,0.9665172445338944,0.948938984312502,0.9637957142201624,0.9528723014209712,0.9666101772546144,0.9904635330986926,0.9932592457642556,0.992976334213529,0.9950352994762012,0.9929113313572108,0.9949890670553936,0.9914243654730368,0.9939355250558568,0.9897391879168642,0.9927393944928992,0.9909036965374152,0.9935648760896354,0.9898039928867662,0.9927853881278538,0.9921363488879515,0.9944403937294933
192,0.9528416265402384,0.9666056724611162,0.9493191590751552,0.9640611373754993,0.9529382041214456,0.9666575066410186,0.9903993528276668,0.9932140091997996,0.992976334213529,0.9950352994762012,0.9929113313572108,0.9949890670553936,0.9914243654730368,0.9939355250558568,0.9896754794577431,0.9926947310747876,0.990580380178519,0.9933357677560708,0.988646051173986,0.9919678714859438,0.992007011313617,0.9943487375808951
193,0.9532367103442682,0.966889234427879,0.9495861454745742,0.9642545771578028,0.9514488933026646,0.965633854309478,0.9904640402904328,0.993259859732216,0.992976334213529,0.9950352994762012,0.9928466986624522,0.994943282766161,0.9914243654730368,0.9939355250558568,0.989545309238523,0.9926020641154444,0.9905823863283044,0.9933382004015332,0.9864403999636367,0.9904013163908948,0.9921363488879515,0.9944403937294933
194,0.9533025453580232,0.9669364796268348,0.9496468268789352,0.964295548416705,0.9528974362088558,0.9666407358257448,0.9904640402904328,0.993259859732216,0.992976334213529,0.9950352994762012,0.9929113313572108,0.9949890670553936,0.9914243654730368,0.9939355250558568,0.9898039928867662,0.9927853881278538,0.9901948390437536,0.9930637948343524,0.9874039077401284,0.9910808214792116,0.9922005975639028,0.9944857129836394
195,0.9518140773829916,0.9659137577002054,0.9497655347565618,0.9643742539711688,0.9528823585544096,0.9666224073989286,0.9904635330986926,0.9932592457642556,0.992976334213529,0.9950352994762012,0.9929113313572108,0.9949890670553936,0.9914243654730368,0.9939355250558568,0.9897386413145668,0.9927387313330592,0.9901948390437536,0.9930637948343524,0.9874039077401284,0.9910808214792116,0.9921363488879515,0.9944403937294933
196,0.9532616288523084,0.9669194919126382,0.9497048308694216,0.9643332568280928,0.9517591433803376,0.9658143158280634,0.9905282205749464,0.9933050963246344,0.992976334213529,0.9950352994762012,0.9929113313572108,0.9949890670553936,0.9914243654730368,0.9939355250558568,0.9896738294254884,0.9926927292656194,0.9904538861943244,0.993247559083858,0.9897391879168642,0.9927393944928992,0.9920716818211575,0.9943945677436996
197,0.95324668093527,0.9669013440614428,0.9498316102544804,0.9644217968140292,0.9521573544277584,0.9661016949152542,0.9905282205749464,0.9933050963246344,0.992976334213529,0.9950352994762012,0.9928466986624522,0.994943282766161,0.9914243654730368,0.9939355250558568,0.989610674517044,0.9926487375005708,0.9904538861943244,0.993247559083858,0.9872740385128675,0.99098851836604,0.992135930485978,0.9944398869747516
198,0.952124638718714,0.9660947151681536,0.9498316102544804,0.9644217968140292,0.9523551250305292,0.966243759446709,0.9904635330986926,0.9932592457642556,0.992976334213529,0.9950352994762012,0.9928466986624522,0.994943282766161,0.9914243654730368,0.9939355250558568,0.9899341286175356,0.9928780131482834,0.990646641526819,0.9933835272644308,0.9874039077401284,0.9910808214792116,0.9922005975639028,0.9944857129836394
199,0.9525224214820226,0.9663815578831816,0.9502279891108716,0.9647069622286476,0.9520888669587492,0.96605122096486,0.990268414749324,0.9931204155086792,0.992976334213529,0.9950352994762012,0.9929113313572108,0.9949890670553936,0.9914243654730368,0.9939355250558568,0.9896095676204104,0.9926473946202676,0.9903233390687382,0.9931544359255204,0.9896743794948376,0.9926933966572288,0.9921363488879515,0.9944403937294933
200,0.952719988911608,0.9665233696149274,0.950294039901057,0.9647544745296006,0.95161173141438,0.9657006603081438,0.990268414749324,0.9931204155086792,0.992976334213529,0.9950352994762012,0.9929113313572108,0.9949890670553936,0.9914243654730368,0.9939355250558568,0.9896743794948376,0.9926933966572288,0.9903233390687382,0.9931544359255204,0.9885176404591326,0.991877338687597,0.9921363488879515,0.9944403937294933
