,Random_Knn_kappa,Random_Knn_F1,Random_Lightgbm_kappa,Random_Lightgbm_F1,Random_GradientBoosting_kappa,Random_GradientBoosting_F1,Random_Catboost_kappa,Random_Catboost_F1,Uncertainty_Knn_kappa,Uncertainty_Knn_F1,Uncertainty_Lightgbm_kappa,Uncertainty_Lightgbm_F1,Uncertainty_GradientBoosting_kappa,Uncertainty_GradientBoosting_F1,Uncertainty_Catboost_kappa,Uncertainty_Catboost_F1
0,0.6194895510060785,0.6219653179190752,0.7144535904306561,0.7158774373259054,0.713449361140245,0.7148817802503477,0.7162449771291206,0.717663421418637,0.6194895510060785,0.6219653179190752,0.7144535904306561,0.7158774373259054,0.713449361140245,0.7148817802503477,0.7162449771291206,0.717663421418637
1,0.6194895510060785,0.6219653179190752,0.7144535904306561,0.7158774373259054,0.713449361140245,0.7148817802503477,0.7162449771291206,0.717663421418637,0.6194895510060785,0.6219653179190752,0.7144535904306561,0.7158774373259054,0.7144535904306561,0.7158774373259054,0.7162449771291206,0.717663421418637
2,0.6194895510060785,0.6219653179190752,0.7144535904306561,0.7158774373259054,0.7144535904306561,0.7158774373259054,0.7162449771291206,0.717663421418637,0.6194895510060785,0.6219653179190752,0.7162449771291206,0.717663421418637,0.7144535904306561,0.7158774373259054,0.7180314323616546,0.7194444444444444
3,0.6194895510060785,0.6219653179190752,0.7144535904306561,0.7158774373259054,0.7144535904306561,0.7158774373259054,0.7180314323616546,0.7194444444444444,0.6194895510060785,0.6219653179190752,0.7162449771291206,0.717663421418637,0.7144535904306561,0.7158774373259054,0.7180314323616546,0.7194444444444444
4,0.6194895510060785,0.6219653179190752,0.7144535904306561,0.7158774373259054,0.7144535904306561,0.7158774373259054,0.7180314323616546,0.7194444444444444,0.6194895510060785,0.6219653179190752,0.7144535904306561,0.7158774373259054,0.7144535904306561,0.7158774373259054,0.7178008374300675,0.719225449515906
5,0.6194895510060785,0.6219653179190752,0.7144535904306561,0.7158774373259054,0.7144535904306561,0.7158774373259054,0.7180314323616546,0.7194444444444444,0.6194895510060785,0.6219653179190752,0.7162449771291206,0.717663421418637,0.7144535904306561,0.7158774373259054,0.7215896296596056,0.7229916897506925
6,0.6194895510060785,0.6219653179190752,0.7144535904306561,0.7158774373259054,0.7144535904306561,0.7158774373259054,0.7180314323616546,0.7194444444444444,0.6194895510060785,0.6219653179190752,0.7162449771291206,0.717663421418637,0.7144535904306561,0.7158774373259054,0.7215896296596056,0.7229916897506925
7,0.6194895510060785,0.6219653179190752,0.7144535904306561,0.7158774373259054,0.7144535904306561,0.7158774373259054,0.7162449771291206,0.717663421418637,0.6194895510060785,0.6219653179190752,0.7144535904306561,0.7158774373259054,0.7144535904306561,0.7158774373259054,0.715579790944459,0.717032967032967
8,0.6194895510060785,0.6219653179190752,0.7144535904306561,0.7158774373259054,0.7144535904306561,0.7158774373259054,0.7162449771291206,0.717663421418637,0.6194895510060785,0.6219653179190752,0.7162449771291206,0.717663421418637,0.7144535904306561,0.7158774373259054,0.7215896296596056,0.7229916897506925
9,0.6194895510060785,0.6219653179190752,0.7144535904306561,0.7158774373259054,0.7144535904306561,0.7158774373259054,0.7162449771291206,0.717663421418637,0.6194895510060785,0.6219653179190752,0.7162449771291206,0.717663421418637,0.7144535904306561,0.7158774373259054,0.7215896296596056,0.7229916897506925
10,0.6194895510060785,0.6219653179190752,0.7144535904306561,0.7158774373259054,0.7144535904306561,0.7158774373259054,0.7162449771291206,0.717663421418637,0.6194895510060785,0.6219653179190752,0.7144535904306561,0.7158774373259054,0.7144535904306561,0.7158774373259054,0.7215896296596056,0.7229916897506925
11,0.6194895510060785,0.6219653179190752,0.7144535904306561,0.7158774373259054,0.7144535904306561,0.7158774373259054,0.7162449771291206,0.717663421418637,0.6194895510060785,0.6219653179190752,0.7144535904306561,0.7158774373259054,0.7144535904306561,0.7158774373259054,0.7233614120619873,0.7247579529737206
12,0.6194895510060785,0.6219653179190752,0.7144535904306561,0.7158774373259054,0.7144535904306561,0.7158774373259054,0.7162449771291206,0.717663421418637,0.6194895510060785,0.6219653179190752,0.7144535904306561,0.7158774373259054,0.7144535904306561,0.7158774373259054,0.7233614120619873,0.7247579529737206
13,0.6194895510060785,0.6219653179190752,0.7144535904306561,0.7158774373259054,0.7144535904306561,0.7158774373259054,0.7162449771291206,0.717663421418637,0.6194895510060785,0.6219653179190752,0.7144535904306561,0.7158774373259054,0.7144535904306561,0.7158774373259054,0.7233614120619873,0.7247579529737206
14,0.6194895510060785,0.6219653179190752,0.7144535904306561,0.7158774373259054,0.7144535904306561,0.7158774373259054,0.7180314323616546,0.7194444444444444,0.6194895510060785,0.6219653179190752,0.7144535904306561,0.7158774373259054,0.7144535904306561,0.7158774373259054,0.7251283436738918,0.7265193370165746
15,0.6194895510060785,0.6219653179190752,0.7144535904306561,0.7158774373259054,0.7144535904306561,0.7158774373259054,0.7180314323616546,0.7194444444444444,0.6194895510060785,0.6219653179190752,0.7144535904306561,0.7158774373259054,0.7144535904306561,0.7158774373259054,0.7251283436738918,0.7265193370165746
16,0.6194895510060785,0.6219653179190752,0.7144535904306561,0.7158774373259054,0.7144535904306561,0.7158774373259054,0.7180314323616546,0.7194444444444444,0.6194895510060785,0.6219653179190752,0.7144535904306561,0.7158774373259054,0.7144535904306561,0.7158774373259054,0.7251283436738918,0.7265193370165746
17,0.6194895510060785,0.6219653179190752,0.7144535904306561,0.7158774373259054,0.7144535904306561,0.7158774373259054,0.7173452908520315,0.7187928669410151,0.6194895510060785,0.6219653179190752,0.7144535904306561,0.7158774373259054,0.7144535904306561,0.7158774373259054,0.726890444388847,0.7282758620689656
18,0.6194895510060785,0.6219653179190752,0.7144535904306561,0.7158774373259054,0.7144535904306561,0.7158774373259054,0.7173452908520315,0.7187928669410151,0.6194895510060785,0.6219653179190752,0.7144535904306561,0.7158774373259054,0.7144535904306561,0.7158774373259054,0.7251283436738918,0.7265193370165746
19,0.6194895510060785,0.6219653179190752,0.7144535904306561,0.7158774373259054,0.7144535904306561,0.7158774373259054,0.7173452908520315,0.7187928669410151,0.6194895510060785,0.6219653179190752,0.7144535904306561,0.7158774373259054,0.7144535904306561,0.7158774373259054,0.7251283436738918,0.7265193370165746
20,0.6194895510060785,0.6219653179190752,0.7144535904306561,0.7158774373259054,0.7035572562594476,0.7050754458161866,0.7183411521974254,0.7197802197802199,0.6194895510060785,0.6219653179190752,0.7144535904306561,0.7158774373259054,0.7144535904306561,0.7158774373259054,0.7251283436738918,0.7265193370165746
21,0.6194895510060785,0.6219653179190752,0.7144535904306561,0.7158774373259054,0.7144535904306561,0.7158774373259054,0.7165746030395828,0.7180192572214581,0.6194895510060785,0.6219653179190752,0.7144535904306561,0.7158774373259054,0.7144535904306561,0.7158774373259054,0.7251283436738918,0.7265193370165746
22,0.6194895510060785,0.6219653179190752,0.7144535904306561,0.7158774373259054,0.7144535904306561,0.7158774373259054,0.715579790944459,0.717032967032967,0.6194895510060785,0.6219653179190752,0.7144535904306561,0.7158774373259054,0.7144535904306561,0.7158774373259054,0.7251283436738918,0.7265193370165746
23,0.6194895510060785,0.6219653179190752,0.7144535904306561,0.7158774373259054,0.7144535904306561,0.7158774373259054,0.7583225789374808,0.7596281540504648,0.6194895510060785,0.6219653179190752,0.7144535904306561,0.7158774373259054,0.7144535904306561,0.7158774373259054,0.726890444388847,0.7282758620689656
24,0.6194895510060785,0.6219653179190752,0.7144535904306561,0.7158774373259054,0.7144535904306561,0.7158774373259054,0.7772778259348258,0.7785058977719527,0.6194895510060785,0.6219653179190752,0.7144535904306561,0.7158774373259054,0.7144535904306561,0.7158774373259054,0.7251283436738918,0.7265193370165746
25,0.6194895510060785,0.6219653179190752,0.7144535904306561,0.7158774373259054,0.7144535904306561,0.7158774373259054,0.7609930476785031,0.7622841965471447,0.6194895510060785,0.6219653179190752,0.7144535904306561,0.7158774373259054,0.7144535904306561,0.7158774373259054,0.7251283436738918,0.7265193370165746
26,0.6194895510060785,0.6219653179190752,0.7144535904306561,0.7158774373259054,0.7144535904306561,0.7158774373259054,0.7632633681244305,0.7645502645502646,0.6194895510060785,0.6219653179190752,0.7144535904306561,0.7158774373259054,0.7144535904306561,0.7158774373259054,0.7304002321596033,0.7317744154057771
27,0.6194895510060785,0.6219653179190752,0.7144535904306561,0.7158774373259054,0.7144535904306561,0.7158774373259054,0.7616207638108786,0.7629139072847683,0.6194895510060785,0.6219653179190752,0.7144535904306561,0.7158774373259054,0.7144535904306561,0.7158774373259054,0.7338909323631322,0.7352537722908093
28,0.6194895510060785,0.6219653179190752,0.7144535904306561,0.7158774373259054,0.7144535904306561,0.7158774373259054,0.7616207638108786,0.7629139072847683,0.6194895510060785,0.6219653179190752,0.7144535904306561,0.7158774373259054,0.7144535904306561,0.7158774373259054,0.7390915327079837,0.7404371584699454
29,0.6194895510060785,0.6219653179190752,0.7144535904306561,0.7158774373259054,0.7144535904306561,0.7158774373259054,0.7599738397693935,0.7612732095490716,0.6194895510060785,0.6219653179190752,0.7144535904306561,0.7158774373259054,0.7144535904306561,0.7158774373259054,0.7370572150138586,0.7384196185286103
30,0.6194895510060785,0.6219653179190752,0.7144535904306561,0.7158774373259054,0.7144535904306561,0.7158774373259054,0.7665356853713494,0.7678100263852242,0.6194895510060785,0.6219653179190752,0.7144535904306561,0.7158774373259054,0.7144535904306561,0.7158774373259054,0.7373627002854094,0.7387140902872777
31,0.6194895510060785,0.6219653179190752,0.7144535904306561,0.7158774373259054,0.7144535904306561,0.7158774373259054,0.7599738397693935,0.7612732095490716,0.6194895510060785,0.6219653179190752,0.7144535904306561,0.7158774373259054,0.7144535904306561,0.7158774373259054,0.7390915327079837,0.7404371584699454
32,0.6194895510060785,0.6219653179190752,0.7144535904306561,0.7158774373259054,0.6445088024408413,0.6461086637298091,0.7599738397693935,0.7612732095490716,0.6194895510060785,0.6219653179190752,0.7144535904306561,0.7158774373259054,0.7144535904306561,0.7158774373259054,0.7390915327079837,0.7404371584699454
33,0.6194895510060785,0.6219653179190752,0.7144535904306561,0.7158774373259054,0.6445088024408413,0.6461086637298091,0.7575672803044102,0.7588932806324111,0.6194895510060785,0.6219653179190752,0.7144535904306561,0.7158774373259054,0.7144535904306561,0.7158774373259054,0.7373627002854094,0.7387140902872777
34,0.6194895510060785,0.6219653179190752,0.7144535904306561,0.7158774373259054,0.7144535904306561,0.7158774373259054,0.7703900289596071,0.7716535433070866,0.6194895510060785,0.6219653179190752,0.7144535904306561,0.7158774373259054,0.7144535904306561,0.7158774373259054,0.7353303073004218,0.7366984993178719
35,0.6194895510060785,0.6219653179190752,0.7144535904306561,0.7158774373259054,0.7144535904306561,0.7158774373259054,0.7575672803044102,0.7588932806324111,0.6194895510060785,0.6219653179190752,0.7144535904306561,0.7158774373259054,0.7144535904306561,0.7158774373259054,0.7373627002854094,0.7387140902872777
36,0.6194895510060785,0.6219653179190752,0.7144535904306561,0.7158774373259054,0.7144535904306561,0.7158774373259054,0.7663339851605477,0.7675962815405047,0.6194895510060785,0.6219653179190752,0.7144535904306561,0.7158774373259054,0.7144535904306561,0.7158774373259054,0.7373627002854094,0.7387140902872777
37,0.6194895510060785,0.6219653179190752,0.7144535904306561,0.7158774373259054,0.7144535904306561,0.7158774373259054,0.7599738397693935,0.7612732095490716,0.6194895510060785,0.6219653179190752,0.7390915327079837,0.7404371584699454,0.7144535904306561,0.7158774373259054,0.7390915327079837,0.7404371584699454
38,0.6194895510060785,0.6219653179190752,0.7144535904306561,0.7158774373259054,0.7144535904306561,0.7158774373259054,0.7644987636174695,0.7657894736842106,0.6194895510060785,0.6219653179190752,0.7390915327079837,0.7404371584699454,0.7144535904306561,0.7158774373259054,0.7390915327079837,0.7404371584699454
39,0.6194895510060785,0.6219653179190752,0.7144535904306561,0.7158774373259054,0.7144535904306561,0.7158774373259054,0.7595887130658242,0.7608982826948482,0.6194895510060785,0.6219653179190752,0.7390915327079837,0.7404371584699454,0.7144535904306561,0.7158774373259054,0.7390915327079837,0.7404371584699454
40,0.6194895510060785,0.6219653179190752,0.7144535904306561,0.7158774373259054,0.7144535904306561,0.7158774373259054,0.7703900289596071,0.7716535433070866,0.6194895510060785,0.6219653179190752,0.7408156895325375,0.7421555252387448,0.7144535904306561,0.7158774373259054,0.7390915327079837,0.7404371584699454
41,0.6194895510060785,0.6219653179190752,0.7144535904306561,0.7158774373259054,0.7144535904306561,0.7158774373259054,0.7573068824334979,0.7586206896551724,0.6194895510060785,0.6219653179190752,0.7425351897010699,0.7438692098092643,0.7144535904306561,0.7158774373259054,0.7373627002854094,0.7387140902872777
42,0.6194895510060785,0.6219653179190752,0.7144535904306561,0.7158774373259054,0.5324415476949398,0.534181240063593,0.7585766746453726,0.7598944591029024,0.6194895510060785,0.6219653179190752,0.7425351897010699,0.7438692098092643,0.7144535904306561,0.7158774373259054,0.7373627002854094,0.7387140902872777
43,0.6194895510060785,0.6219653179190752,0.7144535904306561,0.7158774373259054,0.5324415476949398,0.534181240063593,0.7542757564484943,0.7556142668428004,0.6194895510060785,0.6219653179190752,0.7425351897010699,0.7438692098092643,0.7144535904306561,0.7158774373259054,0.7390915327079837,0.7404371584699454
44,0.6194895510060785,0.6219653179190752,0.7144535904306561,0.7158774373259054,0.7144535904306561,0.7158774373259054,0.7616207638108786,0.7629139072847683,0.6194895510060785,0.6219653179190752,0.7425351897010699,0.7438692098092643,0.7144535904306561,0.7158774373259054,0.7390915327079837,0.7404371584699454
45,0.6194895510060785,0.6219653179190752,0.7144535904306561,0.7158774373259054,0.5324415476949398,0.534181240063593,0.7583225789374808,0.7596281540504648,0.6194895510060785,0.6219653179190752,0.7425351897010699,0.7438692098092643,0.7144535904306561,0.7158774373259054,0.7390915327079837,0.7404371584699454
46,0.6194895510060785,0.6219653179190752,0.7144535904306561,0.7158774373259054,0.5324415476949398,0.534181240063593,0.7616207638108786,0.7629139072847683,0.6194895510060785,0.6219653179190752,0.7425351897010699,0.7438692098092643,0.7144535904306561,0.7158774373259054,0.7390915327079837,0.7404371584699454
47,0.6194895510060785,0.6219653179190752,0.7144535904306561,0.7158774373259054,0.5324415476949398,0.534181240063593,0.7599738397693935,0.7612732095490716,0.6194895510060785,0.6219653179190752,0.7425351897010699,0.7438692098092643,0.7144535904306561,0.7158774373259054,0.7373627002854094,0.7387140902872777
48,0.6194895510060785,0.6219653179190752,0.7144535904306561,0.7158774373259054,0.5324415476949398,0.534181240063593,0.7616207638108786,0.7629139072847683,0.6194895510060785,0.6219653179190752,0.7425351897010699,0.7438692098092643,0.7144535904306561,0.7158774373259054,0.7373627002854094,0.7387140902872777
49,0.6194895510060785,0.6219653179190752,0.7144535904306561,0.7158774373259054,0.5324415476949398,0.534181240063593,0.7599738397693935,0.7612732095490716,0.6194895510060785,0.6219653179190752,0.7425351897010699,0.7438692098092643,0.7144535904306561,0.7158774373259054,0.7373627002854094,0.7387140902872777
50,0.6194895510060785,0.6219653179190752,0.7144535904306561,0.7158774373259054,0.5324415476949398,0.534181240063593,0.7632633681244305,0.7645502645502646,0.6194895510060785,0.6219653179190752,0.7425351897010699,0.7438692098092643,0.7144535904306561,0.7158774373259054,0.7390915327079837,0.7404371584699454
51,0.6194895510060785,0.6219653179190752,0.7144535904306561,0.7158774373259054,0.7144535904306561,0.7158774373259054,0.7599738397693935,0.7612732095490716,0.6194895510060785,0.6219653179190752,0.7425351897010699,0.7438692098092643,0.7144535904306561,0.7158774373259054,0.7390915327079837,0.7404371584699454
52,0.6194895510060785,0.6219653179190752,0.7144535904306561,0.7158774373259054,0.7144535904306561,0.7158774373259054,0.7884276077356294,0.7896103896103897,0.6194895510060785,0.6219653179190752,0.7425351897010699,0.7438692098092643,0.7144535904306561,0.7158774373259054,0.7390915327079837,0.7404371584699454
53,0.6194895510060785,0.6219653179190752,0.7144535904306561,0.7158774373259054,0.7144535904306561,0.7158774373259054,0.7599738397693935,0.7612732095490716,0.6194895510060785,0.6219653179190752,0.7425351897010699,0.7438692098092643,0.7144535904306561,0.7158774373259054,0.7390915327079837,0.7404371584699454
54,0.6194895510060785,0.6219653179190752,0.7144535904306561,0.7158774373259054,0.7144535904306561,0.7158774373259054,0.7746420605612734,0.7758846657929226,0.6345839665563684,0.637069922308546,0.7425351897010699,0.7438692098092643,0.7144535904306561,0.7158774373259054,0.7390915327079837,0.7404371584699454
55,0.6194895510060785,0.6219653179190752,0.7144535904306561,0.7158774373259054,0.7144535904306561,0.7158774373259054,0.7599738397693935,0.7612732095490716,0.6345839665563684,0.637069922308546,0.7425351897010699,0.7438692098092643,0.7144535904306561,0.7158774373259054,0.7373627002854094,0.7387140902872777
56,0.6194895510060785,0.6219653179190752,0.7144535904306561,0.7158774373259054,0.7144535904306561,0.7158774373259054,0.7842317322222292,0.7854356306892067,0.6345839665563684,0.637069922308546,0.7425351897010699,0.7438692098092643,0.7162449771291206,0.717663421418637,0.7373627002854094,0.7387140902872777
57,0.6194895510060785,0.6219653179190752,0.7144535904306561,0.7158774373259054,0.7144535904306561,0.7158774373259054,0.7616207638108786,0.7629139072847683,0.6345839665563684,0.637069922308546,0.7425351897010699,0.7438692098092643,0.7162449771291206,0.717663421418637,0.7373627002854094,0.7387140902872777
58,0.6194895510060785,0.6219653179190752,0.7144535904306561,0.7158774373259054,0.7144535904306561,0.7158774373259054,0.7746420605612734,0.7758846657929226,0.6345839665563684,0.637069922308546,0.7425351897010699,0.7438692098092643,0.7144535904306561,0.7158774373259054,0.7390915327079837,0.7404371584699454
59,0.6194895510060785,0.6219653179190752,0.7144535904306561,0.7158774373259054,0.7144535904306561,0.7158774373259054,0.7599738397693935,0.7612732095490716,0.6345839665563684,0.637069922308546,0.7425351897010699,0.7438692098092643,0.7162449771291206,0.717663421418637,0.7390915327079837,0.7404371584699454
60,0.6194895510060785,0.6219653179190752,0.7144535904306561,0.7158774373259054,0.7144535904306561,0.7158774373259054,0.787395399365465,0.7885862516212709,0.6345839665563684,0.637069922308546,0.7425351897010699,0.7438692098092643,0.7162449771291206,0.717663421418637,0.7390915327079837,0.7404371584699454
61,0.6194895510060785,0.6219653179190752,0.7144535904306561,0.7158774373259054,0.7144535904306561,0.7158774373259054,0.7599738397693935,0.7612732095490716,0.6345839665563684,0.637069922308546,0.7425351897010699,0.7438692098092643,0.7180314323616546,0.7194444444444444,0.7373627002854094,0.7387140902872777
62,0.6194895510060785,0.6219653179190752,0.7144535904306561,0.7158774373259054,0.7144535904306561,0.7158774373259054,0.7863658427392313,0.7875647668393783,0.6345839665563684,0.637069922308546,0.7425351897010699,0.7438692098092643,0.7198129764638405,0.7212205270457698,0.7373627002854094,0.7387140902872777
63,0.6194895510060785,0.6219653179190752,0.7162449771291206,0.717663421418637,0.7144535904306561,0.7158774373259054,0.7606034059685252,0.7619047619047619,0.6345839665563684,0.637069922308546,0.7425351897010699,0.7438692098092643,0.7180314323616546,0.7194444444444444,0.7373627002854094,0.7387140902872777
64,0.6194895510060785,0.6219653179190752,0.7162449771291206,0.717663421418637,0.7144535904306561,0.7158774373259054,0.7863658427392313,0.7875647668393783,0.6345839665563684,0.637069922308546,0.7425351897010699,0.7438692098092643,0.7198129764638405,0.7212205270457698,0.7373627002854094,0.7387140902872777
65,0.6194895510060785,0.6219653179190752,0.7144535904306561,0.7158774373259054,0.6445088024408413,0.6461086637298091,0.7632633681244305,0.7645502645502646,0.6345839665563684,0.637069922308546,0.7425351897010699,0.7438692098092643,0.7215896296596056,0.7229916897506925,0.7373627002854094,0.7387140902872777
66,0.6194895510060785,0.6219653179190752,0.7144535904306561,0.7158774373259054,0.7144535904306561,0.7158774373259054,0.7863658427392313,0.7875647668393783,0.6345839665563684,0.637069922308546,0.7425351897010699,0.7438692098092643,0.7215896296596056,0.7229916897506925,0.7390915327079837,0.7404371584699454
67,0.6194895510060785,0.6219653179190752,0.7144535904306561,0.7158774373259054,0.6445088024408413,0.6461086637298091,0.7616207638108786,0.7629139072847683,0.6345839665563684,0.637069922308546,0.7425351897010699,0.7438692098092643,0.7215896296596056,0.7229916897506925,0.7390915327079837,0.7404371584699454
68,0.6194895510060785,0.6219653179190752,0.7144535904306561,0.7158774373259054,0.7144535904306561,0.7158774373259054,0.787395399365465,0.7885862516212709,0.6345839665563684,0.637069922308546,0.7425351897010699,0.7438692098092643,0.7215896296596056,0.7229916897506925,0.7408156895325375,0.7421555252387448
69,0.6194895510060785,0.6219653179190752,0.7144535904306561,0.7158774373259054,0.6445088024408413,0.6461086637298091,0.7575672803044102,0.7588932806324111,0.6652784645304304,0.6674418604651163,0.7425351897010699,0.7438692098092643,0.7215896296596056,0.7229916897506925,0.7390915327079837,0.7404371584699454
70,0.6194895510060785,0.6219653179190752,0.7144535904306561,0.7158774373259054,0.6445088024408413,0.6461086637298091,0.7895118814444981,0.7906976744186046,0.6652784645304304,0.6674418604651163,0.7425351897010699,0.7438692098092643,0.7215896296596056,0.7229916897506925,0.7356291732199411,0.736986301369863
71,0.6194895510060785,0.6219653179190752,0.7144535904306561,0.7158774373259054,0.6435521950705801,0.6451612903225806,0.7575672803044102,0.7588932806324111,0.6652784645304304,0.6674418604651163,0.7425351897010699,0.7438692098092643,0.7251283436738918,0.7265193370165746,0.7373627002854094,0.7387140902872777
72,0.6194895510060785,0.6219653179190752,0.7144535904306561,0.7158774373259054,0.6435521950705801,0.6451612903225806,0.7894124335962801,0.7905759162303665,0.6652784645304304,0.6674418604651163,0.7425351897010699,0.7438692098092643,0.726890444388847,0.7282758620689656,0.7356291732199411,0.736986301369863
73,0.6194895510060785,0.6219653179190752,0.7144535904306561,0.7158774373259054,0.6435521950705801,0.6451612903225806,0.7640668383418123,0.7653333333333335,0.6652784645304304,0.6674418604651163,0.7425351897010699,0.7438692098092643,0.726890444388847,0.7282758620689656,0.7373627002854094,0.7387140902872777
74,0.6194895510060785,0.6219653179190752,0.7144535904306561,0.7158774373259054,0.6435521950705801,0.6451612903225806,0.7740548184383194,0.7752956636005257,0.6652784645304304,0.6674418604651163,0.7425351897010699,0.7438692098092643,0.7251283436738918,0.7265193370165746,0.7408156895325375,0.7421555252387448
75,0.6194895510060785,0.6219653179190752,0.7144535904306561,0.7158774373259054,0.6435521950705801,0.6451612903225806,0.7650968598726167,0.7663551401869159,0.6652784645304304,0.6674418604651163,0.7425351897010699,0.7438692098092643,0.7251283436738918,0.7265193370165746,0.7390915327079837,0.7404371584699454
76,0.622411085674866,0.6248548199767712,0.7144535904306561,0.7158774373259054,0.6445088024408413,0.6461086637298091,0.7883709213291983,0.7895424836601307,0.6652784645304304,0.6674418604651163,0.7442500520534002,0.745578231292517,0.726890444388847,0.7282758620689656,0.7390915327079837,0.7404371584699454
77,0.622411085674866,0.6248548199767712,0.7144535904306561,0.7158774373259054,0.7144535904306561,0.7158774373259054,0.7609930476785031,0.7622841965471447,0.6652784645304304,0.6674418604651163,0.7442500520534002,0.745578231292517,0.726890444388847,0.7282758620689656,0.7390915327079837,0.7404371584699454
78,0.622411085674866,0.6248548199767712,0.7144535904306561,0.7158774373259054,0.7144535904306561,0.7158774373259054,0.7761140457456028,0.7773386034255599,0.6652784645304304,0.6674418604651163,0.7425351897010699,0.7438692098092643,0.726890444388847,0.7282758620689656,0.7390915327079837,0.7404371584699454
79,0.622411085674866,0.6248548199767712,0.7144535904306561,0.7158774373259054,0.7144535904306561,0.7158774373259054,0.7616207638108786,0.7629139072847683,0.6652784645304304,0.6674418604651163,0.7442500520534002,0.745578231292517,0.7251283436738918,0.7265193370165746,0.7390915327079837,0.7404371584699454
80,0.622411085674866,0.6248548199767712,0.7144535904306561,0.7158774373259054,0.7144535904306561,0.7158774373259054,0.7894124335962801,0.7905759162303665,0.6652784645304304,0.6674418604651163,0.7442500520534002,0.745578231292517,0.726890444388847,0.7282758620689656,0.7390915327079837,0.7404371584699454
81,0.622411085674866,0.6248548199767712,0.7144535904306561,0.7158774373259054,0.7144535904306561,0.7158774373259054,0.7620149429722791,0.7632978723404256,0.6652784645304304,0.6674418604651163,0.7442500520534002,0.745578231292517,0.726890444388847,0.7282758620689656,0.7390915327079837,0.7404371584699454
82,0.622411085674866,0.6248548199767712,0.7144535904306561,0.7158774373259054,0.7144535904306561,0.7158774373259054,0.775083088848145,0.7763157894736842,0.6652784645304304,0.6674418604651163,0.7442500520534002,0.745578231292517,0.726890444388847,0.7282758620689656,0.7390915327079837,0.7404371584699454
83,0.622411085674866,0.6248548199767712,0.7144535904306561,0.7158774373259054,0.7144535904306561,0.7158774373259054,0.7616207638108786,0.7629139072847683,0.6652784645304304,0.6674418604651163,0.7442500520534002,0.745578231292517,0.726890444388847,0.7282758620689656,0.7373627002854094,0.7387140902872777
84,0.622411085674866,0.6248548199767712,0.7144535904306561,0.7158774373259054,0.7144535904306561,0.7158774373259054,0.7862959756182306,0.7874837027379402,0.6652784645304304,0.6674418604651163,0.7459602953278552,0.7472826086956521,0.726890444388847,0.7282758620689656,0.7373627002854094,0.7387140902872777
85,0.622411085674866,0.6248548199767712,0.7144535904306561,0.7158774373259054,0.7144535904306561,0.7158774373259054,0.7603620169297352,0.7616511318242342,0.6652784645304304,0.6674418604651163,0.7459602953278552,0.7472826086956521,0.726890444388847,0.7282758620689656,0.7356291732199411,0.736986301369863
86,0.622411085674866,0.6248548199767712,0.7144535904306561,0.7158774373259054,0.7144535904306561,0.7158774373259054,0.7837605481384902,0.7849740932642486,0.6652784645304304,0.6674418604651163,0.7442500520534002,0.745578231292517,0.726890444388847,0.7282758620689656,0.7373627002854094,0.7387140902872777
87,0.622411085674866,0.6248548199767712,0.7144535904306561,0.7158774373259054,0.7144535904306561,0.7158774373259054,0.7569322347571592,0.7582562747688244,0.6652784645304304,0.6674418604651163,0.7442500520534002,0.745578231292517,0.726890444388847,0.7282758620689656,0.7373627002854094,0.7387140902872777
88,0.622411085674866,0.6248548199767712,0.7144535904306561,0.7158774373259054,0.7144535904306561,0.7158774373259054,0.7863658427392313,0.7875647668393783,0.6652784645304304,0.6674418604651163,0.7442500520534002,0.745578231292517,0.726890444388847,0.7282758620689656,0.7373627002854094,0.7387140902872777
89,0.622411085674866,0.6248548199767712,0.7144535904306561,0.7158774373259054,0.7144535904306561,0.7158774373259054,0.7579434438126199,0.7592592592592593,0.6652784645304304,0.6674418604651163,0.7442500520534002,0.745578231292517,0.726890444388847,0.7282758620689656,0.7390915327079837,0.7404371584699454
90,0.622411085674866,0.6248548199767712,0.7144535904306561,0.7158774373259054,0.7144535904306561,0.7158774373259054,0.787395399365465,0.7885862516212709,0.6538282159915254,0.6561443066516346,0.7442500520534002,0.745578231292517,0.726890444388847,0.7282758620689656,0.7390915327079837,0.7404371584699454
91,0.622411085674866,0.6248548199767712,0.7144535904306561,0.7158774373259054,0.7144535904306561,0.7158774373259054,0.7569322347571592,0.7582562747688244,0.6538282159915254,0.6561443066516346,0.7442500520534002,0.745578231292517,0.726890444388847,0.7282758620689656,0.7373627002854094,0.7387140902872777
92,0.622411085674866,0.6248548199767712,0.7144535904306561,0.7158774373259054,0.7144535904306561,0.7158774373259054,0.7889181108867187,0.7900912646675359,0.6538282159915254,0.6561443066516346,0.7442500520534002,0.745578231292517,0.726890444388847,0.7282758620689656,0.7363451277891204,0.7377049180327869
93,0.622411085674866,0.6248548199767712,0.7144535904306561,0.7158774373259054,0.7144535904306561,0.7158774373259054,0.7620149429722791,0.7632978723404256,0.6538282159915254,0.6561443066516346,0.7442500520534002,0.745578231292517,0.7251283436738918,0.7265193370165746,0.7373627002854094,0.7387140902872777
94,0.622411085674866,0.6248548199767712,0.7144535904306561,0.7158774373259054,0.7144535904306561,0.7158774373259054,0.7878812710527454,0.7890625000000001,0.6538282159915254,0.6561443066516346,0.7439184555950991,0.7452574525745258,0.726890444388847,0.7282758620689656,0.7390915327079837,0.7404371584699454
95,0.622411085674866,0.6248548199767712,0.7144535904306561,0.7158774373259054,0.7144535904306561,0.7158774373259054,0.7618526823098006,0.7631578947368421,0.6538282159915254,0.6561443066516346,0.7459602953278552,0.7472826086956521,0.726890444388847,0.7282758620689656,0.7373627002854094,0.7387140902872777
96,0.622411085674866,0.6248548199767712,0.7144535904306561,0.7158774373259054,0.7144535904306561,0.7158774373259054,0.7889181108867187,0.7900912646675359,0.6538282159915254,0.6561443066516346,0.7493669990930757,0.7506775067750677,0.7251283436738918,0.7265193370165746,0.7390915327079837,0.7404371584699454
97,0.622411085674866,0.6248548199767712,0.7144535904306561,0.7158774373259054,0.7144535904306561,0.7158774373259054,0.7599738397693935,0.7612732095490716,0.6538282159915254,0.6561443066516346,0.7493669990930757,0.7506775067750677,0.726890444388847,0.7282758620689656,0.7373627002854094,0.7387140902872777
98,0.622411085674866,0.6248548199767712,0.7144535904306561,0.7158774373259054,0.7144535904306561,0.7158774373259054,0.7869132626968993,0.7881136950904394,0.6538282159915254,0.6561443066516346,0.751063496559149,0.7523680649526386,0.726890444388847,0.7282758620689656,0.7373627002854094,0.7387140902872777
99,0.622411085674866,0.6248548199767712,0.7144535904306561,0.7158774373259054,0.7144535904306561,0.7158774373259054,0.7598332486818878,0.7611548556430446,0.6538282159915254,0.6561443066516346,0.7743453913836146,0.7755644090305445,0.726890444388847,0.7282758620689656,0.7356291732199411,0.736986301369863
100,0.622411085674866,0.6248548199767712,0.7144535904306561,0.7158774373259054,0.7144535904306561,0.7158774373259054,0.7967870211421956,0.7979274611398963,0.6538282159915254,0.6561443066516346,0.7759755837847673,0.7771883289124669,0.726890444388847,0.7282758620689656,0.7363451277891204,0.7377049180327869
101,0.622411085674866,0.6248548199767712,0.7144535904306561,0.7158774373259054,0.7144535904306561,0.7158774373259054,0.7613857796866057,0.7626666666666666,0.6538282159915254,0.6561443066516346,0.8107856775646225,0.8118556701030928,0.726890444388847,0.7282758620689656,0.7373627002854094,0.7387140902872777
102,0.622411085674866,0.6248548199767712,0.7144535904306561,0.7158774373259054,0.7144535904306561,0.7158774373259054,0.7999063564348933,0.8010335917312661,0.6538282159915254,0.6561443066516346,0.8199422206708964,0.8209718670076726,0.7286477339917492,0.7300275482093664,0.7380729984164796,0.7394270122783082
103,0.622411085674866,0.6248548199767712,0.7144535904306561,0.7158774373259054,0.713449361140245,0.7148817802503477,0.7649016696831541,0.7661822985468956,0.6538282159915254,0.6561443066516346,0.822963513596024,0.8239795918367346,0.7304002321596033,0.7317744154057771,0.7390915327079837,0.7404371584699454
104,0.622411085674866,0.6248548199767712,0.7144535904306561,0.7158774373259054,0.713449361140245,0.7148817802503477,0.7952213355851412,0.7963683527885863,0.6538282159915254,0.6561443066516346,0.8244684343911473,0.8254777070063694,0.7338909323631322,0.7352537722908093,0.7380729984164796,0.7394270122783082
105,0.622411085674866,0.6248548199767712,0.7144535904306561,0.7158774373259054,0.713449361140245,0.7148817802503477,0.7609930476785031,0.7622841965471447,0.6538282159915254,0.6561443066516346,0.8259695573405095,0.8269720101781172,0.7338909323631322,0.7352537722908093,0.7373627002854094,0.7387140902872777
106,0.622411085674866,0.6248548199767712,0.7144535904306561,0.7158774373259054,0.713449361140245,0.7148817802503477,0.7873321054891316,0.7885117493472584,0.6538282159915254,0.6561443066516346,0.8259695573405095,0.8269720101781172,0.7328753104409822,0.7342465753424658,0.7346125714925864,0.7359781121751026
107,0.622411085674866,0.6248548199767712,0.7144535904306561,0.7158774373259054,0.7144535904306561,0.7158774373259054,0.7559236710700471,0.7572559366754618,0.6538282159915254,0.6561443066516346,0.8259695573405095,0.8269720101781172,0.7328753104409822,0.7342465753424658,0.7363451277891204,0.7377049180327869
108,0.622411085674866,0.6248548199767712,0.7144535904306561,0.7158774373259054,0.6435521950705801,0.6451612903225806,0.7889181108867187,0.7900912646675359,0.6538282159915254,0.6561443066516346,0.8274668968024631,0.8284625158831004,0.7338909323631322,0.7352537722908093,0.7373627002854094,0.7387140902872777
109,0.622411085674866,0.6248548199767712,0.7144535904306561,0.7158774373259054,0.6435521950705801,0.6451612903225806,0.7620149429722791,0.7632978723404256,0.6538282159915254,0.6561443066516346,0.828960467063073,0.8299492385786802,0.7338909323631322,0.7352537722908093,0.7390915327079837,0.7404371584699454
110,0.622411085674866,0.6248548199767712,0.7144535904306561,0.7158774373259054,0.6435521950705801,0.6451612903225806,0.7889181108867187,0.7900912646675359,0.6538282159915254,0.6561443066516346,0.8304502823365711,0.8314321926489227,0.7338909323631322,0.7352537722908093,0.7380729984164796,0.7394270122783082
111,0.622411085674866,0.6248548199767712,0.7144535904306561,0.7158774373259054,0.713449361140245,0.7148817802503477,0.7585766746453726,0.7598944591029024,0.6538282159915254,0.6561443066516346,0.8304502823365711,0.8314321926489227,0.7338909323631322,0.7352537722908093,0.7363451277891204,0.7377049180327869
112,0.622411085674866,0.6248548199767712,0.7144535904306561,0.7158774373259054,0.5324415476949398,0.534181240063593,0.787395399365465,0.7885862516212709,0.6538282159915254,0.6561443066516346,0.8304502823365711,0.8314321926489227,0.7338909323631322,0.7352537722908093,0.7363451277891204,0.7377049180327869
113,0.622411085674866,0.6248548199767712,0.7144535904306561,0.7158774373259054,0.5324415476949398,0.534181240063593,0.7599738397693935,0.7612732095490716,0.6538282159915254,0.6561443066516346,0.8304502823365711,0.8314321926489227,0.7338909323631322,0.7352537722908093,0.7373627002854094,0.7387140902872777
114,0.622411085674866,0.6248548199767712,0.7144535904306561,0.7158774373259054,0.5324415476949398,0.534181240063593,0.7952213355851412,0.7963683527885863,0.6538282159915254,0.6561443066516346,0.8319363567658065,0.8329113924050633,0.7338909323631322,0.7352537722908093,0.7390915327079837,0.7404371584699454
115,0.622411085674866,0.6248548199767712,0.7144535904306561,0.7158774373259054,0.5324415476949398,0.534181240063593,0.7634842836284162,0.7647831800262811,0.6538282159915254,0.6561443066516346,0.8304502823365711,0.8314321926489227,0.7338909323631322,0.7352537722908093,0.7390915327079837,0.7404371584699454
116,0.622411085674866,0.6248548199767712,0.7144535904306561,0.7158774373259054,0.5324415476949398,0.534181240063593,0.7947091189396958,0.7958656330749354,0.6538282159915254,0.6561443066516346,0.8304502823365711,0.8314321926489227,0.7338909323631322,0.7352537722908093,0.7390915327079837,0.7404371584699454
117,0.622411085674866,0.6248548199767712,0.7144535904306561,0.7158774373259054,0.5324415476949398,0.534181240063593,0.7616207638108786,0.7629139072847683,0.6538282159915254,0.6561443066516346,0.8304502823365711,0.8314321926489227,0.7338909323631322,0.7352537722908093,0.7363451277891204,0.7377049180327869
118,0.622411085674866,0.6248548199767712,0.7144535904306561,0.7158774373259054,0.5324415476949398,0.534181240063593,0.7983486896120519,0.7994825355756792,0.6538282159915254,0.6561443066516346,0.8304502823365711,0.8314321926489227,0.7338909323631322,0.7352537722908093,0.7373627002854094,0.7387140902872777
119,0.622411085674866,0.6248548199767712,0.7144535904306561,0.7158774373259054,0.5324415476949398,0.534181240063593,0.7622451913744891,0.7635402906208718,0.6538282159915254,0.6561443066516346,0.8319363567658065,0.8329113924050633,0.7338909323631322,0.7352537722908093,0.7373627002854094,0.7387140902872777
120,0.622411085674866,0.6248548199767712,0.7144535904306561,0.7158774373259054,0.5324415476949398,0.534181240063593,0.790500020792835,0.7916666666666666,0.6538282159915254,0.6561443066516346,0.8319363567658065,0.8329113924050633,0.7338909323631322,0.7352537722908093,0.7346125714925864,0.7359781121751026
121,0.622411085674866,0.6248548199767712,0.7144535904306561,0.7158774373259054,0.5324415476949398,0.534181240063593,0.7642842189638297,0.7655629139072848,0.6538282159915254,0.6561443066516346,0.8319363567658065,0.8329113924050633,0.7338909323631322,0.7352537722908093,0.7373627002854094,0.7387140902872777
122,0.622411085674866,0.6248548199767712,0.7144535904306561,0.7158774373259054,0.5324415476949398,0.534181240063593,0.7988756271067093,0.8,0.6538282159915254,0.6561443066516346,0.8319363567658065,0.8329113924050633,0.7338909323631322,0.7352537722908093,0.7363451277891204,0.7377049180327869
123,0.622411085674866,0.6248548199767712,0.7144535904306561,0.7158774373259054,0.5324415476949398,0.534181240063593,0.7609930476785031,0.7622841965471447,0.6538282159915254,0.6561443066516346,0.8304502823365711,0.8314321926489227,0.7338909323631322,0.7352537722908093,0.7363451277891204,0.7377049180327869
124,0.622411085674866,0.6248548199767712,0.7144535904306561,0.7158774373259054,0.5324415476949398,0.534181240063593,0.7973077376872945,0.7984496124031008,0.6538282159915254,0.6561443066516346,0.8304502823365711,0.8314321926489227,0.7338909323631322,0.7352537722908093,0.7373627002854094,0.7387140902872777
125,0.622411085674866,0.6248548199767712,0.7144535904306561,0.7158774373259054,0.5324415476949398,0.534181240063593,0.7616207638108786,0.7629139072847683,0.6538282159915254,0.6561443066516346,0.8304502823365711,0.8314321926489227,0.7338909323631322,0.7352537722908093,0.7346125714925864,0.7359781121751026
126,0.622411085674866,0.6248548199767712,0.7144535904306561,0.7158774373259054,0.5324415476949398,0.534181240063593,0.8009028128145792,0.8020434227330779,0.6538282159915254,0.6561443066516346,0.8319363567658065,0.8329113924050633,0.7338909323631322,0.7352537722908093,0.7363451277891204,0.7377049180327869
127,0.622411085674866,0.6248548199767712,0.7144535904306561,0.7158774373259054,0.5324415476949398,0.534181240063593,0.7616207638108786,0.7629139072847683,0.6538282159915254,0.6561443066516346,0.8334187044226938,0.8343868520859671,0.7338909323631322,0.7352537722908093,0.7346125714925864,0.7359781121751026
128,0.622411085674866,0.6248548199767712,0.7144535904306561,0.7158774373259054,0.5324415476949398,0.534181240063593,0.7931704675246984,0.7943444730077122,0.6538282159915254,0.6561443066516346,0.8334187044226938,0.8343868520859671,0.7338909323631322,0.7352537722908093,0.7346125714925864,0.7359781121751026
129,0.622411085674866,0.6248548199767712,0.7144535904306561,0.7158774373259054,0.5324415476949398,0.534181240063593,0.7632633681244305,0.7645502645502646,0.6538282159915254,0.6561443066516346,0.8334187044226938,0.8343868520859671,0.7338909323631322,0.7352537722908093,0.7346125714925864,0.7359781121751026
130,0.622411085674866,0.6248548199767712,0.7144535904306561,0.7158774373259054,0.5324415476949398,0.534181240063593,0.7884276077356294,0.7896103896103897,0.6538282159915254,0.6561443066516346,0.8334187044226938,0.8343868520859671,0.7338909323631322,0.7352537722908093,0.7363451277891204,0.7377049180327869
131,0.622411085674866,0.6248548199767712,0.7144535904306561,0.7158774373259054,0.5324415476949398,0.534181240063593,0.7632633681244305,0.7645502645502646,0.6538282159915254,0.6561443066516346,0.8334187044226938,0.8343868520859671,0.7338909323631322,0.7352537722908093,0.7363451277891204,0.7377049180327869
132,0.622411085674866,0.6248548199767712,0.7144535904306561,0.7158774373259054,0.5324415476949398,0.534181240063593,0.7947248115349248,0.7958921694480102,0.6538282159915254,0.6561443066516346,0.8334187044226938,0.8343868520859671,0.7338909323631322,0.7352537722908093,0.7363451277891204,0.7377049180327869
133,0.622411085674866,0.6248548199767712,0.7144535904306561,0.7158774373259054,0.5324415476949398,0.534181240063593,0.7649016696831541,0.7661822985468956,0.6538282159915254,0.6561443066516346,0.8334187044226938,0.8343868520859671,0.7338909323631322,0.7352537722908093,0.7380729984164796,0.7394270122783082
134,0.622411085674866,0.6248548199767712,0.7144535904306561,0.7158774373259054,0.5324415476949398,0.534181240063593,0.7931447848278467,0.7943078913324709,0.6538282159915254,0.6561443066516346,0.8334187044226938,0.8343868520859671,0.7338909323631322,0.7352537722908093,0.7380729984164796,0.7394270122783082
135,0.622411085674866,0.6248548199767712,0.7144535904306561,0.7158774373259054,0.5324415476949398,0.534181240063593,0.7616207638108786,0.7629139072847683,0.6538282159915254,0.6561443066516346,0.8334187044226938,0.8343868520859671,0.7338909323631322,0.7352537722908093,0.7363451277891204,0.7377049180327869
136,0.622411085674866,0.6248548199767712,0.7144535904306561,0.7158774373259054,0.5324415476949398,0.534181240063593,0.7936741560688125,0.7948387096774194,0.6538282159915254,0.6561443066516346,0.8323572983749441,0.8333333333333334,0.7338909323631322,0.7352537722908093,0.7363451277891204,0.7377049180327869
137,0.622411085674866,0.6248548199767712,0.7144535904306561,0.7158774373259054,0.5324415476949398,0.534181240063593,0.7632633681244305,0.7645502645502646,0.6538282159915254,0.6561443066516346,0.8348973393086571,0.8358585858585859,0.7338909323631322,0.7352537722908093,0.7363451277891204,0.7377049180327869
138,0.622411085674866,0.6248548199767712,0.7144535904306561,0.7158774373259054,0.5324415476949398,0.534181240063593,0.7947091189396958,0.7958656330749354,0.6538282159915254,0.6561443066516346,0.8319363567658065,0.8329113924050633,0.7338909323631322,0.7352537722908093,0.7373627002854094,0.7387140902872777
139,0.622411085674866,0.6248548199767712,0.7144535904306561,0.7158774373259054,0.5324415476949398,0.534181240063593,0.7659233302803358,0.7671957671957673,0.6538282159915254,0.6561443066516346,0.8298172574412311,0.8308080808080808,0.7338909323631322,0.7352537722908093,0.7373627002854094,0.7387140902872777
140,0.622411085674866,0.6248548199767712,0.7144535904306561,0.7158774373259054,0.5324415476949398,0.534181240063593,0.7889181108867187,0.7900912646675359,0.6538282159915254,0.6561443066516346,0.8312985474591037,0.832282471626734,0.7338909323631322,0.7352537722908093,0.7390915327079837,0.7404371584699454
141,0.622411085674866,0.6248548199767712,0.7144535904306561,0.7158774373259054,0.5599008225285901,0.561622464898596,0.7632633681244305,0.7645502645502646,0.6538282159915254,0.6561443066516346,0.8323572983749441,0.8333333333333334,0.7338909323631322,0.7352537722908093,0.7373627002854094,0.7387140902872777
142,0.622411085674866,0.6248548199767712,0.7144535904306561,0.7158774373259054,0.5599008225285901,0.561622464898596,0.7967870211421956,0.7979274611398963,0.6538282159915254,0.6561443066516346,0.8323572983749441,0.8333333333333334,0.7338909323631322,0.7352537722908093,0.7390915327079837,0.7404371584699454
143,0.622411085674866,0.6248548199767712,0.7144535904306561,0.7158774373259054,0.5599008225285901,0.561622464898596,0.7638826817960238,0.7651715039577837,0.6538282159915254,0.6561443066516346,0.8323572983749441,0.8333333333333334,0.7338909323631322,0.7352537722908093,0.7356291732199411,0.736986301369863
144,0.622411085674866,0.6248548199767712,0.7144535904306561,0.7158774373259054,0.5599008225285901,0.561622464898596,0.7889711373399724,0.7901554404145078,0.6538282159915254,0.6561443066516346,0.8323572983749441,0.8333333333333334,0.7338909323631322,0.7352537722908093,0.7373627002854094,0.7387140902872777
145,0.622411085674866,0.6248548199767712,0.7144535904306561,0.7158774373259054,0.5599008225285901,0.561622464898596,0.7606034059685252,0.7619047619047619,0.6538282159915254,0.6561443066516346,0.8331928872400851,0.8341708542713567,0.7338909323631322,0.7352537722908093,0.7356291732199411,0.736986301369863
146,0.622411085674866,0.6248548199767712,0.7144535904306561,0.7158774373259054,0.5599008225285901,0.561622464898596,0.7952338154466463,0.7963917525773195,0.6538282159915254,0.6561443066516346,0.8342500387892315,0.8352201257861634,0.7338909323631322,0.7352537722908093,0.7356291732199411,0.736986301369863
147,0.622411085674866,0.6248548199767712,0.7144535904306561,0.7158774373259054,0.5599008225285901,0.561622464898596,0.7604566432157687,0.7617801047120419,0.6538282159915254,0.6561443066516346,0.8357202677364475,0.8366834170854272,0.7338909323631322,0.7352537722908093,0.7356291732199411,0.736986301369863
148,0.622411085674866,0.6248548199767712,0.7144535904306561,0.7158774373259054,0.5599008225285901,0.561622464898596,0.7952213355851412,0.7963683527885863,0.6538282159915254,0.6561443066516346,0.8367805725481745,0.8377358490566038,0.7338909323631322,0.7352537722908093,0.7346125714925864,0.7359781121751026
149,0.622411085674866,0.6248548199767712,0.7144535904306561,0.7158774373259054,0.5599008225285901,0.561622464898596,0.7630395362936487,0.7643142476697736,0.6538282159915254,0.6561443066516346,0.8386497607673364,0.8395989974937343,0.7338909323631322,0.7352537722908093,0.7356291732199411,0.736986301369863
150,0.622411085674866,0.6248548199767712,0.7144535904306561,0.7158774373259054,0.5599008225285901,0.561622464898596,0.7936516174211693,0.7948051948051947,0.6538282159915254,0.6561443066516346,0.8401090520755619,0.8410513141426783,0.7338909323631322,0.7352537722908093,0.7390915327079837,0.7404371584699454
151,0.622411085674866,0.6248548199767712,0.7144535904306561,0.7158774373259054,0.5599008225285901,0.561622464898596,0.7616207638108786,0.7629139072847683,0.6538282159915254,0.6561443066516346,0.8401090520755619,0.8410513141426783,0.7338909323631322,0.7352537722908093,0.7380729984164796,0.7394270122783082
152,0.622411085674866,0.6248548199767712,0.7144535904306561,0.7158774373259054,0.5599008225285901,0.561622464898596,0.7915764319407135,0.7927461139896372,0.6538282159915254,0.6561443066516346,0.8401090520755619,0.8410513141426783,0.7338909323631322,0.7352537722908093,0.7346125714925864,0.7359781121751026
153,0.622411085674866,0.6248548199767712,0.7144535904306561,0.7158774373259054,0.5599008225285901,0.561622464898596,0.7606034059685252,0.7619047619047619,0.6538282159915254,0.6561443066516346,0.8401090520755619,0.8410513141426783,0.7338909323631322,0.7352537722908093,0.7363451277891204,0.7377049180327869
154,0.622411085674866,0.6248548199767712,0.7144535904306561,0.7158774373259054,0.5599008225285901,0.561622464898596,0.7868471051649901,0.788036410923277,0.6538282159915254,0.6561443066516346,0.8430167918332451,0.8439450686641697,0.7338909323631322,0.7352537722908093,0.7363451277891204,0.7377049180327869
155,0.622411085674866,0.6248548199767712,0.7144535904306561,0.7158774373259054,0.6504592443011922,0.652046783625731,0.7612296782206982,0.7625329815303429,0.6538282159915254,0.6561443066516346,0.8401090520755619,0.8410513141426783,0.7338909323631322,0.7352537722908093,0.7380729984164796,0.7394270122783082
156,0.622411085674866,0.6248548199767712,0.7144535904306561,0.7158774373259054,0.5324415476949398,0.534181240063593,0.7936741560688125,0.7948387096774194,0.6538282159915254,0.6561443066516346,0.8430167918332451,0.8439450686641697,0.7338909323631322,0.7352537722908093,0.7380729984164796,0.7394270122783082
157,0.622411085674866,0.6248548199767712,0.7144535904306561,0.7158774373259054,0.5324415476949398,0.534181240063593,0.7858156028928593,0.787012987012987,0.6538282159915254,0.6561443066516346,0.8430167918332451,0.8439450686641697,0.7338909323631322,0.7352537722908093,0.7346125714925864,0.7359781121751026
158,0.622411085674866,0.6248548199767712,0.7144535904306561,0.7158774373259054,0.5324415476949398,0.534181240063593,0.787395399365465,0.7885862516212709,0.6538282159915254,0.6561443066516346,0.8401090520755619,0.8410513141426783,0.7338909323631322,0.7352537722908093,0.7346125714925864,0.7359781121751026
159,0.622411085674866,0.6248548199767712,0.7144535904306561,0.7158774373259054,0.5324415476949398,0.534181240063593,0.7632633681244305,0.7645502645502646,0.6538282159915254,0.6561443066516346,0.8434046379484187,0.8443337484433375,0.7338909323631322,0.7352537722908093,0.7346125714925864,0.7359781121751026
160,0.622411085674866,0.6248548199767712,0.7144535904306561,0.7158774373259054,0.5324415476949398,0.534181240063593,0.7863658427392313,0.7875647668393783,0.6538282159915254,0.6561443066516346,0.8423466259727399,0.8432835820895522,0.7338909323631322,0.7352537722908093,0.7356291732199411,0.736986301369863
161,0.622411085674866,0.6248548199767712,0.7144535904306561,0.7158774373259054,0.5324415476949398,0.534181240063593,0.7632633681244305,0.7645502645502646,0.6538282159915254,0.6561443066516346,0.8448490604811092,0.845771144278607,0.7338909323631322,0.7352537722908093,0.7390915327079837,0.7404371584699454
162,0.622411085674866,0.6248548199767712,0.7144535904306561,0.7158774373259054,0.5324415476949398,0.534181240063593,0.7889711373399724,0.7901554404145078,0.6538282159915254,0.6561443066516346,0.8434046379484187,0.8443337484433375,0.7338909323631322,0.7352537722908093,0.7373627002854094,0.7387140902872777
163,0.622411085674866,0.6248548199767712,0.7144535904306561,0.7158774373259054,0.5324415476949398,0.534181240063593,0.7622451913744891,0.7635402906208718,0.6538282159915254,0.6561443066516346,0.8427346896763175,0.8436724565756822,0.7304002321596033,0.7317744154057771,0.7363451277891204,0.7377049180327869
164,0.622411085674866,0.6248548199767712,0.7144535904306561,0.7158774373259054,0.5324415476949398,0.534181240063593,0.7884276077356294,0.7896103896103897,0.6538282159915254,0.6561443066516346,0.8412912215022117,0.8422360248447205,0.7321479584622576,0.7335164835164836,0.7363451277891204,0.7377049180327869
165,0.622411085674866,0.6248548199767712,0.7144535904306561,0.7158774373259054,0.5324415476949398,0.534181240063593,0.7616207638108786,0.7629139072847683,0.6538282159915254,0.6561443066516346,0.8437905723446966,0.84472049689441,0.7338909323631322,0.7352537722908093,0.7363451277891204,0.7377049180327869
166,0.622411085674866,0.6248548199767712,0.7144535904306561,0.7158774373259054,0.5324415476949398,0.534181240063593,0.7931447848278467,0.7943078913324709,0.6538282159915254,0.6561443066516346,0.8437905723446966,0.84472049689441,0.7338909323631322,0.7352537722908093,0.7363451277891204,0.7377049180327869
167,0.622411085674866,0.6248548199767712,0.7144535904306561,0.7158774373259054,0.5324415476949398,0.534181240063593,0.7616207638108786,0.7629139072847683,0.6538282159915254,0.6561443066516346,0.8448490604811092,0.845771144278607,0.7338909323631322,0.7352537722908093,0.7346125714925864,0.7359781121751026
168,0.622411085674866,0.6248548199767712,0.7144535904306561,0.7158774373259054,0.5324415476949398,0.534181240063593,0.787395399365465,0.7885862516212709,0.6538282159915254,0.6561443066516346,0.8462899231871814,0.8472049689440994,0.7321479584622576,0.7335164835164836,0.7363451277891204,0.7377049180327869
169,0.622411085674866,0.6248548199767712,0.7144535904306561,0.7158774373259054,0.5324415476949398,0.534181240063593,0.7620149429722791,0.7632978723404256,0.6538282159915254,0.6561443066516346,0.8448490604811092,0.845771144278607,0.7321479584622576,0.7335164835164836,0.7346125714925864,0.7359781121751026
170,0.622411085674866,0.6248548199767712,0.7144535904306561,0.7158774373259054,0.5324415476949398,0.534181240063593,0.7910396125783993,0.7922077922077922,0.6538282159915254,0.6561443066516346,0.8423466259727399,0.8432835820895522,0.7321479584622576,0.7335164835164836,0.7363451277891204,0.7377049180327869
171,0.622411085674866,0.6248548199767712,0.7144535904306561,0.7158774373259054,0.5324415476949398,0.534181240063593,0.7613857796866057,0.7626666666666666,0.6538282159915254,0.6561443066516346,0.84523096444336,0.8461538461538461,0.7321479584622576,0.7335164835164836,0.7363451277891204,0.7377049180327869
172,0.622411085674866,0.6248548199767712,0.7144535904306561,0.7158774373259054,0.5324415476949398,0.534181240063593,0.7889181108867187,0.7900912646675359,0.6538282159915254,0.6561443066516346,0.8462899231871814,0.8472049689440994,0.7321479584622576,0.7335164835164836,0.7380729984164796,0.7394270122783082
173,0.622411085674866,0.6248548199767712,0.7144535904306561,0.7158774373259054,0.5324415476949398,0.534181240063593,0.7613857796866057,0.7626666666666666,0.6538282159915254,0.6561443066516346,0.8477272392104026,0.8486352357320098,0.7338909323631322,0.7352537722908093,0.7390915327079837,0.7404371584699454
174,0.622411085674866,0.6248548199767712,0.7144535904306561,0.7158774373259054,0.5324415476949398,0.534181240063593,0.8030097465056344,0.8041237113402061,0.6538282159915254,0.6561443066516346,0.8477272392104026,0.8486352357320098,0.7338909323631322,0.7352537722908093,0.7356291732199411,0.736986301369863
175,0.622411085674866,0.6248548199767712,0.7144535904306561,0.7158774373259054,0.5324415476949398,0.534181240063593,0.7630395362936487,0.7643142476697736,0.6538282159915254,0.6561443066516346,0.8487892740296662,0.8496894409937887,0.7321479584622576,0.7335164835164836,0.7363451277891204,0.7377049180327869
176,0.622411085674866,0.6248548199767712,0.7144535904306561,0.7158774373259054,0.5324415476949398,0.534181240063593,0.7910396125783993,0.7922077922077922,0.6538282159915254,0.6561443066516346,0.8477272392104026,0.8486352357320098,0.7311333254446153,0.7325102880658436,0.7380729984164796,0.7394270122783082
177,0.622411085674866,0.6248548199767712,0.7144535904306561,0.7158774373259054,0.5324415476949398,0.534181240063593,0.7616207638108786,0.7629139072847683,0.6538282159915254,0.6561443066516346,0.8477272392104026,0.8486352357320098,0.7311333254446153,0.7325102880658436,0.7363451277891204,0.7377049180327869
178,0.622411085674866,0.6248548199767712,0.7144535904306561,0.7158774373259054,0.5324415476949398,0.534181240063593,0.7873321054891316,0.7885117493472584,0.6538282159915254,0.6561443066516346,0.8487892740296662,0.8496894409937887,0.7328753104409822,0.7342465753424658,0.7363451277891204,0.7377049180327869
179,0.622411085674866,0.6248548199767712,0.7144535904306561,0.7158774373259054,0.5324415476949398,0.534181240063593,0.7613857796866057,0.7626666666666666,0.6538282159915254,0.6561443066516346,0.8462899231871814,0.8472049689440994,0.7328753104409822,0.7342465753424658,0.7363451277891204,0.7377049180327869
180,0.622411085674866,0.6248548199767712,0.7144535904306561,0.7158774373259054,0.5324415476949398,0.534181240063593,0.7942008247568488,0.7953667953667953,0.6538282159915254,0.6561443066516346,0.845910163741244,0.846824408468244,0.7328753104409822,0.7342465753424658,0.7363451277891204,0.7377049180327869
181,0.622411085674866,0.6248548199767712,0.7144535904306561,0.7158774373259054,0.5324415476949398,0.534181240063593,0.7599738397693935,0.7612732095490716,0.6538282159915254,0.6561443066516346,0.8487892740296662,0.8496894409937887,0.7328753104409822,0.7342465753424658,0.7363451277891204,0.7377049180327869
182,0.622411085674866,0.6248548199767712,0.7144535904306561,0.7158774373259054,0.5324415476949398,0.534181240063593,0.8040115877445835,0.8051282051282052,0.6538282159915254,0.6561443066516346,0.8487892740296662,0.8496894409937887,0.7328753104409822,0.7342465753424658,0.7373627002854094,0.7387140902872777
183,0.622411085674866,0.6248548199767712,0.7144535904306561,0.7158774373259054,0.5324415476949398,0.534181240063593,0.7579434438126199,0.7592592592592593,0.6538282159915254,0.6561443066516346,0.8484732054726325,0.8493827160493826,0.7328753104409822,0.7342465753424658,0.7356291732199411,0.736986301369863
184,0.622411085674866,0.6248548199767712,0.7144535904306561,0.7158774373259054,0.5324415476949398,0.534181240063593,0.7952338154466463,0.7963917525773195,0.6538282159915254,0.6561443066516346,0.8495309458494608,0.8504326328800988,0.7328753104409822,0.7342465753424658,0.7363451277891204,0.7377049180327869
185,0.622411085674866,0.6248548199767712,0.7144535904306561,0.7158774373259054,0.5324415476949398,0.534181240063593,0.7595887130658242,0.7608982826948482,0.6538282159915254,0.6561443066516346,0.8491610216299129,0.8500619578686494,0.7328753104409822,0.7342465753424658,0.7346125714925864,0.7359781121751026
186,0.622411085674866,0.6248548199767712,0.7144535904306561,0.7158774373259054,0.5324415476949398,0.534181240063593,0.8075690365174175,0.8086734693877552,0.6538282159915254,0.6561443066516346,0.8428405202336262,0.8437884378843789,0.7338909323631322,0.7352537722908093,0.7363451277891204,0.7377049180327869
187,0.622411085674866,0.6248548199767712,0.7144535904306561,0.7158774373259054,0.5324415476949398,0.534181240063593,0.7599738397693935,0.7612732095490716,0.6538282159915254,0.6561443066516346,0.8477272392104026,0.8486352357320098,0.7328753104409822,0.7342465753424658,0.7363451277891204,0.7377049180327869
188,0.622411085674866,0.6248548199767712,0.7144535904306561,0.7158774373259054,0.5324415476949398,0.534181240063593,0.8060408047419448,0.8071519795657727,0.6538282159915254,0.6561443066516346,0.8466678153758619,0.8475836431226765,0.7328753104409822,0.7342465753424658,0.7363451277891204,0.7377049180327869
189,0.622411085674866,0.6248548199767712,0.7144535904306561,0.7158774373259054,0.5324415476949398,0.534181240063593,0.7579434438126199,0.7592592592592593,0.6538282159915254,0.6561443066516346,0.8487892740296662,0.8496894409937887,0.7328753104409822,0.7342465753424658,0.7363451277891204,0.7377049180327869
190,0.622411085674866,0.6248548199767712,0.7144535904306561,0.7158774373259054,0.5324415476949398,0.534181240063593,0.8192042625813979,0.820253164556962,0.6538282159915254,0.6561443066516346,0.8462899231871814,0.8472049689440994,0.7328753104409822,0.7342465753424658,0.7373627002854094,0.7387140902872777
191,0.622411085674866,0.6248548199767712,0.7144535904306561,0.7158774373259054,0.5324415476949398,0.534181240063593,0.7613857796866057,0.7626666666666666,0.6538282159915254,0.6561443066516346,0.8477272392104026,0.8486352357320098,0.7328753104409822,0.7342465753424658,0.7363451277891204,0.7377049180327869
192,0.622411085674866,0.6248548199767712,0.7144535904306561,0.7158774373259054,0.5324415476949398,0.534181240063593,0.8055482180017755,0.8066581306017926,0.6538282159915254,0.6561443066516346,0.8477272392104026,0.8486352357320098,0.7328753104409822,0.7342465753424658,0.7346125714925864,0.7359781121751026
193,0.622411085674866,0.6248548199767712,0.7144535904306561,0.7158774373259054,0.5324415476949398,0.534181240063593,0.7602168182245806,0.761528326745718,0.6538282159915254,0.6561443066516346,0.8473514949894784,0.8482587064676617,0.7338909323631322,0.7352537722908093,0.7373627002854094,0.7387140902872777
194,0.622411085674866,0.6248548199767712,0.7144535904306561,0.7158774373259054,0.5324415476949398,0.534181240063593,0.8045086967284019,0.805626598465473,0.6538282159915254,0.6561443066516346,0.8481011381849654,0.8490099009900991,0.7328753104409822,0.7342465753424658,0.7356291732199411,0.736986301369863
195,0.622411085674866,0.6248548199767712,0.7144535904306561,0.7158774373259054,0.5324415476949398,0.534181240063593,0.7622451913744891,0.7635402906208718,0.6538282159915254,0.6561443066516346,0.8445567622411785,0.8454882571075402,0.7311333254446153,0.7325102880658436,0.7363451277891204,0.7377049180327869
196,0.622411085674866,0.6248548199767712,0.7144535904306561,0.7158774373259054,0.5324415476949398,0.534181240063593,0.8014327928464859,0.8025641025641026,0.6538282159915254,0.6561443066516346,0.8445567622411785,0.8454882571075402,0.7328753104409822,0.7342465753424658,0.7363451277891204,0.7377049180327869
197,0.622411085674866,0.6248548199767712,0.7144535904306561,0.7158774373259054,0.5324415476949398,0.534181240063593,0.7626407971052891,0.7639257294429709,0.6538282159915254,0.6561443066516346,0.8435051138487843,0.8444444444444444,0.7311333254446153,0.7325102880658436,0.7363451277891204,0.7377049180327869
198,0.622411085674866,0.6248548199767712,0.7144535904306561,0.7158774373259054,0.5324415476949398,0.534181240063593,0.8014327928464859,0.8025641025641026,0.6538282159915254,0.6561443066516346,0.8456109929093091,0.8465346534653465,0.7328753104409822,0.7342465753424658,0.7363451277891204,0.7377049180327869
199,0.622411085674866,0.6248548199767712,0.7144535904306561,0.7158774373259054,0.5324415476949398,0.534181240063593,0.7622451913744891,0.7635402906208718,0.6538282159915254,0.6561443066516346,0.8481011381849654,0.8490099009900991,0.7328753104409822,0.7342465753424658,0.7346125714925864,0.7359781121751026
200,0.622411085674866,0.6248548199767712,0.7144535904306561,0.7158774373259054,0.5324415476949398,0.534181240063593,0.7931447848278467,0.7943078913324709,0.6538282159915254,0.6561443066516346,0.8445567622411785,0.8454882571075402,0.7328753104409822,0.7342465753424658,0.7346125714925864,0.7359781121751026
