,Auto_Kappa,Auto_F1,IF_Kappa,IF_F1,OCSVM_Kappa,OCSVM_F1,Random_Kappa,Random_F1
0,0.328899513,0.329545455,0.328899513,0.329545455,0.328899513,0.329545455,0.328899513,0.329545455
1,0.328899513,0.329545455,0.328899513,0.329545455,0.328899513,0.329545455,0.328899513,0.329545455
2,0.328899513,0.329545455,0.328899513,0.329545455,0.319363856,0.32,0.328899513,0.329545455
3,0.328899513,0.329545455,0.299963469,0.300578035,0.309719135,0.310344828,0.328899513,0.329545455
4,0.338327945,0.338983051,0.319363856,0.32,0.328899513,0.329545455,0.328899513,0.329545455
5,0.328899513,0.329545455,0.328899513,0.329545455,0.328899513,0.329545455,0.309719135,0.310344828
6,0.328899513,0.329545455,0.328899513,0.329545455,0.328899513,0.329545455,0.290094931,0.290697674
7,0.328899513,0.329545455,0.328899513,0.329545455,0.328899513,0.329545455,0.328899513,0.329545455
8,0.328899513,0.329545455,0.299963469,0.300578035,0.328899513,0.329545455,0.328899513,0.329545455
9,0.328899513,0.329545455,0.626023412,0.626728111,0.328899513,0.329545455,0.328899513,0.329545455
10,0.328899513,0.329545455,0.692343993,0.692982456,0.328899513,0.329545455,0.328899513,0.329545455
11,0.328899513,0.329545455,0.692343993,0.692982456,0.328899513,0.329545455,0.328899513,0.329545455
12,0.328899513,0.329545455,0.709339299,0.70995671,0.328899513,0.329545455,0.328899513,0.329545455
13,0.328899513,0.329545455,0.709339299,0.70995671,0.328899513,0.329545455,0.328899513,0.329545455
14,0.328899513,0.329545455,0.686579443,0.68722467,0.319363856,0.32,0.328899513,0.329545455
15,0.328899513,0.329545455,0.650900887,0.65158371,0.328899513,0.329545455,0.328899513,0.329545455
16,0.328899513,0.329545455,0.638575299,0.639269406,0.309719135,0.310344828,0.328899513,0.329545455
17,0.328899513,0.329545455,0.638575299,0.639269406,0.309719135,0.310344828,0.299963469,0.300578035
18,0.328899513,0.329545455,0.638575299,0.639269406,0.328899513,0.329545455,0.309719135,0.310344828
19,0.328899513,0.329545455,0.626023412,0.626728111,0.328899513,0.329545455,0.299963469,0.300578035
20,0.319363856,0.32,0.650900887,0.65158371,0.328899513,0.329545455,0.290094931,0.290697674
21,0.328899513,0.329545455,0.593611777,0.594339623,0.328899513,0.329545455,0.290094931,0.290697674
22,0.328899513,0.329545455,0.593611777,0.594339623,0.328899513,0.329545455,0.328899513,0.329545455
23,0.309719135,0.310344828,0.593611777,0.594339623,0.328899513,0.329545455,0.319363856,0.32
24,0.328899513,0.329545455,0.626023412,0.626728111,0.309719135,0.310344828,0.328899513,0.329545455
25,0.299963469,0.300578035,0.593611777,0.594339623,0.299963469,0.300578035,0.299963469,0.300578035
26,0.299963469,0.300578035,0.626023412,0.626728111,0.328899513,0.329545455,0.319363856,0.32
27,0.299963469,0.300578035,0.593611777,0.594339623,0.328899513,0.329545455,0.319363856,0.32
28,0.290094931,0.290697674,0.626023412,0.626728111,0.319363856,0.32,0.328899513,0.329545455
29,0.299963469,0.300578035,0.580216739,0.580952381,0.328899513,0.329545455,0.328899513,0.329545455
30,0.299963469,0.300578035,0.58694587,0.587677725,0.328899513,0.329545455,0.328899513,0.329545455
31,0.290094931,0.290697674,0.580216739,0.580952381,0.328899513,0.329545455,0.328899513,0.329545455
32,0.299963469,0.300578035,0.58694587,0.587677725,0.328899513,0.329545455,0.319363856,0.32
33,0.299963469,0.300578035,0.580216739,0.580952381,0.319363856,0.32,0.319363856,0.32
34,0.299963469,0.300578035,0.573423478,0.574162679,0.328899513,0.329545455,0.328899513,0.329545455
35,0.290094931,0.290697674,0.580216739,0.580952381,0.328899513,0.329545455,0.290094931,0.290697674
36,0.299963469,0.300578035,0.580216739,0.580952381,0.328899513,0.329545455,0.309719135,0.310344828
37,0.299963469,0.300578035,0.58694587,0.587677725,0.319363856,0.32,0.328899513,0.329545455
38,0.299963469,0.300578035,0.580216739,0.580952381,0.319363856,0.32,0.328899513,0.329545455
39,0.290094931,0.290697674,0.58694587,0.587677725,0.328899513,0.329545455,0.299963469,0.300578035
40,0.299963469,0.300578035,0.580216739,0.580952381,0.328899513,0.329545455,0.319363856,0.32
41,0.290094931,0.290697674,0.580216739,0.580952381,0.319363856,0.32,0.328899513,0.329545455
42,0.290094931,0.290697674,0.580216739,0.580952381,0.319363856,0.32,0.290094931,0.290697674
43,0.299963469,0.300578035,0.580216739,0.580952381,0.319363856,0.32,0.319363856,0.32
44,0.299963469,0.300578035,0.531264368,0.532019704,0.328899513,0.329545455,0.319363856,0.32
45,0.290094931,0.290697674,0.580216739,0.580952381,0.319363856,0.32,0.319363856,0.32
46,0.290094931,0.290697674,0.580216739,0.580952381,0.328899513,0.329545455,0.328899513,0.329545455
47,0.299963469,0.300578035,0.580216739,0.580952381,0.319363856,0.32,0.328899513,0.329545455
48,0.299963469,0.300578035,0.580216739,0.580952381,0.338327945,0.338983051,0.238988574,0.239520958
49,0.299963469,0.300578035,0.606757448,0.607476636,0.319363856,0.32,0.328899513,0.329545455
50,0.299963469,0.300578035,0.566565168,0.567307692,0.319363856,0.32,0.328899513,0.329545455
51,0.299963469,0.300578035,0.552649625,0.553398058,0.328899513,0.329545455,0.299963469,0.300578035
52,0.299963469,0.300578035,0.559640869,0.560386473,0.328899513,0.329545455,0.290094931,0.290697674
53,0.299963469,0.300578035,0.552649625,0.553398058,0.328899513,0.329545455,0.309719135,0.310344828
54,0.299963469,0.300578035,0.559640869,0.560386473,0.328899513,0.329545455,0.309719135,0.310344828
55,0.299963469,0.300578035,0.552649625,0.553398058,0.328899513,0.329545455,0.309719135,0.310344828
56,0.299963469,0.300578035,0.552649625,0.553398058,0.328899513,0.329545455,0.319363856,0.32
57,0.299963469,0.300578035,0.552649625,0.553398058,0.328899513,0.329545455,0.309719135,0.310344828
58,0.290094931,0.290697674,0.538462379,0.539215686,0.328899513,0.329545455,0.328899513,0.329545455
59,0.290094931,0.290697674,0.552649625,0.553398058,0.328899513,0.329545455,0.290094931,0.290697674
60,0.290094931,0.290697674,0.552649625,0.553398058,0.319363856,0.32,0.299963469,0.300578035
61,0.290094931,0.290697674,0.509240312,0.51,0.319363856,0.32,0.319363856,0.32
62,0.299963469,0.300578035,0.5166544,0.517412935,0.338327945,0.338983051,0.280111552,0.280701754
63,0.299963469,0.300578035,0.455200045,0.455958549,0.328899513,0.329545455,0.299963469,0.300578035
64,0.290094931,0.290697674,0.54559046,0.546341463,0.290094931,0.290697674,0.280111552,0.280701754
65,0.299963469,0.300578035,0.455200045,0.455958549,0.319363856,0.32,0.319363856,0.32
66,0.299963469,0.300578035,0.494188443,0.494949495,0.290094931,0.290697674,0.328899513,0.329545455
67,0.299963469,0.300578035,0.559640869,0.560386473,0.328899513,0.329545455,0.265250914,0.265895954
68,0.299963469,0.300578035,0.559640869,0.560386473,0.299963469,0.300578035,0.315706679,0.316384181
69,0.290094931,0.290697674,0.559640869,0.560386473,0.290094931,0.290697674,0.285046067,0.285714286
70,0.299963469,0.300578035,0.552649625,0.553398058,0.309719135,0.310344828,0.255181567,0.255813953
71,0.299963469,0.300578035,0.566565168,0.567307692,0.290094931,0.290697674,0.275205092,0.275862069
72,0.290094931,0.290697674,0.552649625,0.553398058,0.319363856,0.32,0.255181567,0.255813953
73,0.290094931,0.290697674,0.559640869,0.560386473,0.309719135,0.310344828,0.285046067,0.285714286
74,0.299963469,0.300578035,0.54559046,0.546341463,0.328899513,0.329545455,0.285046067,0.285714286
75,0.290094931,0.290697674,0.54559046,0.546341463,0.328899513,0.329545455,0.265250914,0.265895954
76,0.299963469,0.300578035,0.54559046,0.546341463,0.238988574,0.239520958,0.323315698,0.324022346
77,0.299963469,0.300578035,0.54559046,0.546341463,0.299963469,0.300578035,0.285046067,0.285714286
78,0.290094931,0.290697674,0.559640869,0.560386473,0.299963469,0.300578035,0.285046067,0.285714286
79,0.290094931,0.290697674,0.559640869,0.560386473,0.238988574,0.239520958,0.265250914,0.265895954
80,0.290094931,0.290697674,0.566565168,0.567307692,0.270011315,0.270588235,0.332618613,0.333333333
81,0.290094931,0.290697674,0.54559046,0.546341463,0.238988574,0.239520958,0.332618613,0.333333333
82,0.290094931,0.290697674,0.54559046,0.546341463,0.280111552,0.280701754,0.323315698,0.324022346
83,0.299963469,0.300578035,0.54559046,0.546341463,0.280111552,0.280701754,0.31390876,0.314606742
84,0.299963469,0.300578035,0.54559046,0.546341463,0.319363856,0.32,0.285046067,0.285714286
85,0.290094931,0.290697674,0.566565168,0.567307692,0.290094931,0.290697674,0.323315698,0.324022346
86,0.299963469,0.300578035,0.559640869,0.560386473,0.328899513,0.329545455,0.332618613,0.333333333
87,0.290094931,0.290697674,0.559640869,0.560386473,0.328899513,0.329545455,0.244995043,0.245614035
88,0.290094931,0.290697674,0.478830741,0.479591837,0.290094931,0.290697674,0.294775759,0.295454545
89,0.299963469,0.300578035,0.494188443,0.494949495,0.328899513,0.329545455,0.323315698,0.324022346
90,0.299963469,0.300578035,0.478830741,0.479591837,0.328899513,0.329545455,0.31390876,0.314606742
91,0.299963469,0.300578035,0.523995393,0.524752475,0.259792157,0.26035503,0.323315698,0.324022346
92,0.299963469,0.300578035,0.54559046,0.546341463,0.290094931,0.290697674,0.332618613,0.333333333
93,0.290094931,0.290697674,0.471034275,0.471794872,0.259792157,0.26035503,0.285046067,0.285714286
94,0.290094931,0.290697674,0.501752033,0.502512563,0.299963469,0.300578035,0.323315698,0.324022346
95,0.290094931,0.290697674,0.439035701,0.439790576,0.280111552,0.280701754,0.294775759,0.295454545
96,0.299963469,0.300578035,0.538462379,0.539215686,0.319363856,0.32,0.294775759,0.295454545
97,0.299963469,0.300578035,0.538462379,0.539215686,0.280111552,0.280701754,0.285046067,0.285714286
98,0.299963469,0.300578035,0.5166544,0.517412935,0.319363856,0.32,0.234689282,0.235294118
99,0.299963469,0.300578035,0.447159779,0.447916667,0.280111552,0.280701754,0.304396045,0.305084746
100,0.299963469,0.300578035,0.538462379,0.539215686,0.270011315,0.270588235,0.294775759,0.295454545
101,0.290094931,0.290697674,0.463157789,0.463917526,0.309719135,0.310344828,0.332618613,0.333333333
102,0.290094931,0.290697674,0.439035701,0.439790576,0.328899513,0.329545455,0.285046067,0.285714286
103,0.299963469,0.300578035,0.455200045,0.455958549,0.328899513,0.329545455,0.304396045,0.305084746
104,0.290094931,0.290697674,0.538462379,0.539215686,0.299963469,0.300578035,0.304396045,0.305084746
105,0.299963469,0.300578035,0.552649625,0.553398058,0.280111552,0.280701754,0.323315698,0.324022346
106,0.299963469,0.300578035,0.559640869,0.560386473,0.290094931,0.290697674,0.275205092,0.275862069
107,0.299963469,0.300578035,0.54559046,0.546341463,0.299963469,0.300578035,0.334500562,0.335195531
108,0.299963469,0.300578035,0.538462379,0.539215686,0.249451964,0.25,0.343741636,0.344444444
109,0.299963469,0.300578035,0.54559046,0.546341463,0.280111552,0.280701754,0.306150344,0.306818182
110,0.299963469,0.300578035,0.559640869,0.560386473,0.299963469,0.300578035,0.285046067,0.285714286
111,0.290094931,0.290697674,0.447159779,0.447916667,0.270011315,0.270588235,0.294775759,0.295454545
112,0.290094931,0.290697674,0.501752033,0.502512563,0.299963469,0.300578035,0.325156157,0.325842697
113,0.299963469,0.300578035,0.54559046,0.546341463,0.328899513,0.329545455,0.29648533,0.297142857
114,0.299963469,0.300578035,0.447159779,0.447916667,0.259792157,0.26035503,0.304396045,0.305084746
115,0.299963469,0.300578035,0.439035701,0.439790576,0.280111552,0.280701754,0.315706679,0.316384181
116,0.338327945,0.338983051,0.439035701,0.439790576,0.319363856,0.32,0.315706679,0.316384181
117,0.328899513,0.329545455,0.439035701,0.439790576,0.319363856,0.32,0.315706679,0.316384181
118,0.328899513,0.329545455,0.531264368,0.532019704,0.319363856,0.32,0.306150344,0.306818182
119,0.328899513,0.329545455,0.531264368,0.532019704,0.259792157,0.26035503,0.334500562,0.335195531
120,0.309719135,0.310344828,0.447159779,0.447916667,0.270011315,0.270588235,0.315706679,0.316384181
121,0.328899513,0.329545455,0.439035701,0.439790576,0.238988574,0.239520958,0.397111032,0.397849462
122,0.328899513,0.329545455,0.439035701,0.439790576,0.259792157,0.26035503,0.352881084,0.35359116
123,0.328899513,0.329545455,0.509240312,0.51,0.280111552,0.280701754,0.334500562,0.335195531
124,0.338327945,0.338983051,0.439035701,0.439790576,0.238988574,0.239520958,0.306150344,0.306818182
125,0.328899513,0.329545455,0.559640869,0.560386473,0.259792157,0.26035503,0.315706679,0.316384181
126,0.328899513,0.329545455,0.447159779,0.447916667,0.238988574,0.239520958,0.379706161,0.380434783
127,0.328899513,0.329545455,0.447159779,0.447916667,0.280111552,0.280701754,0.370861733,0.371584699
128,0.328899513,0.329545455,0.439035701,0.439790576,0.259792157,0.26035503,0.304396045,0.305084746
129,0.328899513,0.329545455,0.447159779,0.447916667,0.280111552,0.280701754,0.304396045,0.305084746
130,0.328899513,0.329545455,0.463157789,0.463917526,0.280111552,0.280701754,0.294775759,0.295454545
131,0.328899513,0.329545455,0.439035701,0.439790576,0.280111552,0.280701754,0.29648533,0.297142857
132,0.309719135,0.310344828,0.439035701,0.439790576,0.249451964,0.25,0.323315698,0.324022346
133,0.328899513,0.329545455,0.455200045,0.455958549,0.319363856,0.32,0.386345158,0.387096774
134,0.328899513,0.329545455,0.463157789,0.463917526,0.280111552,0.280701754,0.361920573,0.362637363
135,0.328899513,0.329545455,0.52864243,0.529411765,0.290094931,0.290697674,0.368823813,0.369565217
136,0.328899513,0.329545455,0.52864243,0.529411765,0.270011315,0.270588235,0.294775759,0.295454545
137,0.328899513,0.329545455,0.535818212,0.536585366,0.290094931,0.290697674,0.386345158,0.387096774
138,0.338327945,0.338983051,0.535818212,0.536585366,0.249451964,0.25,0.368823813,0.369565217
139,0.338327945,0.338983051,0.535818212,0.536585366,0.309719135,0.310344828,0.352881084,0.35359116
140,0.338327945,0.338983051,0.535818212,0.536585366,0.328899513,0.329545455,0.29648533,0.297142857
141,0.309719135,0.310344828,0.52864243,0.529411765,0.328899513,0.329545455,0.29648533,0.297142857
142,0.338327945,0.338983051,0.52864243,0.529411765,0.328899513,0.329545455,0.285046067,0.285714286
143,0.319363856,0.32,0.535818212,0.536585366,0.309719135,0.310344828,0.306150344,0.306818182
144,0.328899513,0.329545455,0.52864243,0.529411765,0.238988574,0.239520958,0.29648533,0.297142857
145,0.290094931,0.290697674,0.52864243,0.529411765,0.309719135,0.310344828,0.29648533,0.297142857
146,0.328899513,0.329545455,0.460763096,0.461538462,0.328899513,0.329545455,0.294775759,0.295454545
147,0.328899513,0.329545455,0.460763096,0.461538462,0.238988574,0.239520958,0.29648533,0.297142857
148,0.328899513,0.329545455,0.52864243,0.529411765,0.249451964,0.25,0.294775759,0.295454545
149,0.319363856,0.32,0.484072212,0.484848485,0.319363856,0.32,0.294775759,0.295454545
150,0.319363856,0.32,0.514078631,0.514851485,0.319363856,0.32,0.294775759,0.295454545
151,0.328899513,0.329545455,0.52864243,0.529411765,0.249451964,0.25,0.306150344,0.306818182
152,0.319363856,0.32,0.484072212,0.484848485,0.299963469,0.300578035,0.352881084,0.35359116
153,0.328899513,0.329545455,0.514078631,0.514851485,0.299963469,0.300578035,0.29648533,0.297142857
154,0.328899513,0.329545455,0.436728832,0.4375,0.299963469,0.300578035,0.430826493,0.431578947
155,0.319363856,0.32,0.4528339,0.453608247,0.238988574,0.239520958,0.447159779,0.447916667
156,0.328899513,0.329545455,0.549962647,0.550724638,0.249451964,0.25,0.439035701,0.439790576
157,0.319363856,0.32,0.52864243,0.529411765,0.238988574,0.239520958,0.422530811,0.423280423
158,0.328899513,0.329545455,0.535818212,0.536585366,0.309719135,0.310344828,0.447159779,0.447916667
159,0.328899513,0.329545455,0.535818212,0.536585366,0.309719135,0.310344828,0.388455418,0.389189189
160,0.328899513,0.329545455,0.535818212,0.536585366,0.238988574,0.239520958,0.41414728,0.414893617
161,0.328899513,0.329545455,0.535818212,0.536585366,0.259792157,0.26035503,0.447159779,0.447916667
162,0.319363856,0.32,0.52864243,0.529411765,0.259792157,0.26035503,0.430826493,0.431578947
163,0.328899513,0.329545455,0.514078631,0.514851485,0.280111552,0.280701754,0.504161868,0.504950495
164,0.290094931,0.290697674,0.444822903,0.445595855,0.290094931,0.290697674,0.368823813,0.369565217
165,0.319363856,0.32,0.444822903,0.445595855,0.280111552,0.280701754,0.439035701,0.439790576
166,0.319363856,0.32,0.4528339,0.453608247,0.319363856,0.32,0.430826493,0.431578947
167,0.309719135,0.310344828,0.444822903,0.445595855,0.280111552,0.280701754,0.430826493,0.431578947
168,0.319363856,0.32,0.428550387,0.429319372,0.280111552,0.280701754,0.447159779,0.447916667
169,0.319363856,0.32,0.444822903,0.445595855,0.280111552,0.280701754,0.430826493,0.431578947
170,0.319363856,0.32,0.428550387,0.429319372,0.270011315,0.270588235,0.397111032,0.397849462
171,0.290094931,0.290697674,0.428550387,0.429319372,0.309719135,0.310344828,0.447159779,0.447916667
172,0.319363856,0.32,0.436728832,0.4375,0.270011315,0.270588235,0.343741636,0.344444444
173,0.328899513,0.329545455,0.484072212,0.484848485,0.270011315,0.270588235,0.306150344,0.306818182
174,0.290094931,0.290697674,0.428550387,0.429319372,0.249451964,0.25,0.332618613,0.333333333
175,0.290094931,0.290697674,0.444822903,0.445595855,0.238988574,0.239520958,0.325156157,0.325842697
176,0.290094931,0.290697674,0.436728832,0.4375,0.259792157,0.26035503,0.388455418,0.389189189
177,0.299963469,0.300578035,0.436728832,0.4375,0.238988574,0.239520958,0.370861733,0.371584699
178,0.299963469,0.300578035,0.439035701,0.439790576,0.238988574,0.239520958,0.379706161,0.380434783
179,0.290094931,0.290697674,0.447159779,0.447916667,0.309719135,0.310344828,0.397111032,0.397849462
180,0.299963469,0.300578035,0.439035701,0.439790576,0.270011315,0.270588235,0.325156157,0.325842697
181,0.299963469,0.300578035,0.439035701,0.439790576,0.249451964,0.25,0.315706679,0.316384181
182,0.299963469,0.300578035,0.447159779,0.447916667,0.238988574,0.239520958,0.306150344,0.306818182
183,0.299963469,0.300578035,0.538462379,0.539215686,0.328899513,0.329545455,0.306150344,0.306818182
184,0.290094931,0.290697674,0.422530811,0.423280423,0.259792157,0.26035503,0.29648533,0.297142857
185,0.259792157,0.26035503,0.439035701,0.439790576,0.238988574,0.239520958,0.343741636,0.344444444
186,0.309719135,0.310344828,0.430826493,0.431578947,0.238988574,0.239520958,0.352881084,0.35359116
187,0.299963469,0.300578035,0.439035701,0.439790576,0.328899513,0.329545455,0.397111032,0.397849462
188,0.290094931,0.290697674,0.439035701,0.439790576,0.328899513,0.329545455,0.334500562,0.335195531
189,0.319363856,0.32,0.430826493,0.431578947,0.328899513,0.329545455,0.430826493,0.431578947
190,0.309719135,0.310344828,0.422530811,0.423280423,0.328899513,0.329545455,0.397111032,0.397849462
191,0.290094931,0.290697674,0.430826493,0.431578947,0.328899513,0.329545455,0.422530811,0.423280423
192,0.328899513,0.329545455,0.430826493,0.431578947,0.319363856,0.32,0.388455418,0.389189189
193,0.328899513,0.329545455,0.430826493,0.431578947,0.309719135,0.310344828,0.370861733,0.371584699
194,0.338327945,0.338983051,0.439035701,0.439790576,0.309719135,0.310344828,0.29648533,0.297142857
195,0.309719135,0.310344828,0.447159779,0.447916667,0.328899513,0.329545455,0.29648533,0.297142857
196,0.309719135,0.310344828,0.439035701,0.439790576,0.249451964,0.25,0.29648533,0.297142857
197,0.319363856,0.32,0.494188443,0.494949495,0.299963469,0.300578035,0.29648533,0.297142857
198,0.328899513,0.329545455,0.439035701,0.439790576,0.290094931,0.290697674,0.361920573,0.362637363
199,0.328899513,0.329545455,0.422530811,0.423280423,0.328899513,0.329545455,0.29648533,0.297142857
200,0.328899513,0.329545455,0.439035701,0.439790576,0.270011315,0.270588235,0.352881084,0.35359116
201,0.338327945,0.338983051,0.430826493,0.431578947,0.259792157,0.26035503,0.361920573,0.362637363
202,0.338327945,0.338983051,0.422530811,0.423280423,0.338327945,0.338983051,0.29648533,0.297142857
203,0.338327945,0.338983051,0.422530811,0.423280423,0.338327945,0.338983051,0.361920573,0.362637363
204,0.338327945,0.338983051,0.439035701,0.439790576,0.319363856,0.32,0.29648533,0.297142857
205,0.338327945,0.338983051,0.422530811,0.423280423,0.259792157,0.26035503,0.294775759,0.295454545
206,0.338327945,0.338983051,0.430826493,0.431578947,0.328899513,0.329545455,0.325156157,0.325842697
207,0.328899513,0.329545455,0.422530811,0.423280423,0.290094931,0.290697674,0.29648533,0.297142857
208,0.328899513,0.329545455,0.422530811,0.423280423,0.338327945,0.338983051,0.29648533,0.297142857
209,0.328899513,0.329545455,0.430826493,0.431578947,0.338327945,0.338983051,0.294775759,0.295454545
210,0.328899513,0.329545455,0.422530811,0.423280423,0.338327945,0.338983051,0.294775759,0.295454545
211,0.338327945,0.338983051,0.422530811,0.423280423,0.328899513,0.329545455,0.294775759,0.295454545
212,0.338327945,0.338983051,0.422530811,0.423280423,0.338327945,0.338983051,0.29648533,0.297142857
213,0.338327945,0.338983051,0.439035701,0.439790576,0.338327945,0.338983051,0.29648533,0.297142857
214,0.328899513,0.329545455,0.422530811,0.423280423,0.347650952,0.348314607,0.29648533,0.297142857
215,0.328899513,0.329545455,0.430826493,0.431578947,0.347650952,0.348314607,0.286709773,0.287356322
216,0.328899513,0.329545455,0.439035701,0.439790576,0.338327945,0.338983051,0.294775759,0.295454545
217,0.338327945,0.338983051,0.430826493,0.431578947,0.338327945,0.338983051,0.285046067,0.285714286
218,0.338327945,0.338983051,0.439035701,0.439790576,0.338327945,0.338983051,0.29648533,0.297142857
219,0.280111552,0.280701754,0.430826493,0.431578947,0.338327945,0.338983051,0.29648533,0.297142857
220,0.319363856,0.32,0.422530811,0.423280423,0.347650952,0.348314607,0.294775759,0.295454545
221,0.319363856,0.32,0.422530811,0.423280423,0.338327945,0.338983051,0.294775759,0.295454545
222,0.347650952,0.348314607,0.422530811,0.423280423,0.338327945,0.338983051,0.285046067,0.285714286
223,0.338327945,0.338983051,0.422530811,0.423280423,0.365987683,0.366666667,0.285046067,0.285714286
224,0.309719135,0.310344828,0.422530811,0.423280423,0.338327945,0.338983051,0.294775759,0.295454545
225,0.328899513,0.329545455,0.439035701,0.439790576,0.328899513,0.329545455,0.294775759,0.295454545
226,0.328899513,0.329545455,0.422530811,0.423280423,0.328899513,0.329545455,0.294775759,0.295454545
227,0.338327945,0.338983051,0.422530811,0.423280423,0.347650952,0.348314607,0.29648533,0.297142857
228,0.347650952,0.348314607,0.430826493,0.431578947,0.338327945,0.338983051,0.286709773,0.287356322
229,0.309719135,0.310344828,0.430826493,0.431578947,0.309719135,0.310344828,0.29648533,0.297142857
230,0.299963469,0.300578035,0.422530811,0.423280423,0.328899513,0.329545455,0.294775759,0.295454545
231,0.328899513,0.329545455,0.422530811,0.423280423,0.319363856,0.32,0.285046067,0.285714286
232,0.290094931,0.290697674,0.422530811,0.423280423,0.338327945,0.338983051,0.294775759,0.295454545
233,0.309719135,0.310344828,0.430826493,0.431578947,0.338327945,0.338983051,0.294775759,0.295454545
234,0.338327945,0.338983051,0.422530811,0.423280423,0.347650952,0.348314607,0.315706679,0.316384181
235,0.338327945,0.338983051,0.447159779,0.447916667,0.338327945,0.338983051,0.286709773,0.287356322
236,0.328899513,0.329545455,0.430826493,0.431578947,0.328899513,0.329545455,0.325156157,0.325842697
237,0.338327945,0.338983051,0.447159779,0.447916667,0.328899513,0.329545455,0.325156157,0.325842697
238,0.319363856,0.32,0.447159779,0.447916667,0.328899513,0.329545455,0.334500562,0.335195531
239,0.338327945,0.338983051,0.422530811,0.423280423,0.328899513,0.329545455,0.334500562,0.335195531
240,0.338327945,0.338983051,0.430826493,0.431578947,0.338327945,0.338983051,0.325156157,0.325842697
241,0.338327945,0.338983051,0.439035701,0.439790576,0.338327945,0.338983051,0.334500562,0.335195531
242,0.347650952,0.348314607,0.422530811,0.423280423,0.338327945,0.338983051,0.35486466,0.355555556
243,0.328899513,0.329545455,0.422530811,0.423280423,0.328899513,0.329545455,0.363942946,0.364640884
244,0.338327945,0.338983051,0.422530811,0.423280423,0.299963469,0.300578035,0.370861733,0.371584699
245,0.347650952,0.348314607,0.501752033,0.502512563,0.338327945,0.338983051,0.325156157,0.325842697
246,0.328899513,0.329545455,0.430826493,0.431578947,0.299963469,0.300578035,0.325156157,0.325842697
247,0.328899513,0.329545455,0.430826493,0.431578947,0.338327945,0.338983051,0.343741636,0.344444444
248,0.338327945,0.338983051,0.422530811,0.423280423,0.290094931,0.290697674,0.345685427,0.346368715
249,0.338327945,0.338983051,0.430826493,0.431578947,0.319363856,0.32,0.336403555,0.337078652
250,0.347650952,0.348314607,0.430826493,0.431578947,0.338327945,0.338983051,0.363942946,0.364640884
251,0.347650952,0.348314607,0.439035701,0.439790576,0.338327945,0.338983051,0.327017312,0.327683616
252,0.347650952,0.348314607,0.422530811,0.423280423,0.328899513,0.329545455,0.388455418,0.389189189
253,0.309719135,0.310344828,0.430826493,0.431578947,0.290094931,0.290697674,0.336403555,0.337078652
254,0.338327945,0.338983051,0.439035701,0.439790576,0.328899513,0.329545455,0.286709773,0.287356322
255,0.338327945,0.338983051,0.439035701,0.439790576,0.319363856,0.32,0.327017312,0.327683616
256,0.338327945,0.338983051,0.430826493,0.431578947,0.338327945,0.338983051,0.327017312,0.327683616
257,0.338327945,0.338983051,0.430826493,0.431578947,0.338327945,0.338983051,0.35486466,0.355555556
258,0.328899513,0.329545455,0.422530811,0.423280423,0.328899513,0.329545455,0.35486466,0.355555556
259,0.328899513,0.329545455,0.531264368,0.532019704,0.338327945,0.338983051,0.336403555,0.337078652
260,0.347650952,0.348314607,0.422530811,0.423280423,0.328899513,0.329545455,0.327017312,0.327683616
261,0.347650952,0.348314607,0.422530811,0.423280423,0.309719135,0.310344828,0.325156157,0.325842697
262,0.319363856,0.32,0.422530811,0.423280423,0.299963469,0.300578035,0.306150344,0.306818182
263,0.347650952,0.348314607,0.523995393,0.524752475,0.338327945,0.338983051,0.336403555,0.337078652
264,0.328899513,0.329545455,0.422530811,0.423280423,0.338327945,0.338983051,0.327017312,0.327683616
265,0.338327945,0.338983051,0.422530811,0.423280423,0.309719135,0.310344828,0.41414728,0.414893617
266,0.347650952,0.348314607,0.422530811,0.423280423,0.328899513,0.329545455,0.325156157,0.325842697
267,0.338327945,0.338983051,0.422530811,0.423280423,0.309719135,0.310344828,0.336403555,0.337078652
268,0.338327945,0.338983051,0.447159779,0.447916667,0.309719135,0.310344828,0.325156157,0.325842697
269,0.347650952,0.348314607,0.455200045,0.455958549,0.338327945,0.338983051,0.327017312,0.327683616
270,0.338327945,0.338983051,0.447159779,0.447916667,0.338327945,0.338983051,0.317524928,0.318181818
271,0.347650952,0.348314607,0.430826493,0.431578947,0.299963469,0.300578035,0.336403555,0.337078652
272,0.338327945,0.338983051,0.439035701,0.439790576,0.319363856,0.32,0.317524928,0.318181818
273,0.328899513,0.329545455,0.422715064,0.42364532,0.290094931,0.290697674,0.35486466,0.355555556
274,0.338327945,0.338983051,0.414467529,0.415458937,0.290094931,0.290697674,0.327017312,0.327683616
275,0.338327945,0.338983051,0.426224519,0.427184466,0.299963469,0.300578035,0.315706679,0.316384181
276,0.347650952,0.348314607,0.416499511,0.417475728,0.249451964,0.25,0.306150344,0.306818182
277,0.328899513,0.329545455,0.42004765,0.421052632,0.280111552,0.280701754,0.325156157,0.325842697
278,0.299963469,0.300578035,0.418027751,0.419047619,0.280111552,0.280701754,0.325156157,0.325842697
279,0.338327945,0.338983051,0.398889432,0.4,0.280111552,0.280701754,0.325156157,0.325842697
280,0.328899513,0.329545455,0.420622986,0.421568627,0.280111552,0.280701754,0.317524928,0.318181818
281,0.338327945,0.338983051,0.430442936,0.431372549,0.238988574,0.239520958,0.317524928,0.318181818
282,0.319363856,0.32,0.424145752,0.425120773,0.249451964,0.25,0.336403555,0.337078652
283,0.338327945,0.338983051,0.410136173,0.411214953,0.249451964,0.25,0.325156157,0.325842697
284,0.338327945,0.338983051,0.410136173,0.411214953,0.238988574,0.239520958,0.317524928,0.318181818
285,0.309719135,0.310344828,0.391410337,0.392523364,0.290094931,0.290697674,0.334500562,0.335195531
286,0.338327945,0.338983051,0.424145752,0.425120773,0.270011315,0.270588235,0.317524928,0.318181818
287,0.338327945,0.338983051,0.426961402,0.427860697,0.328899513,0.329545455,0.352881084,0.35359116
288,0.338327945,0.338983051,0.43474453,0.435643564,0.328899513,0.329545455,0.307924593,0.308571429
289,0.347650952,0.348314607,0.430442936,0.431372549,0.290094931,0.290697674,0.336403555,0.337078652
290,0.338327945,0.338983051,0.43474453,0.435643564,0.299963469,0.300578035,0.336403555,0.337078652
291,0.338327945,0.338983051,0.42004765,0.421052632,0.328899513,0.329545455,0.336403555,0.337078652
292,0.338327945,0.338983051,0.428323482,0.429268293,0.280111552,0.280701754,0.298214454,0.298850575
293,0.347650952,0.348314607,0.422086891,0.423076923,0.280111552,0.280701754,0.327017312,0.327683616
294,0.328899513,0.329545455,0.648809928,0.64957265,0.280111552,0.280701754,0.336403555,0.337078652
295,0.347650952,0.348314607,0.677098194,0.677824268,0.280111552,0.280701754,0.307924593,0.308571429
296,0.299963469,0.300578035,0.671535284,0.672268908,0.299963469,0.300578035,0.336403555,0.337078652
297,0.338327945,0.338983051,0.665925599,0.666666667,0.280111552,0.280701754,0.307924593,0.308571429
298,0.338327945,0.338983051,0.665925599,0.666666667,0.290094931,0.290697674,0.336403555,0.337078652
299,0.338327945,0.338983051,0.688086014,0.68879668,0.309719135,0.310344828,0.307924593,0.308571429
300,0.347650952,0.348314607,0.704231194,0.704918033,0.280111552,0.280701754,0.327017312,0.327683616
301,0.338327945,0.338983051,0.682614913,0.683333333,0.238988574,0.239520958,0.372921942,0.373626374
302,0.338327945,0.338983051,0.688086014,0.68879668,0.280111552,0.280701754,0.336403555,0.337078652
303,0.338327945,0.338983051,0.682614913,0.683333333,0.290094931,0.290697674,0.327017312,0.327683616
304,0.338327945,0.338983051,0.665925599,0.666666667,0.299963469,0.300578035,0.327017312,0.327683616
305,0.338327945,0.338983051,0.643007122,0.643776824,0.280111552,0.280701754,0.336403555,0.337078652
306,0.309719135,0.310344828,0.671535284,0.672268908,0.309719135,0.310344828,0.363942946,0.364640884
307,0.309719135,0.310344828,0.657646153,0.658436214,0.290094931,0.290697674,0.336403555,0.337078652
308,0.338327945,0.338983051,0.665910435,0.666666667,0.309719135,0.310344828,0.327017312,0.327683616
309,0.328899513,0.329545455,0.671535284,0.672268908,0.309719135,0.310344828,0.336403555,0.337078652
310,0.338327945,0.338983051,0.677098194,0.677824268,0.328899513,0.329545455,0.336403555,0.337078652
311,0.338327945,0.338983051,0.668661686,0.669421488,0.328899513,0.329545455,0.327017312,0.327683616
312,0.309719135,0.310344828,0.704231194,0.704918033,0.328899513,0.329545455,0.327017312,0.327683616
313,0.338327945,0.338983051,0.671535284,0.672268908,0.309719135,0.310344828,0.336403555,0.337078652
314,0.338327945,0.338983051,0.677098194,0.677824268,0.328899513,0.329545455,0.327017312,0.327683616
315,0.338327945,0.338983051,0.671535284,0.672268908,0.338327945,0.338983051,0.336403555,0.337078652
316,0.338327945,0.338983051,0.671535284,0.672268908,0.290094931,0.290697674,0.327017312,0.327683616
317,0.309719135,0.310344828,0.682614913,0.683333333,0.338327945,0.338983051,0.336403555,0.337078652
318,0.338327945,0.338983051,0.665925599,0.666666667,0.259792157,0.26035503,0.336403555,0.337078652
319,0.280111552,0.280701754,0.693512059,0.694214876,0.249451964,0.25,0.317524928,0.318181818
320,0.290094931,0.290697674,0.665925599,0.666666667,0.280111552,0.280701754,0.336403555,0.337078652
321,0.328899513,0.329545455,0.657468019,0.658227848,0.328899513,0.329545455,0.336403555,0.337078652
322,0.270011315,0.270588235,0.648809928,0.64957265,0.309719135,0.310344828,0.336403555,0.337078652
323,0.290094931,0.290697674,0.654563529,0.655319149,0.328899513,0.329545455,0.381803268,0.382513661
324,0.328899513,0.329545455,0.671535284,0.672268908,0.309719135,0.310344828,0.336403555,0.337078652
325,0.338327945,0.338983051,0.660268548,0.661016949,0.319363856,0.32,0.307924593,0.308571429
326,0.328899513,0.329545455,0.634404884,0.635193133,0.309719135,0.310344828,0.307924593,0.308571429
327,0.328899513,0.329545455,0.671535284,0.672268908,0.319363856,0.32,0.336403555,0.337078652
328,0.328899513,0.329545455,0.660268548,0.661016949,0.299963469,0.300578035,0.336403555,0.337078652
329,0.328899513,0.329545455,0.671535284,0.672268908,0.290094931,0.290697674,0.307924593,0.308571429
330,0.328899513,0.329545455,0.640853717,0.641666667,0.309719135,0.310344828,0.298214454,0.298850575
331,0.328899513,0.329545455,0.665925599,0.666666667,0.290094931,0.290697674,0.327017312,0.327683616
332,0.319363856,0.32,0.651937014,0.652719665,0.280111552,0.280701754,0.327017312,0.327683616
333,0.328899513,0.329545455,0.665925599,0.666666667,0.270011315,0.270588235,0.327017312,0.327683616
334,0.319363856,0.32,0.660268548,0.661016949,0.259792157,0.26035503,0.381803268,0.382513661
335,0.338327945,0.338983051,0.643549954,0.644351464,0.238988574,0.239520958,0.327017312,0.327683616
336,0.328899513,0.329545455,0.651775262,0.652542373,0.319363856,0.32,0.336403555,0.337078652
337,0.328899513,0.329545455,0.64901044,0.64978903,0.290094931,0.290697674,0.336403555,0.337078652
338,0.328899513,0.329545455,0.665925599,0.666666667,0.319363856,0.32,0.336403555,0.337078652
339,0.328899513,0.329545455,0.660268548,0.661016949,0.280111552,0.280701754,0.345685427,0.346368715
340,0.328899513,0.329545455,0.663113111,0.663865546,0.259792157,0.26035503,0.327017312,0.327683616
341,0.319363856,0.32,0.671535284,0.672268908,0.290094931,0.290697674,0.336403555,0.337078652
342,0.328899513,0.329545455,0.688086014,0.68879668,0.249451964,0.25,0.336403555,0.337078652
343,0.328899513,0.329545455,0.607120711,0.607929515,0.290094931,0.290697674,0.298214454,0.298850575
344,0.290094931,0.290697674,0.709525365,0.710204082,0.238988574,0.239520958,0.39058851,0.391304348
345,0.328899513,0.329545455,0.654563529,0.655319149,0.309719135,0.310344828,0.363942946,0.364640884
346,0.328899513,0.329545455,0.654563529,0.655319149,0.270011315,0.270588235,0.327017312,0.327683616
347,0.309719135,0.310344828,0.709525365,0.710204082,0.259792157,0.26035503,0.336403555,0.337078652
348,0.319363856,0.32,0.654563529,0.655319149,0.249451964,0.25,0.336403555,0.337078652
349,0.319363856,0.32,0.665925599,0.666666667,0.249451964,0.25,0.345685427,0.346368715
350,0.309719135,0.310344828,0.677098194,0.677824268,0.270011315,0.270588235,0.35486466,0.355555556
351,0.319363856,0.32,0.71186919,0.712550607,0.328899513,0.329545455,0.35486466,0.355555556
352,0.328899513,0.329545455,0.709525365,0.710204082,0.280111552,0.280701754,0.327017312,0.327683616
353,0.328899513,0.329545455,0.677098194,0.677824268,0.259792157,0.26035503,0.327017312,0.327683616
354,0.328899513,0.329545455,0.685228602,0.685950413,0.290094931,0.290697674,0.336403555,0.337078652
355,0.328899513,0.329545455,0.679768307,0.680497925,0.238988574,0.239520958,0.336403555,0.337078652
356,0.328899513,0.329545455,0.708985102,0.709677419,0.238988574,0.239520958,0.327017312,0.327683616
357,0.309719135,0.310344828,0.711305205,0.712,0.238988574,0.239520958,0.327017312,0.327683616
358,0.328899513,0.329545455,0.698478167,0.699186992,0.249451964,0.25,0.327017312,0.327683616
359,0.290094931,0.290697674,0.637154478,0.637931034,0.270011315,0.270588235,0.372921942,0.373626374
360,0.319363856,0.32,0.704231194,0.704918033,0.280111552,0.280701754,0.35486466,0.355555556
361,0.328899513,0.329545455,0.706627405,0.707317073,0.270011315,0.270588235,0.424799148,0.425531915
362,0.328899513,0.329545455,0.714776644,0.715447154,0.259792157,0.26035503,0.327017312,0.327683616
363,0.328899513,0.329545455,0.714776644,0.715447154,0.259792157,0.26035503,0.317524928,0.318181818
364,0.309719135,0.310344828,0.698893605,0.699588477,0.299963469,0.300578035,0.327017312,0.327683616
365,0.328899513,0.329545455,0.706627405,0.707317073,0.280111552,0.280701754,0.317524928,0.318181818
366,0.290094931,0.290697674,0.701342981,0.702040816,0.280111552,0.280701754,0.317524928,0.318181818
367,0.328899513,0.329545455,0.703752829,0.704453441,0.280111552,0.280701754,0.317524928,0.318181818
368,0.319363856,0.32,0.685228602,0.685950413,0.280111552,0.280701754,0.327017312,0.327683616
369,0.632328031,0.633027523,0.637504938,0.638297872,0.280111552,0.280701754,0.327017312,0.327683616
370,0.632328031,0.633027523,0.671450601,0.67219917,0.238988574,0.239520958,0.39058851,0.391304348
371,0.632328031,0.633027523,0.679768307,0.680497925,0.280111552,0.280701754,0.327017312,0.327683616
372,0.632328031,0.633027523,0.703752829,0.704453441,0.280111552,0.280701754,0.327017312,0.327683616
373,0.632328031,0.633027523,0.671450601,0.67219917,0.280111552,0.280701754,0.352881084,0.35359116
374,0.632328031,0.633027523,0.698072704,0.698795181,0.290094931,0.290697674,0.39058851,0.391304348
375,0.632328031,0.633027523,0.695636468,0.696356275,0.290094931,0.290697674,0.317524928,0.318181818
376,0.638575299,0.639269406,0.697676863,0.698412698,0.280111552,0.280701754,0.327017312,0.327683616
377,0.632328031,0.633027523,0.681969915,0.682730924,0.309719135,0.310344828,0.317524928,0.318181818
378,0.632328031,0.633027523,0.703752829,0.704453441,0.309719135,0.310344828,0.327017312,0.327683616
379,0.632328031,0.633027523,0.706124099,0.706827309,0.290094931,0.290697674,0.327017312,0.327683616
380,0.632328031,0.633027523,0.708985102,0.709677419,0.270011315,0.270588235,0.345685427,0.346368715
381,0.632328031,0.633027523,0.708457709,0.709163347,0.238988574,0.239520958,0.363942946,0.364640884
382,0.632328031,0.633027523,0.718679083,0.719367589,0.280111552,0.280701754,0.35486466,0.355555556
383,0.632328031,0.633027523,0.711305205,0.712,0.280111552,0.280701754,0.334500562,0.335195531
384,0.632328031,0.633027523,0.71075455,0.711462451,0.290094931,0.290697674,0.345685427,0.346368715
385,0.632328031,0.633027523,0.711305205,0.712,0.280111552,0.280701754,0.345685427,0.346368715
386,0.632328031,0.633027523,0.693160597,0.693877551,0.299963469,0.300578035,0.35486466,0.355555556
387,0.632328031,0.633027523,0.706124099,0.706827309,0.280111552,0.280701754,0.345685427,0.346368715
388,0.638575299,0.639269406,0.637504938,0.638297872,0.290094931,0.290697674,0.327017312,0.327683616
389,0.632328031,0.633027523,0.695636468,0.696356275,0.280111552,0.280701754,0.39058851,0.391304348
390,0.632328031,0.633027523,0.676945144,0.67768595,0.280111552,0.280701754,0.325156157,0.325842697
391,0.632328031,0.633027523,0.719324505,0.72,0.280111552,0.280701754,0.336403555,0.337078652
392,0.632328031,0.633027523,0.708985102,0.709677419,0.290094931,0.290697674,0.336403555,0.337078652
393,0.632328031,0.633027523,0.690328928,0.691056911,0.280111552,0.280701754,0.336403555,0.337078652
394,0.632328031,0.633027523,0.706124099,0.706827309,0.280111552,0.280701754,0.327017312,0.327683616
395,0.632328031,0.633027523,0.625802646,0.626609442,0.290094931,0.290697674,0.381803268,0.382513661
396,0.638575299,0.639269406,0.695636468,0.696356275,0.238988574,0.239520958,0.336403555,0.337078652
397,0.632328031,0.633027523,0.665895643,0.666666667,0.290094931,0.290697674,0.327017312,0.327683616
398,0.638575299,0.639269406,0.690328928,0.691056911,0.290094931,0.290697674,0.334500562,0.335195531
399,0.632328031,0.633027523,0.63209528,0.632911392,0.290094931,0.290697674,0.327017312,0.327683616
400,0.632328031,0.633027523,0.626295403,0.627118644,0.280111552,0.280701754,0.363942946,0.364640884
401,0.632328031,0.633027523,0.60598187,0.606837607,0.280111552,0.280701754,0.372921942,0.373626374
402,0.638575299,0.639269406,0.632501478,0.633333333,0.280111552,0.280701754,0.327017312,0.327683616
403,0.632328031,0.633027523,0.632501478,0.633333333,0.280111552,0.280701754,0.317524928,0.318181818
404,0.632328031,0.633027523,0.62100225,0.621848739,0.280111552,0.280701754,0.327017312,0.327683616
405,0.632328031,0.633027523,0.632501478,0.633333333,0.280111552,0.280701754,0.317524928,0.318181818
406,0.632328031,0.633027523,0.632501478,0.633333333,0.280111552,0.280701754,0.317524928,0.318181818
407,0.632328031,0.633027523,0.635162894,0.635983264,0.280111552,0.280701754,0.327017312,0.327683616
408,0.632328031,0.633027523,0.609308831,0.610169492,0.280111552,0.280701754,0.327017312,0.327683616
409,0.632328031,0.633027523,0.62100225,0.621848739,0.238988574,0.239520958,0.424799148,0.425531915
410,0.632328031,0.633027523,0.671287386,0.672064777,0.259792157,0.26035503,0.327017312,0.327683616
411,0.632328031,0.633027523,0.671287386,0.672064777,0.280111552,0.280701754,0.363942946,0.364640884
412,0.638575299,0.639269406,0.668613444,0.669387755,0.280111552,0.280701754,0.327017312,0.327683616
413,0.638575299,0.639269406,0.646497482,0.647302905,0.280111552,0.280701754,0.336403555,0.337078652
414,0.632328031,0.633027523,0.668613444,0.669387755,0.280111552,0.280701754,0.327017312,0.327683616
415,0.632328031,0.633027523,0.632501478,0.633333333,0.280111552,0.280701754,0.336403555,0.337078652
416,0.632328031,0.633027523,0.638179776,0.639004149,0.280111552,0.280701754,0.327017312,0.327683616
417,0.632328031,0.633027523,0.66043106,0.66122449,0.280111552,0.280701754,0.345685427,0.346368715
418,0.638575299,0.639269406,0.632501478,0.633333333,0.280111552,0.280701754,0.327017312,0.327683616
419,0.644765996,0.645454545,0.632501478,0.633333333,0.280111552,0.280701754,0.327017312,0.327683616
420,0.638575299,0.639269406,0.65209477,0.652892562,0.280111552,0.280701754,0.327017312,0.327683616
421,0.632328031,0.633027523,0.62100225,0.621848739,0.270011315,0.270588235,0.327017312,0.327683616
422,0.638575299,0.639269406,0.626775835,0.627615063,0.270011315,0.270588235,0.336403555,0.337078652
423,0.638575299,0.639269406,0.626775835,0.627615063,0.328899513,0.329545455,0.336403555,0.337078652
424,0.650900887,0.65158371,0.626775835,0.627615063,0.290094931,0.290697674,0.327017312,0.327683616
425,0.638575299,0.639269406,0.635162894,0.635983264,0.328899513,0.329545455,0.336403555,0.337078652
426,0.632328031,0.633027523,0.629424422,0.630252101,0.290094931,0.290697674,0.336403555,0.337078652
427,0.650900887,0.65158371,0.6236377,0.624472574,0.309719135,0.310344828,0.424799148,0.425531915
428,0.638575299,0.639269406,0.676650113,0.677419355,0.338327945,0.338983051,0.336403555,0.337078652
429,0.638575299,0.639269406,0.643811312,0.644628099,0.328899513,0.329545455,0.433126576,0.433862434
430,0.644765996,0.645454545,0.646497482,0.647302905,0.338327945,0.338983051,0.317524928,0.318181818
431,0.638575299,0.639269406,0.640853717,0.641666667,0.338327945,0.338983051,0.327017312,0.327683616
432,0.638575299,0.639269406,0.632501478,0.633333333,0.290094931,0.290697674,0.336403555,0.337078652
433,0.638575299,0.639269406,0.646497482,0.647302905,0.328899513,0.329545455,0.336403555,0.337078652
434,0.650900887,0.65158371,0.632501478,0.633333333,0.319363856,0.32,0.327017312,0.327683616
435,0.644765996,0.645454545,0.657646153,0.658436214,0.338327945,0.338983051,0.336403555,0.337078652
436,0.638575299,0.639269406,0.671287386,0.672064777,0.299963469,0.300578035,0.345685427,0.346368715
437,0.644765996,0.645454545,0.671287386,0.672064777,0.328899513,0.329545455,0.345685427,0.346368715
438,0.650900887,0.65158371,0.649396663,0.650205761,0.319363856,0.32,0.336403555,0.337078652
439,0.632328031,0.633027523,0.676795828,0.67755102,0.328899513,0.329545455,0.336403555,0.337078652
440,0.638575299,0.639269406,0.62100225,0.621848739,0.299963469,0.300578035,0.327017312,0.327683616
441,0.638575299,0.639269406,0.62100225,0.621848739,0.328899513,0.329545455,0.416383066,0.417112299
442,0.632328031,0.633027523,0.646497482,0.647302905,0.290094931,0.290697674,0.336403555,0.337078652
443,0.632328031,0.633027523,0.6236377,0.624472574,0.319363856,0.32,0.39058851,0.391304348
444,0.632328031,0.633027523,0.654936393,0.655737705,0.290094931,0.290697674,0.35486466,0.355555556
445,0.632328031,0.633027523,0.615180121,0.616033755,0.319363856,0.32,0.35486466,0.355555556
446,0.632328031,0.633027523,0.615180121,0.616033755,0.328899513,0.329545455,0.372921942,0.373626374
447,0.644765996,0.645454545,0.632501478,0.633333333,0.309719135,0.310344828,0.327017312,0.327683616
448,0.632328031,0.633027523,0.643811312,0.644628099,0.328899513,0.329545455,0.372921942,0.373626374
449,0.626023412,0.626728111,0.626775835,0.627615063,0.309719135,0.310344828,0.363942946,0.364640884
450,0.632328031,0.633027523,0.654936393,0.655737705,0.328899513,0.329545455,0.399279216,0.4
451,0.632328031,0.633027523,0.632501478,0.633333333,0.328899513,0.329545455,0.35486466,0.355555556
452,0.61966065,0.62037037,0.626775835,0.627615063,0.319363856,0.32,0.327017312,0.327683616
453,0.632328031,0.633027523,0.626775835,0.627615063,0.309719135,0.310344828,0.345685427,0.346368715
454,0.632328031,0.633027523,0.626775835,0.627615063,0.328899513,0.329545455,0.35486466,0.355555556
455,0.632328031,0.633027523,0.62100225,0.621848739,0.328899513,0.329545455,0.433126576,0.433862434
456,0.632328031,0.633027523,0.62100225,0.621848739,0.309719135,0.310344828,0.441366744,0.442105263
457,0.632328031,0.633027523,0.643549954,0.644351464,0.309719135,0.310344828,0.433126576,0.433862434
458,0.632328031,0.633027523,0.638179776,0.639004149,0.280111552,0.280701754,0.433126576,0.433862434
459,0.632328031,0.633027523,0.638179776,0.639004149,0.270011315,0.270588235,0.407876907,0.408602151
460,0.626023412,0.626728111,0.635162894,0.635983264,0.299963469,0.300578035,0.457590727,0.458333333
461,0.626023412,0.626728111,0.643811312,0.644628099,0.328899513,0.329545455,0.424799148,0.425531915
462,0.632328031,0.633027523,0.646268767,0.647058824,0.328899513,0.329545455,0.424799148,0.425531915
463,0.632328031,0.633027523,0.649205956,0.65,0.319363856,0.32,0.441366744,0.442105263
464,0.632328031,0.633027523,0.609308831,0.610169492,0.299963469,0.300578035,0.407876907,0.408602151
465,0.626023412,0.626728111,0.62100225,0.621848739,0.299963469,0.300578035,0.336403555,0.337078652
466,0.632328031,0.633027523,0.67403045,0.674796748,0.299963469,0.300578035,0.345685427,0.346368715
467,0.632328031,0.633027523,0.632501478,0.633333333,0.328899513,0.329545455,0.424799148,0.425531915
468,0.632328031,0.633027523,0.668613444,0.669387755,0.328899513,0.329545455,0.372921942,0.373626374
469,0.632328031,0.633027523,0.646497482,0.647302905,0.328899513,0.329545455,0.416383066,0.417112299
470,0.632328031,0.633027523,0.626775835,0.627615063,0.328899513,0.329545455,0.407876907,0.408602151
471,0.632328031,0.633027523,0.591393694,0.592274678,0.309719135,0.310344828,0.424799148,0.425531915
472,0.632328031,0.633027523,0.635162894,0.635983264,0.290094931,0.290697674,0.424799148,0.425531915
473,0.632328031,0.633027523,0.640853717,0.641666667,0.338327945,0.338983051,0.399279216,0.4
474,0.626023412,0.626728111,0.643811312,0.644628099,0.319363856,0.32,0.381803268,0.382513661
475,0.632328031,0.633027523,0.654936393,0.655737705,0.328899513,0.329545455,0.416383066,0.417112299
476,0.632328031,0.633027523,0.665881212,0.666666667,0.319363856,0.32,0.363942946,0.364640884
477,0.632328031,0.633027523,0.638179776,0.639004149,0.328899513,0.329545455,0.386345158,0.387096774
478,0.632328031,0.633027523,0.6236377,0.624472574,0.328899513,0.329545455,0.325156157,0.325842697
479,0.632328031,0.633027523,0.615180121,0.616033755,0.309719135,0.310344828,0.315706679,0.316384181
480,0.632328031,0.633027523,0.665881212,0.666666667,0.299963469,0.300578035,0.465577187,0.466321244
481,0.61966065,0.62037037,0.676650113,0.677419355,0.270011315,0.270588235,0.370861733,0.371584699
482,0.626023412,0.626728111,0.679403747,0.680161943,0.299963469,0.300578035,0.484072212,0.484848485
483,0.632328031,0.633027523,0.657646153,0.658436214,0.280111552,0.280701754,0.4528339,0.453608247
484,0.632328031,0.633027523,0.638179776,0.639004149,0.299963469,0.300578035,0.424799148,0.425531915
485,0.632328031,0.633027523,0.676650113,0.677419355,0.299963469,0.300578035,0.407876907,0.408602151
486,0.632328031,0.633027523,0.632501478,0.633333333,0.309719135,0.310344828,0.424799148,0.425531915
487,0.632328031,0.633027523,0.603387756,0.604255319,0.319363856,0.32,0.484072212,0.484848485
488,0.632328031,0.633027523,0.602597762,0.603448276,0.299963469,0.300578035,0.491686418,0.492462312
489,0.632328031,0.633027523,0.614547482,0.615384615,0.309719135,0.310344828,0.424799148,0.425531915
490,0.632328031,0.633027523,0.601787147,0.602620087,0.328899513,0.329545455,0.405674498,0.406417112
491,0.632328031,0.633027523,0.593035216,0.593886463,0.290094931,0.290697674,0.422530811,0.423280423
492,0.632328031,0.633027523,0.71186919,0.712550607,0.299963469,0.300578035,0.405674498,0.406417112
493,0.632328031,0.633027523,0.701342981,0.702040816,0.309719135,0.310344828,0.39058851,0.391304348
494,0.644765996,0.645454545,0.701342981,0.702040816,0.299963469,0.300578035,0.363942946,0.364640884
495,0.632328031,0.633027523,0.701342981,0.702040816,0.299963469,0.300578035,0.433126576,0.433862434
496,0.632328031,0.633027523,0.724376109,0.725,0.309719135,0.310344828,0.433126576,0.433862434
497,0.626023412,0.626728111,0.706627405,0.707317073,0.290094931,0.290697674,0.424799148,0.425531915
498,0.626023412,0.626728111,0.709525365,0.710204082,0.280111552,0.280701754,0.491686418,0.492462312
499,0.626023412,0.626728111,0.726645891,0.727272727,0.280111552,0.280701754,0.336403555,0.337078652
500,0.613238937,0.613953488,0.717068849,0.717741935,0.319363856,0.32,0.476381043,0.47715736
501,0.61966065,0.62037037,0.717707749,0.718367347,0.299963469,0.300578035,0.39058851,0.391304348
502,0.61966065,0.62037037,0.728101912,0.728744939,0.319363856,0.32,0.388455418,0.389189189
503,0.61966065,0.62037037,0.710646434,0.711297071,0.299963469,0.300578035,0.317524928,0.318181818
504,0.626023412,0.626728111,0.722925883,0.723577236,0.270011315,0.270588235,0.334500562,0.335195531
505,0.61966065,0.62037037,0.697210007,0.69787234,0.328899513,0.329545455,0.381803268,0.382513661
506,0.626023412,0.626728111,0.70273498,0.703389831,0.299963469,0.300578035,0.424799148,0.425531915
507,0.61966065,0.62037037,0.663050663,0.663755459,0.270011315,0.270588235,0.327017312,0.327683616
508,0.61966065,0.62037037,0.657183306,0.657894737,0.290094931,0.290697674,0.39058851,0.391304348
509,0.61966065,0.62037037,0.657183306,0.657894737,0.290094931,0.290697674,0.345685427,0.346368715
510,0.626023412,0.626728111,0.657183306,0.657894737,0.290094931,0.290697674,0.298214454,0.298850575
511,0.632328031,0.633027523,0.657183306,0.657894737,0.319363856,0.32,0.307924593,0.308571429
512,0.632328031,0.633027523,0.719033493,0.719665272,0.290094931,0.290697674,0.336403555,0.337078652
513,0.626023412,0.626728111,0.62706024,0.627802691,0.280111552,0.280701754,0.298214454,0.298850575
514,0.626023412,0.626728111,0.708213498,0.708860759,0.280111552,0.280701754,0.298214454,0.298850575
515,0.626023412,0.626728111,0.70273498,0.703389831,0.299963469,0.300578035,0.288392617,0.289017341
516,0.626023412,0.626728111,0.719033493,0.719665272,0.319363856,0.32,0.298214454,0.298850575
517,0.626023412,0.626728111,0.680350373,0.681034483,0.299963469,0.300578035,0.288392617,0.289017341
518,0.626023412,0.626728111,0.703752829,0.704453441,0.299963469,0.300578035,0.288392617,0.289017341
519,0.605936865,0.606635071,0.714175494,0.714859438,0.309719135,0.310344828,0.327017312,0.327683616
520,0.572099641,0.572815534,0.714175494,0.714859438,0.309719135,0.310344828,0.327017312,0.327683616
521,0.578997315,0.579710145,0.714175494,0.714859438,0.299963469,0.300578035,0.298214454,0.298850575
522,0.536586177,0.537313433,0.717068849,0.717741935,0.309719135,0.310344828,0.298214454,0.298850575
523,0.626023412,0.626728111,0.714175494,0.714859438,0.299963469,0.300578035,0.334500562,0.335195531
524,0.565134956,0.565853659,0.696015394,0.696721311,0.328899513,0.329545455,0.336403555,0.337078652
525,0.632328031,0.633027523,0.695636468,0.696356275,0.328899513,0.329545455,0.363942946,0.364640884
526,0.632328031,0.633027523,0.711305205,0.712,0.299963469,0.300578035,0.363942946,0.364640884
527,0.599297796,0.6,0.722925883,0.723577236,0.290094931,0.290697674,0.327017312,0.327683616
528,0.606757448,0.607476636,0.693512059,0.694214876,0.299963469,0.300578035,0.336403555,0.337078652
529,0.632328031,0.633027523,0.715392585,0.716049383,0.319363856,0.32,0.363942946,0.364640884
530,0.632328031,0.633027523,0.704231194,0.704918033,0.319363856,0.32,0.345685427,0.346368715
531,0.632328031,0.633027523,0.714776644,0.715447154,0.328899513,0.329545455,0.307924593,0.308571429
532,0.626023412,0.626728111,0.654690939,0.655462185,0.328899513,0.329545455,0.336403555,0.337078652
533,0.626023412,0.626728111,0.715392585,0.716049383,0.328899513,0.329545455,0.298214454,0.298850575
534,0.632328031,0.633027523,0.713039133,0.713692946,0.319363856,0.32,0.317524928,0.318181818
535,0.632328031,0.633027523,0.69640372,0.697095436,0.290094931,0.290697674,0.416383066,0.417112299
536,0.632328031,0.633027523,0.685485254,0.686192469,0.299963469,0.300578035,0.298214454,0.298850575
537,0.605936865,0.606635071,0.690644114,0.691358025,0.319363856,0.32,0.35486466,0.355555556
538,0.632328031,0.633027523,0.677098194,0.677824268,0.309719135,0.310344828,0.298214454,0.298850575
539,0.565134956,0.565853659,0.671450601,0.67219917,0.644765996,0.645454545,0.35486466,0.355555556
540,0.551000605,0.551724138,0.668661686,0.669421488,0.644765996,0.645454545,0.35486466,0.355555556
541,0.565134956,0.565853659,0.698478167,0.699186992,0.626023412,0.626728111,0.407876907,0.408602151
542,0.626023412,0.626728111,0.671450601,0.67219917,0.650900887,0.65158371,0.327017312,0.327683616
543,0.58694587,0.587677725,0.643549954,0.644351464,0.644765996,0.645454545,0.457590727,0.458333333
544,0.626023412,0.626728111,0.690328928,0.691056911,0.650900887,0.65158371,0.363942946,0.364640884
545,0.632328031,0.633027523,0.671450601,0.67219917,0.644765996,0.645454545,0.449521015,0.45026178
546,0.632328031,0.633027523,0.679583794,0.680327869,0.644765996,0.645454545,0.441366744,0.442105263
547,0.626023412,0.626728111,0.695266605,0.696,0.644765996,0.645454545,0.441366744,0.442105263
548,0.626023412,0.626728111,0.687520107,0.688259109,0.632328031,0.633027523,0.629425307,0.630136986
549,0.626023412,0.626728111,0.674145134,0.674897119,0.644765996,0.645454545,0.629425307,0.630136986
550,0.632328031,0.633027523,0.690644114,0.691358025,0.644765996,0.645454545,0.629425307,0.630136986
551,0.632328031,0.633027523,0.695636468,0.696356275,0.638575299,0.639269406,0.629425307,0.630136986
552,0.632328031,0.633027523,0.715392585,0.716049383,0.638575299,0.639269406,0.629425307,0.630136986
553,0.632328031,0.633027523,0.703285905,0.704,0.632328031,0.633027523,0.629425307,0.630136986
554,0.626023412,0.626728111,0.682394624,0.683127572,0.632328031,0.633027523,0.629425307,0.630136986
555,0.632328031,0.633027523,0.676795828,0.67755102,0.632328031,0.633027523,0.626548868,0.627272727
556,0.632328031,0.633027523,0.682614913,0.683333333,0.626023412,0.626728111,0.632765868,0.633484163
557,0.632328031,0.633027523,0.69640372,0.697095436,0.61966065,0.62037037,0.635657432,0.636363636
558,0.626023412,0.626728111,0.708457709,0.709163347,0.626023412,0.626728111,0.629425307,0.630136986
559,0.632328031,0.633027523,0.660378228,0.661157025,0.638575299,0.639269406,0.629425307,0.630136986
560,0.632328031,0.633027523,0.709525365,0.710204082,0.644765996,0.645454545,0.635657432,0.636363636
561,0.632328031,0.633027523,0.707143095,0.70781893,0.626023412,0.626728111,0.629425307,0.630136986
562,0.632328031,0.633027523,0.704231194,0.704918033,0.626023412,0.626728111,0.629425307,0.630136986
563,0.632328031,0.633027523,0.704231194,0.704918033,0.626023412,0.626728111,0.626548868,0.627272727
564,0.632328031,0.633027523,0.728878595,0.729508197,0.626023412,0.626728111,0.629425307,0.630136986
565,0.632328031,0.633027523,0.719985551,0.720647773,0.626023412,0.626728111,0.629425307,0.630136986
566,0.632328031,0.633027523,0.682614913,0.683333333,0.626023412,0.626728111,0.629425307,0.630136986
567,0.632328031,0.633027523,0.728878595,0.729508197,0.626023412,0.626728111,0.64503324,0.64573991
568,0.632328031,0.633027523,0.731891566,0.732510288,0.626023412,0.626728111,0.629425307,0.630136986
569,0.632328031,0.633027523,0.734929349,0.73553719,0.626023412,0.626728111,0.629425307,0.630136986
570,0.632328031,0.633027523,0.725890133,0.726530612,0.626023412,0.626728111,0.623136232,0.623853211
571,0.632328031,0.633027523,0.726645891,0.727272727,0.644765996,0.645454545,0.635657432,0.636363636
572,0.632328031,0.633027523,0.726645891,0.727272727,0.626023412,0.626728111,0.629425307,0.630136986
573,0.626023412,0.626728111,0.731891566,0.732510288,0.632328031,0.633027523,0.623136232,0.623853211
574,0.626023412,0.626728111,0.734929349,0.73553719,0.626023412,0.626728111,0.629425307,0.630136986
575,0.626023412,0.626728111,0.734929349,0.73553719,0.644765996,0.645454545,0.629425307,0.630136986
576,0.632328031,0.633027523,0.734929349,0.73553719,0.626023412,0.626728111,0.635657432,0.636363636
577,0.632328031,0.633027523,0.723642075,0.724279835,0.626023412,0.626728111,0.629425307,0.630136986
578,0.632328031,0.633027523,0.718362433,0.719008264,0.626023412,0.626728111,0.629425307,0.630136986
579,0.632328031,0.633027523,0.714175494,0.714859438,0.626023412,0.626728111,0.626548868,0.627272727
580,0.632328031,0.633027523,0.723642075,0.724279835,0.61966065,0.62037037,0.632765868,0.633484163
581,0.638575299,0.639269406,0.726645891,0.727272727,0.626023412,0.626728111,0.629425307,0.630136986
582,0.632328031,0.633027523,0.724376109,0.725,0.626023412,0.626728111,0.626548868,0.627272727
583,0.632328031,0.633027523,0.724376109,0.725,0.626023412,0.626728111,0.632765868,0.633484163
584,0.632328031,0.633027523,0.724376109,0.725,0.626023412,0.626728111,0.629425307,0.630136986
585,0.632328031,0.633027523,0.726645891,0.727272727,0.626023412,0.626728111,0.629425307,0.630136986
586,0.638575299,0.639269406,0.721356839,0.721991701,0.626023412,0.626728111,0.629425307,0.630136986
587,0.644765996,0.645454545,0.731891566,0.732510288,0.638575299,0.639269406,0.629425307,0.630136986
588,0.638575299,0.639269406,0.734929349,0.73553719,0.61966065,0.62037037,0.635657432,0.636363636
589,0.632328031,0.633027523,0.721356839,0.721991701,0.626023412,0.626728111,0.626548868,0.627272727
590,0.632328031,0.633027523,0.721356839,0.721991701,0.61966065,0.62037037,0.626548868,0.627272727
591,0.638575299,0.639269406,0.731891566,0.732510288,0.626023412,0.626728111,0.626548868,0.627272727
592,0.632328031,0.633027523,0.719033493,0.719665272,0.626023412,0.626728111,0.629425307,0.630136986
593,0.632328031,0.633027523,0.71186919,0.712550607,0.626023412,0.626728111,0.635657432,0.636363636
594,0.632328031,0.633027523,0.721356839,0.721991701,0.638575299,0.639269406,0.629425307,0.630136986
595,0.632328031,0.633027523,0.728878595,0.729508197,0.626023412,0.626728111,0.635657432,0.636363636
596,0.632328031,0.633027523,0.734929349,0.73553719,0.632328031,0.633027523,0.635657432,0.636363636
597,0.632328031,0.633027523,0.728878595,0.729508197,0.626023412,0.626728111,0.620275314,0.621004566
598,0.632328031,0.633027523,0.728878595,0.729508197,0.626023412,0.626728111,0.629425307,0.630136986
599,0.632328031,0.633027523,0.731891566,0.732510288,0.613238937,0.613953488,0.629425307,0.630136986
600,0.632328031,0.633027523,0.723642075,0.724279835,0.644765996,0.645454545,0.629425307,0.630136986
601,0.632328031,0.633027523,0.708985102,0.709677419,0.638575299,0.639269406,0.629425307,0.630136986
602,0.644765996,0.645454545,0.705223972,0.705882353,0.626023412,0.626728111,0.635657432,0.636363636
603,0.638575299,0.639269406,0.708213498,0.708860759,0.61966065,0.62037037,0.626548868,0.627272727
604,0.632328031,0.633027523,0.731891566,0.732510288,0.61966065,0.62037037,0.626548868,0.627272727
605,0.632328031,0.633027523,0.697210007,0.69787234,0.626023412,0.626728111,0.626548868,0.627272727
606,0.632328031,0.633027523,0.731891566,0.732510288,0.61966065,0.62037037,0.626548868,0.627272727
607,0.632328031,0.633027523,0.719033493,0.719665272,0.61966065,0.62037037,0.629425307,0.630136986
608,0.644765996,0.645454545,0.720662795,0.721311475,0.626023412,0.626728111,0.629425307,0.630136986
609,0.638575299,0.639269406,0.724376109,0.725,0.61966065,0.62037037,0.629425307,0.630136986
610,0.632328031,0.633027523,0.716671078,0.717299578,0.61966065,0.62037037,0.629425307,0.630136986
611,0.632328031,0.633027523,0.724376109,0.725,0.61966065,0.62037037,0.635657432,0.636363636
612,0.626023412,0.626728111,0.718362433,0.719008264,0.61966065,0.62037037,0.623136232,0.623853211
613,0.61966065,0.62037037,0.724376109,0.725,0.61966065,0.62037037,0.623136232,0.623853211
614,0.626023412,0.626728111,0.731891566,0.732510288,0.61966065,0.62037037,0.623136232,0.623853211
615,0.632328031,0.633027523,0.708213498,0.708860759,0.61966065,0.62037037,0.635657432,0.636363636
616,0.632328031,0.633027523,0.726645891,0.727272727,0.626023412,0.626728111,0.635657432,0.636363636
617,0.632328031,0.633027523,0.734929349,0.73553719,0.61966065,0.62037037,0.629425307,0.630136986
618,0.632328031,0.633027523,0.731891566,0.732510288,0.626023412,0.626728111,0.629425307,0.630136986
619,0.632328031,0.633027523,0.734929349,0.73553719,0.626023412,0.626728111,0.623136232,0.623853211
620,0.632328031,0.633027523,0.731891566,0.732510288,0.626023412,0.626728111,0.635657432,0.636363636
621,0.632328031,0.633027523,0.713646145,0.714285714,0.61966065,0.62037037,0.629425307,0.630136986
622,0.632328031,0.633027523,0.686018312,0.686695279,0.61966065,0.62037037,0.635657432,0.636363636
623,0.632328031,0.633027523,0.711228266,0.711864407,0.61966065,0.62037037,0.623136232,0.623853211
624,0.632328031,0.633027523,0.691637986,0.692307692,0.61966065,0.62037037,0.629425307,0.630136986
625,0.632328031,0.633027523,0.683072374,0.683760684,0.61966065,0.62037037,0.629425307,0.630136986
626,0.632328031,0.633027523,0.671711194,0.672413793,0.61966065,0.62037037,0.635657432,0.636363636
627,0.632328031,0.633027523,0.688379628,0.68907563,0.638575299,0.639269406,0.635657432,0.636363636
628,0.632328031,0.633027523,0.688680711,0.689361702,0.632328031,0.633027523,0.623136232,0.623853211
629,0.632328031,0.633027523,0.682614913,0.683333333,0.626023412,0.626728111,0.632765868,0.633484163
630,0.632328031,0.633027523,0.691637986,0.692307692,0.61966065,0.62037037,0.629425307,0.630136986
631,0.632328031,0.633027523,0.697210007,0.69787234,0.626023412,0.626728111,0.629425307,0.630136986
632,0.632328031,0.633027523,0.683072374,0.683760684,0.638575299,0.639269406,0.623136232,0.623853211
633,0.632328031,0.633027523,0.683072374,0.683760684,0.61966065,0.62037037,0.623136232,0.623853211
634,0.632328031,0.633027523,0.71602387,0.716666667,0.61966065,0.62037037,0.635657432,0.636363636
635,0.632328031,0.633027523,0.668813836,0.669527897,0.638575299,0.639269406,0.623136232,0.623853211
636,0.632328031,0.633027523,0.683072374,0.683760684,0.626023412,0.626728111,0.623136232,0.623853211
637,0.632328031,0.633027523,0.6968018,0.697478992,0.61966065,0.62037037,0.629425307,0.630136986
638,0.632328031,0.633027523,0.718362433,0.719008264,0.632328031,0.633027523,0.629425307,0.630136986
639,0.632328031,0.633027523,0.710078975,0.710743802,0.626023412,0.626728111,0.635657432,0.636363636
640,0.632328031,0.633027523,0.719033493,0.719665272,0.626023412,0.626728111,0.629425307,0.630136986
641,0.632328031,0.633027523,0.717707749,0.718367347,0.585828938,0.586538462,0.635657432,0.636363636
642,0.632328031,0.633027523,0.639269508,0.64,0.626023412,0.626728111,0.623136232,0.623853211
643,0.632328031,0.633027523,0.731891566,0.732510288,0.626023412,0.626728111,0.623136232,0.623853211
644,0.632328031,0.633027523,0.651264451,0.651982379,0.626023412,0.626728111,0.623136232,0.623853211
645,0.632328031,0.633027523,0.726645891,0.727272727,0.61966065,0.62037037,0.623136232,0.623853211
646,0.632328031,0.633027523,0.724376109,0.725,0.626023412,0.626728111,0.629425307,0.630136986
647,0.632328031,0.633027523,0.724376109,0.725,0.626023412,0.626728111,0.641833377,0.642533937
648,0.632328031,0.633027523,0.727420553,0.728033473,0.638575299,0.639269406,0.635657432,0.636363636
649,0.632328031,0.633027523,0.727420553,0.728033473,0.626023412,0.626728111,0.623136232,0.623853211
650,0.632328031,0.633027523,0.732728348,0.733333333,0.61966065,0.62037037,0.623136232,0.623853211
651,0.632328031,0.633027523,0.731891566,0.732510288,0.626023412,0.626728111,0.623136232,0.623853211
652,0.632328031,0.633027523,0.62706024,0.627802691,0.626023412,0.626728111,0.623136232,0.623853211
653,0.632328031,0.633027523,0.721356839,0.721991701,0.626023412,0.626728111,0.623136232,0.623853211
654,0.632328031,0.633027523,0.731891566,0.732510288,0.61966065,0.62037037,0.623136232,0.623853211
655,0.692343993,0.692982456,0.721356839,0.721991701,0.61966065,0.62037037,0.623136232,0.623853211
656,0.632328031,0.633027523,0.660153168,0.660869565,0.61966065,0.62037037,0.623136232,0.623853211
657,0.632328031,0.633027523,0.660153168,0.660869565,0.626023412,0.626728111,0.617440303,0.618181818
658,0.632328031,0.633027523,0.731891566,0.732510288,0.61966065,0.62037037,0.613944432,0.614678899
659,0.632328031,0.633027523,0.726645891,0.727272727,0.638575299,0.639269406,0.626548868,0.627272727
660,0.632328031,0.633027523,0.731891566,0.732510288,0.626023412,0.626728111,0.629425307,0.630136986
661,0.632328031,0.633027523,0.731891566,0.732510288,0.656980722,0.657657658,0.626548868,0.627272727
662,0.632328031,0.633027523,0.648393135,0.649122807,0.626023412,0.626728111,0.629425307,0.630136986
663,0.632328031,0.633027523,0.624245486,0.625,0.626023412,0.626728111,0.632765868,0.633484163
664,0.632328031,0.633027523,0.624245486,0.625,0.626023412,0.626728111,0.626548868,0.627272727
665,0.632328031,0.633027523,0.648393135,0.649122807,0.61966065,0.62037037,0.623698358,0.624434389
666,0.632328031,0.633027523,0.624245486,0.625,0.626023412,0.626728111,0.629425307,0.630136986
667,0.632328031,0.633027523,0.648393135,0.649122807,0.61966065,0.62037037,0.635657432,0.636363636
668,0.632328031,0.633027523,0.721356839,0.721991701,0.61966065,0.62037037,0.635657432,0.636363636
669,0.626023412,0.626728111,0.729674545,0.730290456,0.644765996,0.645454545,0.629425307,0.630136986
670,0.632328031,0.633027523,0.737992251,0.738589212,0.656980722,0.657657658,0.635657432,0.636363636
671,0.632328031,0.633027523,0.737992251,0.738589212,0.626023412,0.626728111,0.629425307,0.630136986
672,0.632328031,0.633027523,0.651264451,0.651982379,0.626023412,0.626728111,0.629425307,0.630136986
673,0.632328031,0.633027523,0.727420553,0.728033473,0.638575299,0.639269406,0.607555433,0.608294931
674,0.632328031,0.633027523,0.727420553,0.728033473,0.626023412,0.626728111,0.626548868,0.627272727
675,0.632328031,0.633027523,0.648393135,0.649122807,0.61966065,0.62037037,0.620275314,0.621004566
676,0.632328031,0.633027523,0.694241694,0.694915254,0.644765996,0.645454545,0.629425307,0.630136986
677,0.632328031,0.633027523,0.648393135,0.649122807,0.638575299,0.639269406,0.641833377,0.642533937
678,0.605936865,0.606635071,0.740141056,0.740740741,0.626023412,0.626728111,0.629425307,0.630136986
679,0.632328031,0.633027523,0.737992251,0.738589212,0.626023412,0.626728111,0.613944432,0.614678899
680,0.632328031,0.633027523,0.732728348,0.733333333,0.638575299,0.639269406,0.607555433,0.608294931
681,0.632328031,0.633027523,0.654298732,0.655021834,0.626023412,0.626728111,0.607555433,0.608294931
682,0.632328031,0.633027523,0.727420553,0.728033473,0.61966065,0.62037037,0.626548868,0.627272727
683,0.612513555,0.613207547,0.727420553,0.728033473,0.61966065,0.62037037,0.617440303,0.618181818
684,0.632328031,0.633027523,0.727420553,0.728033473,0.61966065,0.62037037,0.632765868,0.633484163
685,0.632328031,0.633027523,0.732728348,0.733333333,0.626023412,0.626728111,0.632765868,0.633484163
686,0.632328031,0.633027523,0.629900253,0.630630631,0.626023412,0.626728111,0.613944432,0.614678899
687,0.632328031,0.633027523,0.657183306,0.657894737,0.656980722,0.657657658,0.635657432,0.636363636
688,0.632328031,0.633027523,0.680350373,0.681034483,0.626023412,0.626728111,0.607555433,0.608294931
689,0.632328031,0.633027523,0.651264451,0.651982379,0.626023412,0.626728111,0.607555433,0.608294931
690,0.632328031,0.633027523,0.668867189,0.669565217,0.61966065,0.62037037,0.623136232,0.623853211
691,0.632328031,0.633027523,0.663050663,0.663755459,0.626023412,0.626728111,0.616789423,0.617511521
692,0.632328031,0.633027523,0.734929349,0.73553719,0.626023412,0.626728111,0.629425307,0.630136986
693,0.632328031,0.633027523,0.624245486,0.625,0.61966065,0.62037037,0.616789423,0.617511521
694,0.632328031,0.633027523,0.694241694,0.694915254,0.61966065,0.62037037,0.629425307,0.630136986
695,0.632328031,0.633027523,0.697210007,0.69787234,0.61966065,0.62037037,0.623136232,0.623853211
696,0.632328031,0.633027523,0.651264451,0.651982379,0.626023412,0.626728111,0.629425307,0.630136986
697,0.632328031,0.633027523,0.697210007,0.69787234,0.61966065,0.62037037,0.623136232,0.623853211
698,0.605936865,0.606635071,0.657183306,0.657894737,0.626023412,0.626728111,0.626548868,0.627272727
699,0.612513555,0.613207547,0.702259374,0.70292887,0.626023412,0.626728111,0.629425307,0.630136986
700,0.632328031,0.633027523,0.654298732,0.655021834,0.626023412,0.626728111,0.626548868,0.627272727
701,0.632328031,0.633027523,0.660153168,0.660869565,0.626023412,0.626728111,0.626548868,0.627272727
702,0.632328031,0.633027523,0.630362582,0.631111111,0.626023412,0.626728111,0.635657432,0.636363636
703,0.632328031,0.633027523,0.618073739,0.618834081,0.626023412,0.626728111,0.623136232,0.623853211
704,0.632328031,0.633027523,0.630362582,0.631111111,0.626023412,0.626728111,0.623136232,0.623853211
705,0.632328031,0.633027523,0.663050663,0.663755459,0.626023412,0.626728111,0.629425307,0.630136986
706,0.632328031,0.633027523,0.657183306,0.657894737,0.626023412,0.626728111,0.623136232,0.623853211
707,0.632328031,0.633027523,0.636425752,0.637168142,0.626023412,0.626728111,0.629425307,0.630136986
708,0.632328031,0.633027523,0.648393135,0.649122807,0.626023412,0.626728111,0.620275314,0.621004566
709,0.605936865,0.606635071,0.642435703,0.643171806,0.626023412,0.626728111,0.623136232,0.623853211
710,0.612513555,0.613207547,0.654298732,0.655021834,0.61966065,0.62037037,0.616789423,0.617511521
711,0.632328031,0.633027523,0.648393135,0.649122807,0.61966065,0.62037037,0.623136232,0.623853211
712,0.612513555,0.613207547,0.686018312,0.686695279,0.626023412,0.626728111,0.623136232,0.623853211
713,0.632328031,0.633027523,0.651264451,0.651982379,0.61966065,0.62037037,0.623136232,0.623853211
714,0.605936865,0.606635071,0.621455657,0.622222222,0.626023412,0.626728111,0.623136232,0.623853211
715,0.632328031,0.633027523,0.633606955,0.634361233,0.61966065,0.62037037,0.623136232,0.623853211
716,0.632328031,0.633027523,0.648176434,0.648888889,0.626023412,0.626728111,0.626548868,0.627272727
717,0.632328031,0.633027523,0.62706024,0.627802691,0.626023412,0.626728111,0.623136232,0.623853211
718,0.632328031,0.633027523,0.621455657,0.622222222,0.626023412,0.626728111,0.629425307,0.630136986
719,0.632328031,0.633027523,0.654161081,0.654867257,0.71490709,0.715517241,0.632765868,0.633484163
720,0.632328031,0.633027523,0.660153168,0.660869565,0.720427264,0.721030043,0.629425307,0.630136986
721,0.632328031,0.633027523,0.654298732,0.655021834,0.71490709,0.715517241,0.629425307,0.630136986
722,0.638575299,0.639269406,0.651264451,0.651982379,0.71490709,0.715517241,0.623136232,0.623853211
723,0.632328031,0.633027523,0.657183306,0.657894737,0.71490709,0.715517241,0.629425307,0.630136986
724,0.632328031,0.633027523,0.677416074,0.678111588,0.71490709,0.715517241,0.629425307,0.630136986
725,0.632328031,0.633027523,0.639602963,0.640350877,0.71490709,0.715517241,0.623136232,0.623853211
726,0.632328031,0.633027523,0.645546801,0.64628821,0.71490709,0.715517241,0.632765868,0.633484163
727,0.632328031,0.633027523,0.648393135,0.649122807,0.71490709,0.715517241,0.626548868,0.627272727
728,0.626023412,0.626728111,0.699755918,0.700421941,0.71490709,0.715517241,0.638927076,0.63963964
729,0.632328031,0.633027523,0.648393135,0.649122807,0.71490709,0.715517241,0.641833377,0.642533937
730,0.632328031,0.633027523,0.633606955,0.634361233,0.71490709,0.715517241,0.620275314,0.621004566
731,0.632328031,0.633027523,0.705223972,0.705882353,0.71490709,0.715517241,0.635657432,0.636363636
732,0.644765996,0.645454545,0.688680711,0.689361702,0.71490709,0.715517241,0.632765868,0.633484163
733,0.632328031,0.633027523,0.694241694,0.694915254,0.71490709,0.715517241,0.623136232,0.623853211
734,0.632328031,0.633027523,0.663072015,0.663793103,0.71490709,0.715517241,0.623136232,0.623853211
735,0.632328031,0.633027523,0.702259374,0.70292887,0.71490709,0.715517241,0.623136232,0.623853211
736,0.632328031,0.633027523,0.710646434,0.711297071,0.71490709,0.715517241,0.623136232,0.623853211
737,0.644765996,0.645454545,0.654298732,0.655021834,0.71490709,0.715517241,0.623136232,0.623853211
738,0.632328031,0.633027523,0.705223972,0.705882353,0.71490709,0.715517241,0.623136232,0.623853211
739,0.632328031,0.633027523,0.688379628,0.68907563,0.71490709,0.715517241,0.629425307,0.630136986
740,0.632328031,0.633027523,0.642435703,0.643171806,0.720427264,0.721030043,0.623136232,0.623853211
741,0.632328031,0.633027523,0.710646434,0.711297071,0.71490709,0.715517241,0.623136232,0.623853211
742,0.632328031,0.633027523,0.642435703,0.643171806,0.71490709,0.715517241,0.623136232,0.623853211
743,0.632328031,0.633027523,0.694241694,0.694915254,0.71490709,0.715517241,0.620275314,0.621004566
744,0.632328031,0.633027523,0.708213498,0.708860759,0.71490709,0.715517241,0.635657432,0.636363636
745,0.632328031,0.633027523,0.708213498,0.708860759,0.71490709,0.715517241,0.635657432,0.636363636
746,0.632328031,0.633027523,0.710646434,0.711297071,0.720427264,0.721030043,0.623136232,0.623853211
747,0.632328031,0.633027523,0.663050663,0.663755459,0.71490709,0.715517241,0.623136232,0.623853211
748,0.632328031,0.633027523,0.645293416,0.646017699,0.71490709,0.715517241,0.635657432,0.636363636
749,0.632328031,0.633027523,0.691637986,0.692307692,0.71490709,0.715517241,0.635657432,0.636363636
750,0.632328031,0.633027523,0.699755918,0.700421941,0.71490709,0.715517241,0.635657432,0.636363636
751,0.632328031,0.633027523,0.699755918,0.700421941,0.709339299,0.70995671,0.629425307,0.630136986
752,0.632328031,0.633027523,0.665957105,0.666666667,0.720427264,0.721030043,0.629425307,0.630136986
753,0.632328031,0.633027523,0.674633544,0.675324675,0.709339299,0.70995671,0.629425307,0.630136986
754,0.632328031,0.633027523,0.657183306,0.657894737,0.71490709,0.715517241,0.629425307,0.630136986
755,0.632328031,0.633027523,0.708213498,0.708860759,0.71490709,0.715517241,0.629425307,0.630136986
756,0.632328031,0.633027523,0.680350373,0.681034483,0.71490709,0.715517241,0.623136232,0.623853211
757,0.632328031,0.633027523,0.665973478,0.666666667,0.71490709,0.715517241,0.620275314,0.621004566
758,0.632328031,0.633027523,0.660153168,0.660869565,0.71490709,0.715517241,0.623136232,0.623853211
759,0.632328031,0.633027523,0.710646434,0.711297071,0.71490709,0.715517241,0.620275314,0.621004566
760,0.632328031,0.633027523,0.663092825,0.663829787,0.71490709,0.715517241,0.620275314,0.621004566
761,0.632328031,0.633027523,0.699755918,0.700421941,0.709339299,0.70995671,0.626548868,0.627272727
762,0.632328031,0.633027523,0.690967152,0.691666667,0.71490709,0.715517241,0.620275314,0.621004566
763,0.632328031,0.633027523,0.61529895,0.616071429,0.71490709,0.715517241,0.629425307,0.630136986
764,0.632328031,0.633027523,0.645793657,0.646551724,0.703723275,0.704347826,0.623136232,0.623853211
765,0.632328031,0.633027523,0.65737554,0.658119658,0.709339299,0.70995671,0.616789423,0.617511521
766,0.632328031,0.633027523,0.660153168,0.660869565,0.71490709,0.715517241,0.613944432,0.614678899
767,0.632328031,0.633027523,0.710646434,0.711297071,0.71490709,0.715517241,0.613944432,0.614678899
768,0.632328031,0.633027523,0.705223972,0.705882353,0.71490709,0.715517241,0.613944432,0.614678899
769,0.632328031,0.633027523,0.663050663,0.663755459,0.71490709,0.715517241,0.616789423,0.617511521
770,0.632328031,0.633027523,0.710646434,0.711297071,0.71490709,0.715517241,0.620275314,0.621004566
771,0.632328031,0.633027523,0.654298732,0.655021834,0.71490709,0.715517241,0.623136232,0.623853211
772,0.632328031,0.633027523,0.648393135,0.649122807,0.71490709,0.715517241,0.626548868,0.627272727
773,0.632328031,0.633027523,0.686018312,0.686695279,0.71490709,0.715517241,0.620275314,0.621004566
774,0.632328031,0.633027523,0.663050663,0.663755459,0.71490709,0.715517241,0.623136232,0.623853211
775,0.632328031,0.633027523,0.705739302,0.706382979,0.71490709,0.715517241,0.623136232,0.623853211
776,0.632328031,0.633027523,0.680350373,0.681034483,0.71490709,0.715517241,0.613944432,0.614678899
777,0.632328031,0.633027523,0.665973478,0.666666667,0.71490709,0.715517241,0.626548868,0.627272727
778,0.632328031,0.633027523,0.645293416,0.646017699,0.71490709,0.715517241,0.613944432,0.614678899
779,0.632328031,0.633027523,0.70273498,0.703389831,0.720427264,0.721030043,0.638927076,0.63963964
780,0.632328031,0.633027523,0.708213498,0.708860759,0.71490709,0.715517241,0.635657432,0.636363636
781,0.626023412,0.626728111,0.710646434,0.711297071,0.71490709,0.715517241,0.635657432,0.636363636
782,0.632328031,0.633027523,0.642435703,0.643171806,0.71490709,0.715517241,0.635657432,0.636363636
783,0.632328031,0.633027523,0.660153168,0.660869565,0.71490709,0.715517241,0.641833377,0.642533937
784,0.632328031,0.633027523,0.710646434,0.711297071,0.71490709,0.715517241,0.635657432,0.636363636
785,0.632328031,0.633027523,0.697210007,0.69787234,0.71490709,0.715517241,0.635657432,0.636363636
786,0.632328031,0.633027523,0.713646145,0.714285714,0.71490709,0.715517241,0.635657432,0.636363636
787,0.632328031,0.633027523,0.713646145,0.714285714,0.71490709,0.715517241,0.635657432,0.636363636
788,0.632328031,0.633027523,0.713646145,0.714285714,0.71490709,0.715517241,0.632765868,0.633484163
789,0.632328031,0.633027523,0.648176434,0.648888889,0.71490709,0.715517241,0.632765868,0.633484163
790,0.632328031,0.633027523,0.699755918,0.700421941,0.703723275,0.704347826,0.638927076,0.63963964
791,0.632328031,0.633027523,0.710646434,0.711297071,0.71490709,0.715517241,0.626548868,0.627272727
792,0.632328031,0.633027523,0.660153168,0.660869565,0.709339299,0.70995671,0.626548868,0.627272727
793,0.632328031,0.633027523,0.702259374,0.70292887,0.709339299,0.70995671,0.632765868,0.633484163
794,0.632328031,0.633027523,0.665957105,0.666666667,0.71490709,0.715517241,0.632765868,0.633484163
795,0.632328031,0.633027523,0.702259374,0.70292887,0.71490709,0.715517241,0.632765868,0.633484163
796,0.632328031,0.633027523,0.70767163,0.708333333,0.71490709,0.715517241,0.632765868,0.633484163
797,0.632328031,0.633027523,0.705223972,0.705882353,0.71490709,0.715517241,0.632765868,0.633484163
798,0.632328031,0.633027523,0.680350373,0.681034483,0.71490709,0.715517241,0.638927076,0.63963964
799,0.632328031,0.633027523,0.651439147,0.652173913,0.71490709,0.715517241,0.64503324,0.64573991
800,0.632328031,0.633027523,0.680350373,0.681034483,0.71490709,0.715517241,0.632765868,0.633484163
801,0.626023412,0.626728111,0.663050663,0.663755459,0.71490709,0.715517241,0.632765868,0.633484163
802,0.632328031,0.633027523,0.691637986,0.692307692,0.720427264,0.721030043,0.632765868,0.633484163
803,0.632328031,0.633027523,0.713646145,0.714285714,0.71490709,0.715517241,0.632765868,0.633484163
804,0.632328031,0.633027523,0.713646145,0.714285714,0.71490709,0.715517241,0.632765868,0.633484163
805,0.632328031,0.633027523,0.657183306,0.657894737,0.71490709,0.715517241,0.632765868,0.633484163
806,0.632328031,0.633027523,0.710646434,0.711297071,0.71490709,0.715517241,0.638927076,0.63963964
807,0.632328031,0.633027523,0.705223972,0.705882353,0.71490709,0.715517241,0.632765868,0.633484163
808,0.632328031,0.633027523,0.654298732,0.655021834,0.71490709,0.715517241,0.638927076,0.63963964
809,0.638575299,0.639269406,0.710646434,0.711297071,0.71490709,0.715517241,0.638927076,0.63963964
810,0.644765996,0.645454545,0.721356839,0.721991701,0.71490709,0.715517241,0.632765868,0.633484163
811,0.650900887,0.65158371,0.705223972,0.705882353,0.71490709,0.715517241,0.632765868,0.633484163
812,0.632328031,0.633027523,0.705223972,0.705882353,0.71490709,0.715517241,0.620275314,0.621004566
813,0.638575299,0.639269406,0.660153168,0.660869565,0.71490709,0.715517241,0.632765868,0.633484163
814,0.638575299,0.639269406,0.694241694,0.694915254,0.71490709,0.715517241,0.629425307,0.630136986
815,0.632328031,0.633027523,0.699755918,0.700421941,0.71490709,0.715517241,0.632765868,0.633484163
816,0.632328031,0.633027523,0.699755918,0.700421941,0.71490709,0.715517241,0.632765868,0.633484163
817,0.644765996,0.645454545,0.700203597,0.700854701,0.71490709,0.715517241,0.632765868,0.633484163
818,0.663006241,0.66367713,0.686018312,0.686695279,0.720427264,0.721030043,0.626548868,0.627272727
819,0.632328031,0.633027523,0.660153168,0.660869565,0.720427264,0.721030043,0.626548868,0.627272727
820,0.674897211,0.675555556,0.680151416,0.680851064,0.720427264,0.721030043,0.626548868,0.627272727
821,0.680764074,0.681415929,0.677416074,0.678111588,0.71490709,0.715517241,0.623136232,0.623853211
822,0.650900887,0.65158371,0.668867189,0.669565217,0.720427264,0.721030043,0.635657432,0.636363636
823,0.686579443,0.68722467,0.708213498,0.708860759,0.720427264,0.721030043,0.64503324,0.64573991
824,0.680764074,0.681415929,0.699755918,0.700421941,0.720427264,0.721030043,0.638927076,0.63963964
825,0.650900887,0.65158371,0.71602387,0.716666667,0.720427264,0.721030043,0.629425307,0.630136986
826,0.668978166,0.669642857,0.70767163,0.708333333,0.720427264,0.721030043,0.638927076,0.63963964
827,0.663006241,0.66367713,0.70767163,0.708333333,0.720427264,0.721030043,0.629425307,0.630136986
828,0.663006241,0.66367713,0.70273498,0.703389831,0.720427264,0.721030043,0.629425307,0.630136986
829,0.674897211,0.675555556,0.710646434,0.711297071,0.71490709,0.715517241,0.626548868,0.627272727
830,0.644765996,0.645454545,0.651264451,0.651982379,0.71490709,0.715517241,0.620275314,0.621004566
831,0.632328031,0.633027523,0.663050663,0.663755459,0.71490709,0.715517241,0.623136232,0.623853211
832,0.632328031,0.633027523,0.713646145,0.714285714,0.71490709,0.715517241,0.626548868,0.627272727
833,0.632328031,0.633027523,0.721356839,0.721991701,0.71490709,0.715517241,0.629425307,0.630136986
834,0.632328031,0.633027523,0.710646434,0.711297071,0.71490709,0.715517241,0.623136232,0.623853211
835,0.632328031,0.633027523,0.713646145,0.714285714,0.71490709,0.715517241,0.623136232,0.623853211
836,0.632328031,0.633027523,0.708213498,0.708860759,0.71490709,0.715517241,0.635657432,0.636363636
837,0.638575299,0.639269406,0.624245486,0.625,0.71490709,0.715517241,0.635657432,0.636363636
838,0.632328031,0.633027523,0.674633544,0.675324675,0.720427264,0.721030043,0.616789423,0.617511521
839,0.632328031,0.633027523,0.668867189,0.669565217,0.71490709,0.715517241,0.629425307,0.630136986
840,0.632328031,0.633027523,0.711228266,0.711864407,0.71490709,0.715517241,0.635657432,0.636363636
841,0.632328031,0.633027523,0.677581211,0.67826087,0.71490709,0.715517241,0.623136232,0.623853211
842,0.632328031,0.633027523,0.700203597,0.700854701,0.71490709,0.715517241,0.629425307,0.630136986
843,0.632328031,0.633027523,0.660093199,0.660792952,0.71490709,0.715517241,0.629425307,0.630136986
844,0.632328031,0.633027523,0.665973478,0.666666667,0.720427264,0.721030043,0.623136232,0.623853211
845,0.599297796,0.6,0.711228266,0.711864407,0.71490709,0.715517241,0.623136232,0.623853211
846,0.638575299,0.639269406,0.713646145,0.714285714,0.71490709,0.715517241,0.616789423,0.617511521
847,0.644765996,0.645454545,0.708213498,0.708860759,0.71490709,0.715517241,0.616789423,0.617511521
848,0.644765996,0.645454545,0.686018312,0.686695279,0.71490709,0.715517241,0.623136232,0.623853211
849,0.632328031,0.633027523,0.708213498,0.708860759,0.709339299,0.70995671,0.623136232,0.623853211
850,0.644765996,0.645454545,0.713646145,0.714285714,0.71490709,0.715517241,0.623136232,0.623853211
851,0.612513555,0.613207547,0.708213498,0.708860759,0.71490709,0.715517241,0.629425307,0.630136986
852,0.650900887,0.65158371,0.724376109,0.725,0.709339299,0.70995671,0.616789423,0.617511521
853,0.638575299,0.639269406,0.713646145,0.714285714,0.709339299,0.70995671,0.623136232,0.623853211
854,0.644765996,0.645454545,0.721356839,0.721991701,0.720427264,0.721030043,0.623136232,0.623853211
855,0.644765996,0.645454545,0.721356839,0.721991701,0.71490709,0.715517241,0.623136232,0.623853211
856,0.638575299,0.639269406,0.705223972,0.705882353,0.71490709,0.715517241,0.623136232,0.623853211
857,0.644765996,0.645454545,0.71602387,0.716666667,0.71490709,0.715517241,0.629425307,0.630136986
858,0.632328031,0.633027523,0.71602387,0.716666667,0.71490709,0.715517241,0.626548868,0.627272727
859,0.650900887,0.65158371,0.713646145,0.714285714,0.720427264,0.721030043,0.623136232,0.623853211
860,0.638575299,0.639269406,0.719033493,0.719665272,0.71490709,0.715517241,0.629425307,0.630136986
861,0.638575299,0.639269406,0.724376109,0.725,0.71490709,0.715517241,0.623136232,0.623853211
862,0.632328031,0.633027523,0.721356839,0.721991701,0.720427264,0.721030043,0.623136232,0.623853211
863,0.632328031,0.633027523,0.71602387,0.716666667,0.71490709,0.715517241,0.616789423,0.617511521
864,0.632328031,0.633027523,0.721356839,0.721991701,0.709339299,0.70995671,0.623136232,0.623853211
865,0.632328031,0.633027523,0.719033493,0.719665272,0.71490709,0.715517241,0.635657432,0.636363636
866,0.626023412,0.626728111,0.724376109,0.725,0.709339299,0.70995671,0.620275314,0.621004566
867,0.632328031,0.633027523,0.724376109,0.725,0.709339299,0.70995671,0.626548868,0.627272727
868,0.61966065,0.62037037,0.724376109,0.725,0.71490709,0.715517241,0.620275314,0.621004566
869,0.650900887,0.65158371,0.721356839,0.721991701,0.720427264,0.721030043,0.623136232,0.623853211
870,0.638575299,0.639269406,0.737992251,0.738589212,0.71490709,0.715517241,0.629425307,0.630136986
871,0.644765996,0.645454545,0.732728348,0.733333333,0.71490709,0.715517241,0.620275314,0.621004566
872,0.632328031,0.633027523,0.734929349,0.73553719,0.709339299,0.70995671,0.613944432,0.614678899
873,0.638575299,0.639269406,0.728878595,0.729508197,0.720427264,0.721030043,0.613944432,0.614678899
874,0.632328031,0.633027523,0.725890133,0.726530612,0.71490709,0.715517241,0.623136232,0.623853211
875,0.632328031,0.633027523,0.734929349,0.73553719,0.709339299,0.70995671,0.620275314,0.621004566
876,0.632328031,0.633027523,0.734929349,0.73553719,0.71490709,0.715517241,0.613944432,0.614678899
877,0.638575299,0.639269406,0.724376109,0.725,0.71490709,0.715517241,0.613944432,0.614678899
878,0.638575299,0.639269406,0.713039133,0.713692946,0.71490709,0.715517241,0.613944432,0.614678899
879,0.644765996,0.645454545,0.719033493,0.719665272,0.709339299,0.70995671,0.613944432,0.614678899
880,0.632328031,0.633027523,0.723642075,0.724279835,0.71490709,0.715517241,0.620275314,0.621004566
881,0.626023412,0.626728111,0.724376109,0.725,0.709339299,0.70995671,0.620275314,0.621004566
882,0.626023412,0.626728111,0.729674545,0.730290456,0.71490709,0.715517241,0.620275314,0.621004566
883,0.626023412,0.626728111,0.719033493,0.719665272,0.720427264,0.721030043,0.620275314,0.621004566
884,0.626023412,0.626728111,0.729674545,0.730290456,0.71490709,0.715517241,0.620275314,0.621004566
885,0.632328031,0.633027523,0.721356839,0.721991701,0.709339299,0.70995671,0.620275314,0.621004566
886,0.626023412,0.626728111,0.71602387,0.716666667,0.71490709,0.715517241,0.623136232,0.623853211
887,0.632328031,0.633027523,0.71602387,0.716666667,0.71490709,0.715517241,0.623136232,0.623853211
888,0.632328031,0.633027523,0.727420553,0.728033473,0.71490709,0.715517241,0.623136232,0.623853211
889,0.632328031,0.633027523,0.727420553,0.728033473,0.71490709,0.715517241,0.620275314,0.621004566
890,0.626023412,0.626728111,0.718362433,0.719008264,0.703723275,0.704347826,0.623136232,0.623853211
891,0.632328031,0.633027523,0.723642075,0.724279835,0.703723275,0.704347826,0.620275314,0.621004566
892,0.638575299,0.639269406,0.714175494,0.714859438,0.709339299,0.70995671,0.620275314,0.621004566
893,0.638575299,0.639269406,0.729674545,0.730290456,0.709339299,0.70995671,0.620275314,0.621004566
894,0.644765996,0.645454545,0.722925883,0.723577236,0.709339299,0.70995671,0.623136232,0.623853211
895,0.644765996,0.645454545,0.732728348,0.733333333,0.709339299,0.70995671,0.613944432,0.614678899
896,0.632328031,0.633027523,0.724376109,0.725,0.703723275,0.704347826,0.623136232,0.623853211
897,0.638575299,0.639269406,0.729674545,0.730290456,0.709339299,0.70995671,0.623136232,0.623853211
898,0.644765996,0.645454545,0.724376109,0.725,0.703723275,0.704347826,0.623136232,0.623853211
899,0.638575299,0.639269406,0.726645891,0.727272727,0.709339299,0.70995671,0.623136232,0.623853211
900,0.638575299,0.639269406,0.725890133,0.726530612,0.703723275,0.704347826,0.623136232,0.623853211
901,0.644765996,0.645454545,0.729674545,0.730290456,0.703723275,0.704347826,0.623136232,0.623853211
902,0.644765996,0.645454545,0.719033493,0.719665272,0.703723275,0.704347826,0.623136232,0.623853211
903,0.632328031,0.633027523,0.713039133,0.713692946,0.703723275,0.704347826,0.623136232,0.623853211
904,0.632328031,0.633027523,0.724376109,0.725,0.709339299,0.70995671,0.623136232,0.623853211
905,0.632328031,0.633027523,0.715392585,0.716049383,0.703723275,0.704347826,0.623136232,0.623853211
906,0.632328031,0.633027523,0.699755918,0.700421941,0.703723275,0.704347826,0.616789423,0.617511521
907,0.650900887,0.65158371,0.734929349,0.73553719,0.703723275,0.704347826,0.623136232,0.623853211
908,0.650900887,0.65158371,0.709525365,0.710204082,0.709339299,0.70995671,0.623136232,0.623853211
909,0.644765996,0.645454545,0.721356839,0.721991701,0.703723275,0.704347826,0.623136232,0.623853211
910,0.638575299,0.639269406,0.734929349,0.73553719,0.71490709,0.715517241,0.610384081,0.611111111
911,0.644765996,0.645454545,0.718362433,0.719008264,0.71490709,0.715517241,0.616789423,0.617511521
912,0.650900887,0.65158371,0.729674545,0.730290456,0.71490709,0.715517241,0.626548868,0.627272727
913,0.650900887,0.65158371,0.712446994,0.713114754,0.71490709,0.715517241,0.623136232,0.623853211
914,0.632328031,0.633027523,0.724376109,0.725,0.71490709,0.715517241,0.623136232,0.623853211
915,0.638575299,0.639269406,0.734929349,0.73553719,0.71490709,0.715517241,0.623136232,0.623853211
916,0.632328031,0.633027523,0.734929349,0.73553719,0.71490709,0.715517241,0.623136232,0.623853211
917,0.632328031,0.633027523,0.723642075,0.724279835,0.71490709,0.715517241,0.623136232,0.623853211
918,0.632328031,0.633027523,0.728878595,0.729508197,0.71490709,0.715517241,0.623136232,0.623853211
919,0.632328031,0.633027523,0.724376109,0.725,0.720427264,0.721030043,0.623136232,0.623853211
920,0.638575299,0.639269406,0.729674545,0.730290456,0.71490709,0.715517241,0.629425307,0.630136986
921,0.650900887,0.65158371,0.720662795,0.721311475,0.71490709,0.715517241,0.623136232,0.623853211
922,0.632328031,0.633027523,0.731891566,0.732510288,0.71490709,0.715517241,0.623136232,0.623853211
923,0.650900887,0.65158371,0.717707749,0.718367347,0.71490709,0.715517241,0.623136232,0.623853211
924,0.638575299,0.639269406,0.726645891,0.727272727,0.71490709,0.715517241,0.623136232,0.623853211
925,0.650900887,0.65158371,0.726645891,0.727272727,0.71490709,0.715517241,0.623136232,0.623853211
926,0.626023412,0.626728111,0.713039133,0.713692946,0.720427264,0.721030043,0.629425307,0.630136986
927,0.626023412,0.626728111,0.718362433,0.719008264,0.71490709,0.715517241,0.616789423,0.617511521
928,0.632328031,0.633027523,0.713039133,0.713692946,0.720427264,0.721030043,0.623136232,0.623853211
929,0.644765996,0.645454545,0.721356839,0.721991701,0.71490709,0.715517241,0.623136232,0.623853211
930,0.650900887,0.65158371,0.718362433,0.719008264,0.709339299,0.70995671,0.623136232,0.623853211
931,0.632328031,0.633027523,0.728878595,0.729508197,0.709339299,0.70995671,0.623136232,0.623853211
932,0.644765996,0.645454545,0.718362433,0.719008264,0.720427264,0.721030043,0.623136232,0.623853211
933,0.644765996,0.645454545,0.731891566,0.732510288,0.703723275,0.704347826,0.623136232,0.623853211
934,0.650900887,0.65158371,0.726645891,0.727272727,0.71490709,0.715517241,0.623136232,0.623853211
935,0.650900887,0.65158371,0.724376109,0.725,0.71490709,0.715517241,0.623136232,0.623853211
936,0.650900887,0.65158371,0.724376109,0.725,0.71490709,0.715517241,0.623136232,0.623853211
937,0.632328031,0.633027523,0.729674545,0.730290456,0.71490709,0.715517241,0.623136232,0.623853211
938,0.632328031,0.633027523,0.729674545,0.730290456,0.71490709,0.715517241,0.623136232,0.623853211
939,0.632328031,0.633027523,0.734929349,0.73553719,0.71490709,0.715517241,0.623136232,0.623853211
940,0.632328031,0.633027523,0.734929349,0.73553719,0.71490709,0.715517241,0.623136232,0.623853211
941,0.632328031,0.633027523,0.734929349,0.73553719,0.709339299,0.70995671,0.616789423,0.617511521
942,0.632328031,0.633027523,0.729674545,0.730290456,0.71490709,0.715517241,0.623136232,0.623853211
943,0.632328031,0.633027523,0.729674545,0.730290456,0.709339299,0.70995671,0.623136232,0.623853211
944,0.632328031,0.633027523,0.732728348,0.733333333,0.71490709,0.715517241,0.623136232,0.623853211
945,0.632328031,0.633027523,0.729674545,0.730290456,0.720427264,0.721030043,0.623136232,0.623853211
946,0.632328031,0.633027523,0.721356839,0.721991701,0.71490709,0.715517241,0.616789423,0.617511521
947,0.632328031,0.633027523,0.724376109,0.725,0.71490709,0.715517241,0.623136232,0.623853211
948,0.632328031,0.633027523,0.728878595,0.729508197,0.71490709,0.715517241,0.616789423,0.617511521
949,0.638575299,0.639269406,0.721356839,0.721991701,0.71490709,0.715517241,0.623136232,0.623853211
950,0.632328031,0.633027523,0.721356839,0.721991701,0.71490709,0.715517241,0.623136232,0.623853211
951,0.632328031,0.633027523,0.706627405,0.707317073,0.71490709,0.715517241,0.620275314,0.621004566
952,0.632328031,0.633027523,0.729674545,0.730290456,0.71490709,0.715517241,0.620275314,0.621004566
953,0.650900887,0.65158371,0.718362433,0.719008264,0.720427264,0.721030043,0.620275314,0.621004566
954,0.632328031,0.633027523,0.734929349,0.73553719,0.71490709,0.715517241,0.623136232,0.623853211
955,0.644765996,0.645454545,0.734929349,0.73553719,0.71490709,0.715517241,0.623136232,0.623853211
956,0.632328031,0.633027523,0.729674545,0.730290456,0.720427264,0.721030043,0.626548868,0.627272727
957,0.632328031,0.633027523,0.734929349,0.73553719,0.71490709,0.715517241,0.629425307,0.630136986
958,0.632328031,0.633027523,0.724376109,0.725,0.709339299,0.70995671,0.623136232,0.623853211
959,0.638575299,0.639269406,0.734929349,0.73553719,0.71490709,0.715517241,0.623136232,0.623853211
960,0.632328031,0.633027523,0.734929349,0.73553719,0.709339299,0.70995671,0.623136232,0.623853211
961,0.632328031,0.633027523,0.729674545,0.730290456,0.709339299,0.70995671,0.623136232,0.623853211
962,0.632328031,0.633027523,0.734929349,0.73553719,0.709339299,0.70995671,0.623136232,0.623853211
963,0.632328031,0.633027523,0.734929349,0.73553719,0.71490709,0.715517241,0.623136232,0.623853211
964,0.632328031,0.633027523,0.724376109,0.725,0.71490709,0.715517241,0.623136232,0.623853211
965,0.632328031,0.633027523,0.703752829,0.704453441,0.71490709,0.715517241,0.623136232,0.623853211
966,0.632328031,0.633027523,0.729674545,0.730290456,0.71490709,0.715517241,0.623136232,0.623853211
967,0.632328031,0.633027523,0.729674545,0.730290456,0.71490709,0.715517241,0.623136232,0.623853211
968,0.632328031,0.633027523,0.724376109,0.725,0.71490709,0.715517241,0.623136232,0.623853211
969,0.632328031,0.633027523,0.721356839,0.721991701,0.71490709,0.715517241,0.623136232,0.623853211
970,0.632328031,0.633027523,0.715392585,0.716049383,0.71490709,0.715517241,0.623136232,0.623853211
971,0.632328031,0.633027523,0.718362433,0.719008264,0.71490709,0.715517241,0.629425307,0.630136986
972,0.638575299,0.639269406,0.71186919,0.712550607,0.71490709,0.715517241,0.623136232,0.623853211
973,0.644765996,0.645454545,0.717707749,0.718367347,0.71490709,0.715517241,0.623136232,0.623853211
974,0.632328031,0.633027523,0.712446994,0.713114754,0.71490709,0.715517241,0.623136232,0.623853211
975,0.638575299,0.639269406,0.708985102,0.709677419,0.71490709,0.715517241,0.623136232,0.623853211
976,0.632328031,0.633027523,0.713039133,0.713692946,0.71490709,0.715517241,0.623136232,0.623853211
977,0.632328031,0.633027523,0.709525365,0.710204082,0.71490709,0.715517241,0.623136232,0.623853211
978,0.632328031,0.633027523,0.714776644,0.715447154,0.71490709,0.715517241,0.686295232,0.686956522
979,0.638575299,0.639269406,0.719985551,0.720647773,0.71490709,0.715517241,0.683309983,0.683982684
980,0.632328031,0.633027523,0.722925883,0.723577236,0.709339299,0.70995671,0.69462055,0.69527897
981,0.632328031,0.633027523,0.712446994,0.713114754,0.709339299,0.70995671,0.69462055,0.69527897
982,0.632328031,0.633027523,0.715392585,0.716049383,0.709339299,0.70995671,0.700203597,0.700854701
983,0.632328031,0.633027523,0.721356839,0.721991701,0.71490709,0.715517241,0.686295232,0.686956522
984,0.638575299,0.639269406,0.720662795,0.721311475,0.71490709,0.715517241,0.680554524,0.681222707
985,0.632328031,0.633027523,0.721356839,0.721991701,0.71490709,0.715517241,0.683309983,0.683982684
986,0.632328031,0.633027523,0.721356839,0.721991701,0.71490709,0.715517241,0.69462055,0.69527897
987,0.632328031,0.633027523,0.721356839,0.721991701,0.71490709,0.715517241,0.665973478,0.666666667
988,0.632328031,0.633027523,0.726645891,0.727272727,0.71490709,0.715517241,0.67476365,0.675438596
989,0.632328031,0.633027523,0.729674545,0.730290456,0.71490709,0.715517241,0.683309983,0.683982684
990,0.632328031,0.633027523,0.718362433,0.719008264,0.71490709,0.715517241,0.665973478,0.666666667
991,0.638575299,0.639269406,0.734929349,0.73553719,0.71490709,0.715517241,0.648176434,0.648888889
992,0.632328031,0.633027523,0.719985551,0.720647773,0.71490709,0.715517241,0.671802593,0.672489083
993,0.644765996,0.645454545,0.726645891,0.727272727,0.71490709,0.715517241,0.671802593,0.672489083
994,0.638575299,0.639269406,0.721356839,0.721991701,0.71490709,0.715517241,0.677581211,0.67826087
995,0.638575299,0.639269406,0.722925883,0.723577236,0.71490709,0.715517241,0.689306455,0.689956332
996,0.632328031,0.633027523,0.719985551,0.720647773,0.71490709,0.715517241,0.689306455,0.689956332
997,0.632328031,0.633027523,0.719985551,0.720647773,0.71490709,0.715517241,0.689306455,0.689956332
998,0.644765996,0.645454545,0.729674545,0.730290456,0.71490709,0.715517241,0.683309983,0.683982684
999,0.650900887,0.65158371,0.734929349,0.73553719,0.71490709,0.715517241,0.689306455,0.689956332
1000,0.644765996,0.645454545,0.729674545,0.730290456,0.71490709,0.715517241,0.683309983,0.683982684